GlySpec,PepSpec,RawName,Scan,RT,PrecursorMH,PrecursorMZ,Charge,Rank,Peptide,Mod,PeptideMH,"Glycan(H,N,A,F)",GlycanComposition,PlausibleStruct,GlyID,GlyFrag,GlyMass,GlySite,TotalScore,PepScore,GlyScore,CoreMatched,MassDeviation,PPM,GlyIonRatio,byIonRatio,czIonRatio,GlyDecoy,PepDecoy,Ion_163.06,Ion_366.14,Ion_204.09,Ion_138.05,Ion_292.10,Ion_274.09,IsSmallGlycan,GlycanPEP,GlycanFDR,PeptidePEP,PeptideFDR,TotalFDR,Proteins,Genes,ProSites,MonoArea,IsotopeArea,"CorrectedGlycan(H,N,A,F)",CorrectedComposition,CorrectedMonoArea,CorrectedIsotopeArea,ETDScan,LocalizedSiteGroups,LocalizedScore,LocalizedIonRatio,PreLocalizedScore
MS_UNDEP_PL_LAC_bRPLC_NGP_01A.4132.4132.3.0.dta,MS_UNDEP_PL_LAC_bRPLC_NGP_01A.4132.4132.3.0.dta,MS_UNDEP_PL_LAC_bRPLC_NGP_01A,4132,1096.6179,3053.25498,1018.42318,3,1,YKJNSDISSTR,,1284.61786,5 4 0 1,H(5)N(4)F(1),(N(F)(N(H(H(N))(H(N(H(H))))))),659,0 1 0 0;0 1 0 1;0 2 0 0;0 2 0 1;1 2 0 0;1 2 0 1;2 2 0 0;2 2 0 1;2 3 0 0;2 3 0 1;3 2 0 0;3 2 0 1;3 3 0 0;3 3 0 1;4 3 0 0;4 3 0 1;4 4 0 0;4 4 0 1;5 3 0 1;5 4 0 0;,1768.63952,3,73.6924,33.04914,149.17274,9,-0.0024,-0.78565,0.88,0.95,0.0,0,0,0.0,1225335.7,867570.8,1707130.8,0.0,0.0,0,0.0,0.0,-1,0.0,0.0,sp|P01871|IGHM_HUMAN,IGHM,46,6811440.0,33882300.0,,,-1.0,-1.0,-1,,0,0,0
MS_UNDEP_PL_LAC_bRPLC_NGP_01A.4133.4133.3.0.dta,MS_UNDEP_PL_LAC_bRPLC_NGP_01A.4133.4133.3.0.dta,MS_UNDEP_PL_LAC_bRPLC_NGP_01A,4133,1096.77096,2501.04355,834.3527,3,1,YKJNSDISSTR,,1284.61786,5 2 0 0,H(5)N(2),(N(N(H(H)(H(H(H)))))),2249,0 1 0 0;0 2 0 0;1 2 0 0;2 2 0 0;3 2 0 0;4 2 0 0;,1216.42286,3,41.98014,25.97377,71.70625,7,0.00283,1.13156,1.0,0.85,0.0,0,0,56236.3,30687.8,82500.4,84765.7,0.0,0.0,0,8.574854997470342e-201,1.8735444920371421e-202,-1,0.0,1.8735444920371421e-202,sp|P01871|IGHM_HUMAN,IGHM,46,898759.0,4714620.0,,,-1.0,-1.0,-1,,0,0,0
MS_UNDEP_PL_LAC_bRPLC_NGP_01A.4148.4148.3.0.dta,MS_UNDEP_PL_LAC_bRPLC_NGP_01A.4148.4148.3.0.dta,MS_UNDEP_PL_LAC_bRPLC_NGP_01A,4148,1099.14756,2688.12443,896.71299,3,1,YKJNSDISSTR,,1284.61786,4 3 0 1,H(4)N(3)F(1),(N(F)(N(H(H(H))(H(N))))),90,0 1 0 0;0 1 0 1;0 2 0 0;0 2 0 1;1 2 0 0;2 2 0 0;2 2 0 1;3 2 0 0;3 2 0 1;3 3 0 1;4 2 0 1;4 3 0 0;,1403.50732,3,29.78426,12.02012,62.7748,9,-0.00075,-0.27968,0.73684,0.6,0.0,0,0,0.0,185918.8,160600.5,277446.7,0.0,0.0,0,7.436640422211828e-174,1.3279953307413706e-175,-1,0.0,1.3279953307413706e-175,sp|P01871|IGHM_HUMAN,IGHM,46,1880850.0,8929290.0,,,-1.0,-1.0,-1,,0,0,0
MS_UNDEP_PL_LAC_bRPLC_NGP_01A.4176.4176.3.0.dta,MS_UNDEP_PL_LAC_bRPLC_NGP_01A.4176.4176.3.0.dta,MS_UNDEP_PL_LAC_bRPLC_NGP_01A,4176,1103.6058,3157.26529,1053.09328,3,1,YKJNSDISSTR,,1284.61786,6 3 1 0,H(6)N(3)A(1),(N(N(H(H(H)(H))(H(N(H(A))))))),1567,0 1 0 0;0 2 0 0;1 2 0 0;2 2 0 0;2 3 0 0;3 2 0 0;3 3 0 0;4 2 0 0;4 3 0 0;5 2 0 0;5 3 0 0;6 3 0 0;,1872.65047,3,55.72171,31.60973,100.50111,7,-0.00304,-0.96267,0.82353,0.95,0.0,0,0,50044.0,723476.1,947008.3,977105.4,220638.3,624955.0,0,5.234693538730561e-288,1.942964279770445e-289,-1,0.0,1.942964279770445e-289,sp|P01871|IGHM_HUMAN,IGHM,46,12869900.0,63544500.0,,,-1.0,-1.0,-1,,0,0,0
MS_UNDEP_PL_LAC_bRPLC_NGP_01A.4185.4185.3.0.dta,MS_UNDEP_PL_LAC_bRPLC_NGP_01A.4185.4185.3.0.dta,MS_UNDEP_PL_LAC_bRPLC_NGP_01A,4185,1105.09398,3303.32492,1101.77982,3,1,YKJNSDISSTR,,1284.61786,6 3 1 1,H(6)N(3)A(1)F(1),(N(F)(N(H(H(H)(H))(H(N(H(A))))))),21,0 1 0 0;0 1 0 1;0 2 0 0;1 2 0 0;1 2 0 1;2 2 0 0;2 2 0 1;3 2 0 0;3 2 0 1;3 3 0 0;4 2 0 0;4 2 0 1;4 3 0 1;5 2 0 0;5 2 0 1;5 3 0 1;6 3 0 1;,2018.70838,3,25.84645,15.14475,45.72105,7,-0.00132,-0.40027,0.54545,0.7,0.0,0,0,0.0,138098.2,162311.5,190701.3,38008.5,100525.4,0,1.6373931508008385e-122,2.3730335519869033e-124,-1,0.0,2.3730335519869033e-124,sp|P01871|IGHM_HUMAN,IGHM,46,10196200.0,54524900.0,,,-1.0,-1.0,-1,,0,0,0
MS_UNDEP_PL_LAC_bRPLC_NGP_01A.4186.4186.3.0.dta,MS_UNDEP_PL_LAC_bRPLC_NGP_01A.4186.4186.3.0.dta,MS_UNDEP_PL_LAC_bRPLC_NGP_01A,4186,1105.248,2833.16122,945.05859,3,1,YKJNSDISSTR,,1284.61786,4 3 1 0,H(4)N(3)A(1),(N(N(H(H)(H(N(H(A))))))),2270,0 1 0 0;0 2 0 0;1 2 0 0;2 2 0 0;3 2 0 0;3 3 0 0;4 3 0 0;,1548.54483,3,42.15127,31.19203,62.50414,7,-0.00146,-0.51622,0.81818,1.0,0.0,0,0,0.0,153649.2,213536.6,259112.7,50573.7,138571.4,0,4.867796576103384e-173,9.844691160207985e-175,-1,0.0,9.844691160207985e-175,sp|P01871|IGHM_HUMAN,IGHM,46,6565490.0,28634400.0,,,-1.0,-1.0,-1,,0,0,0
MS_UNDEP_PL_LAC_bRPLC_NGP_01A.4213.4213.3.0.dta,MS_UNDEP_PL_LAC_bRPLC_NGP_01A.4213.4213.3.0.dta,MS_UNDEP_PL_LAC_bRPLC_NGP_01A,4213,1109.73624,3141.27205,1047.7622,3,1,YKJNSDISSTR,,1284.61786,5 3 1 1,H(5)N(3)A(1)F(1),(N(F)(N(H(H(H))(H(N(H(A))))))),68,0 1 0 0;0 1 0 1;0 2 0 0;0 2 0 1;1 2 0 0;1 2 0 1;2 2 0 0;2 2 0 1;3 2 0 0;3 2 0 1;3 3 0 1;4 2 0 0;4 2 0 1;4 3 0 0;4 3 0 1;4 3 1 1;5 3 0 0;5 3 0 1;5 3 1 0;,1856.65556,3,51.00608,20.6168,107.44331,9,-0.00137,-0.43638,0.77778,0.8,0.0,0,0,0.0,293985.6,343142.0,414228.1,81195.2,213471.8,0,3.933365836389316e-309,1.8730313509441e-310,-1,0.0,1.8730313509441e-310,sp|P01871|IGHM_HUMAN,IGHM,46,11041800.0,52026900.0,,,-1.0,-1.0,-1,,0,0,0
MS_UNDEP_PL_LAC_bRPLC_NGP_01A.4379.4379.3.0.dta,MS_UNDEP_PL_LAC_bRPLC_NGP_01A.4379.4379.3.0.dta,MS_UNDEP_PL_LAC_bRPLC_NGP_01A,4379,1137.43956,3344.34832,1115.45429,3,1,YKJNSDISSTR,,1284.61786,5 4 1 1,H(5)N(4)A(1)F(1),(N(F)(N(H(H(N(H)))(H(N(H(A))))))),490,0 1 0 0;0 1 0 1;0 2 0 0;0 2 0 1;1 2 0 0;1 2 0 1;2 2 0 0;2 2 0 1;2 3 0 0;2 3 0 1;3 2 0 0;3 2 0 1;3 3 0 0;3 3 0 1;3 3 1 0;3 3 1 1;4 3 0 0;4 3 0 1;4 3 1 1;4 4 0 0;4 4 0 1;5 4 0 0;5 4 0 1;5 4 1 0;,2059.73493,3,79.99708,31.38749,170.27203,9,-0.00447,-1.33668,0.83871,0.9,0.0,0,0,0.0,1125317.4,994321.5,1556428.3,198952.2,529974.7,0,0.0,0.0,-1,0.0,0.0,sp|P01871|IGHM_HUMAN,IGHM,46,312655000.0,1716840000.0,,,-1.0,-1.0,-1,,0,0,0
MS_UNDEP_PL_LAC_bRPLC_NGP_01A.4386.4386.3.0.dta,MS_UNDEP_PL_LAC_bRPLC_NGP_01A.4386.4386.3.0.dta,MS_UNDEP_PL_LAC_bRPLC_NGP_01A,4386,1138.58244,2979.21763,993.74406,3,1,YKJNSDISSTR,,1284.61786,4 3 1 1,H(4)N(3)A(1)F(1),(N(F)(N(H(H)(H(N(H(A))))))),700,0 1 0 0;0 1 0 1;0 2 0 0;0 2 0 1;1 2 0 0;1 2 0 1;2 2 0 0;2 2 0 1;3 2 0 0;3 2 0 1;3 3 0 0;3 3 0 1;4 3 0 0;4 3 0 1;4 3 1 0;,1694.60274,3,56.17312,24.95019,114.15856,9,-0.00296,-0.99501,0.80952,0.85,0.0,0,0,0.0,340334.7,438848.0,502873.0,114015.2,278270.7,0,0.0,0.0,-1,0.0,0.0,sp|P01871|IGHM_HUMAN,IGHM,46,166262000.0,768459000.0,,,-1.0,-1.0,-1,,0,0,0
MS_UNDEP_PL_LAC_bRPLC_NGP_01A.5368.5368.3.0.dta,MS_UNDEP_PL_LAC_bRPLC_NGP_01A.5368.5368.3.0.dta,MS_UNDEP_PL_LAC_bRPLC_NGP_01A,5368,1351.5885,2979.21813,993.74423,3,1,YKJNSDISSTR,,1284.61786,4 3 1 1,H(4)N(3)A(1)F(1),(N(F)(N(H(H)(H(N(H(A))))))),700,0 1 0 0;0 1 0 1;0 2 0 0;0 2 0 1;1 2 0 0;1 2 0 1;2 2 0 0;2 2 0 1;2 3 0 1;3 2 0 0;3 2 0 1;3 3 0 0;3 3 0 1;4 3 0 0;4 3 0 1;,1694.60274,3,56.82285,26.82052,112.54147,9,-0.00247,-0.82785,0.80952,0.85,0.0,0,0,0.0,292683.8,384346.9,471677.3,91263.9,274419.6,0,0.0,0.0,-1,0.0,0.0,sp|P01871|IGHM_HUMAN,IGHM,46,182831000.0,848301000.0,,,-1.0,-1.0,-1,,0,0,0
MS_UNDEP_PL_LAC_bRPLC_NGP_01A.5369.5369.3.0.dta,MS_UNDEP_PL_LAC_bRPLC_NGP_01A.5369.5369.3.0.dta,MS_UNDEP_PL_LAC_bRPLC_NGP_01A,5369,1351.74348,3344.34938,1115.45465,3,1,YKJNSDISSTR,,1284.61786,5 4 1 1,H(5)N(4)A(1)F(1),(N(F)(N(H(H(N(H)))(H(N(H(A))))))),490,0 1 0 0;0 1 0 1;0 2 0 0;0 2 0 1;1 2 0 0;1 2 0 1;2 2 0 0;2 2 0 1;2 3 0 0;2 3 0 1;3 2 0 0;3 2 0 1;3 3 0 0;3 3 0 1;3 3 1 1;4 3 0 0;4 3 0 1;4 3 1 1;4 4 0 1;5 4 0 0;5 4 0 1;5 4 1 0;,2059.73493,3,72.90825,31.68947,149.45742,9,-0.00341,-1.01913,0.77419,0.95,0.0,0,0,0.0,746295.8,627152.3,1007989.7,139009.1,326770.2,0,0.0,0.0,-1,0.0,0.0,sp|P01871|IGHM_HUMAN,IGHM,46,257719000.0,1421870000.0,,,-1.0,-1.0,-1,,0,0,0
MS_UNDEP_PL_LAC_bRPLC_NGP_01A.5555.5555.3.0.dta,MS_UNDEP_PL_LAC_bRPLC_NGP_01A.5555.5555.3.0.dta,MS_UNDEP_PL_LAC_bRPLC_NGP_01A,5555,1382.21796,3344.34894,1115.4545,3,1,YKJNSDISSTR,,1284.61786,5 4 1 1,H(5)N(4)A(1)F(1),(N(F)(N(H(H(N(H)))(H(N(H(A))))))),490,0 1 0 0;0 1 0 1;0 2 0 0;0 2 0 1;1 2 0 0;1 2 0 1;2 2 0 0;2 2 0 1;2 3 0 0;2 3 0 1;3 2 0 0;3 2 0 1;3 3 0 0;3 3 0 1;3 3 1 1;4 3 0 0;4 3 0 1;4 3 1 1;4 4 0 1;5 4 0 0;5 4 0 1;,2059.73493,3,63.7173,23.86161,137.73502,9,-0.00386,-1.15278,0.74194,0.85,0.0,0,0,0.0,566519.3,476540.6,758821.9,88946.1,254705.7,0,0.0,0.0,-1,0.0,0.0,sp|P01871|IGHM_HUMAN,IGHM,46,257719000.0,1421870000.0,,,-1.0,-1.0,-1,,0,0,0
MS_UNDEP_PL_LAC_bRPLC_NGP_01A.9141.9141.2.0.dta,MS_UNDEP_PL_LAC_bRPLC_NGP_01A.9141.9141.2.0.dta,MS_UNDEP_PL_LAC_bRPLC_NGP_01A,9141,2000.2131,2780.1023,1390.55479,2,1,EEQFJSTYR,,1173.51708,4 4 0 1,H(4)N(4)F(1),(N(F)(N(H(H(N))(H(N(H)))))),670,0 1 0 0;0 1 0 1;0 2 0 0;0 2 0 1;1 2 0 0;1 2 0 1;2 2 0 0;2 2 0 1;2 3 0 0;2 3 0 1;3 2 0 0;3 2 0 1;3 3 0 0;3 3 0 1;3 4 0 0;3 4 0 1;4 3 0 0;4 3 0 1;4 4 0 0;,1606.58669,5,77.97058,25.91566,174.64402,9,-0.00148,-0.53104,1.0,0.75,0.0,0,0,0.0,3920277.3,3299569.4,5089487.4,0.0,0.0,0,0.0,0.0,-1,0.0,0.0,sp|P01861|IGHG4_HUMAN,IGHG4,177,100009000.0,545612000.0,,,-1.0,-1.0,-1,,0,0,0
MS_UNDEP_PL_LAC_bRPLC_NGP_01A.9170.9170.2.0.dta,MS_UNDEP_PL_LAC_bRPLC_NGP_01A.9170.9170.2.0.dta,MS_UNDEP_PL_LAC_bRPLC_NGP_01A,9170,2005.04616,2618.04819,1309.52773,2,1,EEQFJSTYR,,1173.51708,3 4 0 1,H(3)N(4)F(1),(N(F)(N(H(H(N))(H(N))))),679,0 1 0 0;0 1 0 1;0 2 0 0;0 2 0 1;1 2 0 0;1 2 0 1;2 2 0 0;2 2 0 1;2 3 0 0;2 3 0 1;3 2 0 0;3 2 0 1;3 3 0 0;3 3 0 1;3 4 0 0;,1444.53387,5,57.44168,16.99727,132.55273,9,-0.00276,-1.0561,1.0,0.75,0.0,0,0,0.0,120621.1,786245.8,601843.1,0.0,0.0,0,0.0,0.0,-1,0.0,0.0,sp|P01861|IGHG4_HUMAN,IGHG4,177,686914000.0,3440640000.0,,,-1.0,-1.0,-1,,0,0,0
MS_UNDEP_PL_LAC_bRPLC_NGP_01A.9217.9217.3.0.dta,MS_UNDEP_PL_LAC_bRPLC_NGP_01A.9217.9217.3.0.dta,MS_UNDEP_PL_LAC_bRPLC_NGP_01A,9217,2012.74332,2780.10194,927.37216,3,1,EEQFJSTYR,,1173.51708,4 4 0 1,H(4)N(4)F(1),(N(F)(N(H(H(N))(H(N(H)))))),670,0 1 0 0;0 1 0 1;0 2 0 0;0 2 0 1;1 2 0 0;1 2 0 1;2 2 0 0;2 2 0 1;2 3 0 0;2 3 0 1;3 2 0 0;3 2 0 1;3 3 0 0;3 3 0 1;4 3 0 0;4 3 0 1;4 4 0 0;,1606.58669,5,60.28343,22.41028,130.61928,9,-0.00183,-0.65946,0.90476,0.8125,0.0,0,0,0.0,845511.7,1409675.3,1390979.2,0.0,0.0,0,0.0,0.0,-1,0.0,0.0,sp|P01861|IGHG4_HUMAN,IGHG4,177,181374000.0,771932000.0,,,-1.0,-1.0,-1,,0,0,0
MS_UNDEP_PL_LAC_bRPLC_NGP_01A.9353.9353.3.0.dta,MS_UNDEP_PL_LAC_bRPLC_NGP_01A.9353.9353.3.0.dta,MS_UNDEP_PL_LAC_bRPLC_NGP_01A,9353,2035.45536,2618.04904,873.35453,3,1,EEQFJSTYR,,1173.51708,3 4 0 1,H(3)N(4)F(1),(N(F)(N(H(H(N))(H(N))))),679,0 1 0 0;0 1 0 1;0 2 0 0;0 2 0 1;1 2 0 0;1 2 0 1;2 2 0 0;2 2 0 1;2 3 0 0;2 3 0 1;3 2 0 0;3 2 0 1;3 3 0 0;3 3 0 1;3 4 0 0;,1444.53387,5,71.97286,33.32146,143.75403,9,-0.00191,-0.72914,1.0,0.8125,0.0,0,0,0.0,621428.6,6885339.8,3711167.4,0.0,0.0,0,0.0,0.0,-1,0.0,0.0,sp|P01861|IGHG4_HUMAN,IGHG4,177,558309000.0,2206280000.0,,,-1.0,-1.0,-1,,0,0,0
MS_UNDEP_PL_LAC_bRPLC_NGP_01A.9354.9354.2.0.dta,MS_UNDEP_PL_LAC_bRPLC_NGP_01A.9354.9354.2.0.dta,MS_UNDEP_PL_LAC_bRPLC_NGP_01A,9354,2035.56744,2618.04772,1309.5275,2,1,EEQFJSTYR,,1173.51708,3 4 0 1,H(3)N(4)F(1),(N(F)(N(H(H(N))(H(N))))),679,0 1 0 0;0 1 0 1;0 2 0 0;0 2 0 1;1 2 0 0;1 2 0 1;2 2 0 0;2 2 0 1;2 3 0 0;2 3 0 1;3 2 0 0;3 2 0 1;3 3 0 0;3 3 0 1;3 4 0 0;,1444.53387,5,82.08749,37.93537,164.0843,9,-0.00324,-1.23639,1.0,0.875,0.0,0,0,0.0,1775314.7,10134012.8,6055927.0,0.0,0.0,0,0.0,0.0,-1,0.0,0.0,sp|P01861|IGHG4_HUMAN,IGHG4,177,686914000.0,3440640000.0,,,-1.0,-1.0,-1,,0,0,0
MS_UNDEP_PL_LAC_bRPLC_NGP_01A.9403.9403.2.0.dta,MS_UNDEP_PL_LAC_bRPLC_NGP_01A.9403.9403.2.0.dta,MS_UNDEP_PL_LAC_bRPLC_NGP_01A,9403,2043.74964,2780.10368,1390.55548,2,1,EEQFJSTYR,,1173.51708,4 4 0 1,H(4)N(4)F(1),(N(F)(N(H(H(N))(H(N(H)))))),670,0 1 0 0;0 1 0 1;0 2 0 0;0 2 0 1;1 2 0 0;1 2 0 1;2 2 0 0;2 2 0 1;2 3 0 0;2 3 0 1;3 2 0 0;3 2 0 1;3 3 0 0;3 3 0 1;3 4 0 1;4 3 0 0;4 3 0 1;4 4 0 0;,1606.58669,5,55.90501,12.30524,136.87601,9,-0.0001,-0.03466,0.95238,0.625,0.0,0,0,0.0,636991.1,508846.8,888787.9,0.0,0.0,0,0.0,0.0,-1,0.0,0.0,sp|P01861|IGHG4_HUMAN,IGHG4,177,120435000.0,637358000.0,,,-1.0,-1.0,-1,,0,0,0
MS_UNDEP_PL_LAC_bRPLC_NGP_01A.9541.9541.2.0.dta,MS_UNDEP_PL_LAC_bRPLC_NGP_01A.9541.9541.2.0.dta,MS_UNDEP_PL_LAC_bRPLC_NGP_01A,9541,2066.4165,2618.04776,1309.52752,2,1,EEQFJSTYR,,1173.51708,3 4 0 1,H(3)N(4)F(1),(N(F)(N(H(H(N))(H(N))))),679,0 1 0 0;0 1 0 1;0 2 0 0;0 2 0 1;1 2 0 0;1 2 0 1;2 2 0 0;2 2 0 1;2 3 0 0;2 3 0 1;3 2 0 0;3 2 0 1;3 3 0 0;3 3 0 1;3 4 0 0;,1444.53387,5,68.81565,26.33915,147.70058,9,-0.00319,-1.22035,1.0,0.8125,0.0,0,0,0.0,503941.3,2695110.4,1494075.4,0.0,0.0,0,0.0,0.0,-1,0.0,0.0,sp|P01861|IGHG4_HUMAN,IGHG4,177,686914000.0,3440640000.0,,,-1.0,-1.0,-1,,0,0,0
MS_UNDEP_PL_LAC_bRPLC_NGP_01A.9542.9542.3.0.dta,MS_UNDEP_PL_LAC_bRPLC_NGP_01A.9542.9542.3.0.dta,MS_UNDEP_PL_LAC_bRPLC_NGP_01A,9542,2066.56956,2618.04893,873.35449,3,1,EEQFJSTYR,,1173.51708,3 4 0 1,H(3)N(4)F(1),(N(F)(N(H(H(N))(H(N))))),679,0 1 0 0;0 1 0 1;0 2 0 0;0 2 0 1;1 2 0 0;1 2 0 1;2 2 0 0;2 2 0 1;2 3 0 0;2 3 0 1;3 2 0 0;3 2 0 1;3 3 0 0;3 3 0 1;,1444.53387,5,61.43089,27.67995,124.11123,9,-0.00203,-0.77383,0.94118,0.8125,0.0,0,0,0.0,223468.2,2457425.8,1357960.6,0.0,0.0,0,0.0,0.0,-1,0.0,0.0,sp|P01861|IGHG4_HUMAN,IGHG4,177,558309000.0,2206280000.0,,,-1.0,-1.0,-1,,0,0,0
MS_UNDEP_PL_LAC_bRPLC_NGP_01A.9589.9589.3.0.dta,MS_UNDEP_PL_LAC_bRPLC_NGP_01A.9589.9589.3.0.dta,MS_UNDEP_PL_LAC_bRPLC_NGP_01A,9589,2074.13964,2983.18165,995.0654,3,1,EEQFJSTYR,,1173.51708,4 5 0 1,H(4)N(5)F(1),(N(F)(N(H(N)(H(N))(H(N(H)))))),1333,0 1 0 0;0 1 0 1;0 2 0 0;0 2 0 1;1 2 0 0;1 2 0 1;1 3 0 0;1 3 0 1;2 2 0 0;2 2 0 1;2 3 0 0;2 3 0 1;2 4 0 0;2 4 0 1;3 3 0 0;3 3 0 1;3 4 0 0;3 4 0 1;4 3 0 1;4 4 0 0;4 4 0 1;,1809.66607,5,44.27374,13.50291,101.41955,8,-0.0015,-0.50312,0.7931,0.625,0.0,0,0,0.0,394933.5,809255.2,680738.1,0.0,0.0,0,8.423922678831811e-291,4.350006403708321e-292,-1,0.0,4.350006403708321e-292,sp|P01861|IGHG4_HUMAN,IGHG4,177,30722100.0,146705000.0,,,-1.0,-1.0,-1,,0,0,0
MS_UNDEP_PL_LAC_bRPLC_NGP_01A.9637.9637.3.0.dta,MS_UNDEP_PL_LAC_bRPLC_NGP_01A.9637.9637.3.0.dta,MS_UNDEP_PL_LAC_bRPLC_NGP_01A,9637,2082.06696,2821.12864,941.04773,3,1,EEQFJSTYR,,1173.51708,3 5 0 1,H(3)N(5)F(1),(N(F)(N(H(N)(H(N))(H(N))))),1341,0 1 0 0;0 1 0 1;0 2 0 0;0 2 0 1;1 2 0 0;1 2 0 1;1 3 0 0;1 3 0 1;2 2 0 0;2 2 0 1;2 3 0 0;2 3 0 1;2 4 0 0;2 4 0 1;3 2 0 0;3 2 0 1;3 3 0 0;3 3 0 1;3 4 0 0;3 4 0 1;,1647.61324,5,69.92989,19.50662,163.5731,9,-0.00168,-0.59709,0.95652,0.6875,0.0,0,0,0.0,175264.7,2248645.4,1150376.4,0.0,0.0,0,0.0,0.0,-1,0.0,0.0,sp|P01861|IGHG4_HUMAN,IGHG4,177,118214000.0,502398000.0,,,-1.0,-1.0,-1,,0,0,0
MS_UNDEP_PL_LAC_bRPLC_NGP_01A.9685.9685.2.0.dta,MS_UNDEP_PL_LAC_bRPLC_NGP_01A.9685.9685.2.0.dta,MS_UNDEP_PL_LAC_bRPLC_NGP_01A,9685,2089.80528,2821.12853,1411.06791,2,1,EEQFJSTYR,,1173.51708,3 5 0 1,H(3)N(5)F(1),(N(F)(N(H(N)(H(N))(H(N))))),1341,0 1 0 0;0 1 0 1;0 2 0 0;0 2 0 1;1 2 0 0;1 2 0 1;1 3 0 0;1 3 0 1;2 2 0 0;2 2 0 1;2 3 0 0;2 3 0 1;2 4 0 0;2 4 0 1;3 2 0 1;3 3 0 0;3 3 0 1;3 4 0 0;3 4 0 1;3 5 0 0;,1647.61324,5,53.1737,11.46912,130.62505,8,-0.00179,-0.63501,0.95652,0.5625,0.0,0,0,0.0,260326.9,1499688.9,727025.5,0.0,0.0,0,0.0,0.0,-1,0.0,0.0,sp|P01861|IGHG4_HUMAN,IGHG4,177,47213600.0,242167000.0,,,-1.0,-1.0,-1,,0,0,0
MS_UNDEP_PL_LAC_bRPLC_NGP_01A.11697.11697.3.0.dta,MS_UNDEP_PL_LAC_bRPLC_NGP_01A.11697.11697.3.0.dta,MS_UNDEP_PL_LAC_bRPLC_NGP_01A,11697,2424.72504,2768.22115,923.4119,3,1,TPLTAJITK,,958.55677,4 5 0 1,H(4)N(5)F(1),(N(F)(N(H(N)(H(N))(H(N(H)))))),1333,0 1 0 0;0 1 0 1;0 2 0 0;0 2 0 1;1 2 0 0;1 2 0 1;1 3 0 0;1 3 0 1;2 2 0 0;2 2 0 1;2 3 0 0;2 3 0 1;2 4 0 1;3 3 0 0;3 3 0 1;3 4 0 0;3 4 0 1;4 3 0 1;4 4 0 0;4 4 0 1;,1809.66607,6,38.99353,16.69766,80.40014,8,-0.00168,-0.60865,0.75862,0.6875,0.0,0,0,0.0,283032.2,579039.3,479923.9,0.0,0.0,0,4.7464767775186265e-227,1.2490753275288835e-228,-1,0.0,1.2490753275288835e-228,sp|P01877|IGHA2_HUMAN,IGHA2,205,41654400.0,176031000.0,,,-1.0,-1.0,-1,,0,0,0
MS_UNDEP_PL_LAC_bRPLC_NGP_01A.15445.15445.5.0.dta,MS_UNDEP_PL_LAC_bRPLC_NGP_01A.15445.15445.5.0.dta,MS_UNDEP_PL_LAC_bRPLC_NGP_01A,15445,3042.05922,5159.16635,1032.63909,5,1,SRYPHKPEIJSTTHPGADLQEJFCR,"24,Carbamidomethyl[C];",2954.39621,5 4 2 0,H(5)N(4)A(2),(N(N(H(H(N(H(A))))(H(N(H(A))))))),1791,0 1 0 0;0 2 0 0;1 2 0 0;2 2 0 0;2 3 0 0;3 2 0 0;3 3 0 0;3 3 1 0;4 3 0 0;4 3 1 0;4 4 0 0;5 4 0 0;5 4 1 0;,2204.77244,10,29.84047,19.42887,49.17631,5,-0.0023,-0.44485,0.76471,0.375,0.0,0,0,0.0,109745.6,134692.9,340138.4,37331.5,121521.1,0,6.7919253678595636e-133,1.0312445064947952e-134,-1,0.0,1.0312445064947952e-134,sp|P00734|THRB_HUMAN,F2,143,9629510.0,147438000.0,,,-1.0,-1.0,-1,,0,0,0
MS_UNDEP_PL_LAC_bRPLC_NGP_01A.17678.17678.3.4.dta,MS_UNDEP_PL_LAC_bRPLC_NGP_01A.17678.17678.3.4.dta,MS_UNDEP_PL_LAC_bRPLC_NGP_01A,17678,3406.98252,3639.44577,1213.82011,3,1,FSDGLESJSSTQFEVK,,1774.813,9 2 0 0,H(9)N(2),(N(N(H(H)(H(H)(H(H(H(H(H))))))))),2251,0 1 0 0;0 2 0 0;1 2 0 0;2 2 0 0;3 2 0 0;4 2 0 0;5 2 0 0;6 2 0 0;7 2 0 0;,1864.63416,8,27.88423,14.74528,52.28513,6,-0.00138,-0.3799,0.83333,0.46667,0.0,0,0,111696.8,56280.4,122819.6,116899.1,0.0,19367.4,0,2.9966214353568026e-142,1.281204774779902e-143,-1,0.0,1.281204774779902e-143,sp|P0C0L4|CO4A_HUMAN;sp|P0C0L5|CO4B_HUMAN,C4A;C4B,226;226,11162400.0,59164700.0,,,-1.0,-1.0,-1,,0,0,0
MS_UNDEP_PL_LAC_bRPLC_NGP_01A.20869.20869.3.0.dta,MS_UNDEP_PL_LAC_bRPLC_NGP_01A.20869.20869.3.0.dta,MS_UNDEP_PL_LAC_bRPLC_NGP_01A,20869,3928.59942,3649.63073,1217.2151,3,1,TVLTPATNHMGJVTFTIPANR,"10,Oxidation[M];",2271.15503,6 2 0 0,H(6)N(2),(N(N(H(H(H))(H(H(H)))))),1628,0 1 0 0;0 2 0 0;1 2 0 0;2 2 0 0;3 2 0 0;4 2 0 0;5 2 0 0;,1378.47569,12,26.58658,24.48634,30.48704,6,2e-05,0.00484,0.88889,0.475,0.0,0,0,41728.2,27684.3,97437.4,87280.0,0.0,0.0,0,1.7174048400561014e-77,1.952392724839205e-79,-1,0.0,1.952392724839205e-79,sp|P01024|CO3_HUMAN,C3,85,20015100.0,227101000.0,,,-1.0,-1.0,-1,,0,0,0
MS_UNDEP_PL_LAC_bRPLC_NGP_01A.21061.21061.3.0.dta,MS_UNDEP_PL_LAC_bRPLC_NGP_01A.21061.21061.3.0.dta,MS_UNDEP_PL_LAC_bRPLC_NGP_01A,21061,3960.0153,3649.63063,1217.21506,3,1,TVLTPATNHMGJVTFTIPANR,"10,Oxidation[M];",2271.15503,6 2 0 0,H(6)N(2),(N(N(H(H(H))(H(H(H)))))),1628,0 1 0 0;0 2 0 0;1 2 0 0;2 2 0 0;3 2 0 0;4 2 0 0;5 2 0 0;,1378.47569,12,18.85899,15.45892,25.17342,6,-8e-05,-0.02229,0.88889,0.375,0.0,0,0,26223.0,24315.4,63686.2,63608.9,0.0,0.0,0,4.6536246380101175e-62,5.101023112699674e-64,-1,0.0,5.101023112699674e-64,sp|P01024|CO3_HUMAN,C3,85,19137500.0,191400000.0,,,-1.0,-1.0,-1,,0,0,0
MS_UNDEP_PL_LAC_bRPLC_NGP_01A.22600.22600.3.0.dta,MS_UNDEP_PL_LAC_bRPLC_NGP_01A.22600.22600.3.0.dta,MS_UNDEP_PL_LAC_bRPLC_NGP_01A,22600,4211.59314,3633.63424,1211.88293,3,1,TVLTPATNHMGJVTFTIPANR,,2255.16011,6 2 0 0,H(6)N(2),(N(N(H(H(H))(H(H)(H))))),1636,0 1 0 0;0 2 0 0;1 2 0 0;2 2 0 0;3 2 0 0;4 2 0 0;5 2 0 0;,1378.47569,12,53.72026,46.51064,67.10955,7,-0.00156,-0.42997,1.0,0.675,0.0,0,0,104190.5,66892.2,228201.7,198925.8,0.0,0.0,0,6.31824415988615e-187,1.263743747221508e-188,-1,0.0,1.263743747221508e-188,sp|P01024|CO3_HUMAN,C3,85,73396300.0,528600000.0,,,-1.0,-1.0,-1,,0,0,0
MS_UNDEP_PL_LAC_bRPLC_NGP_01A.22696.22696.3.0.dta,MS_UNDEP_PL_LAC_bRPLC_NGP_01A.22696.22696.3.0.dta,MS_UNDEP_PL_LAC_bRPLC_NGP_01A,22696,4227.21666,3471.58295,1157.86583,3,1,TVLTPATNHMGJVTFTIPANR,,2255.16011,5 2 0 0,H(5)N(2),(N(N(H(H)(H(H)(H))))),2257,0 1 0 0;0 2 0 0;1 2 0 0;2 2 0 0;3 2 0 0;4 2 0 0;,1216.42286,12,32.39308,22.12651,51.45958,7,-3e-05,-0.00775,1.0,0.425,0.0,0,0,20618.1,21070.4,76495.6,67110.1,0.0,0.0,0,9.157879495817991e-140,1.6696268316446752e-141,-1,0.0,1.6696268316446752e-141,sp|P01024|CO3_HUMAN,C3,85,16506500.0,109306000.0,,,-1.0,-1.0,-1,,0,0,0
MS_UNDEP_PL_LAC_bRPLC_NGP_01A.25599.25599.3.0.dta,MS_UNDEP_PL_LAC_bRPLC_NGP_01A.25599.25599.3.0.dta,MS_UNDEP_PL_LAC_bRPLC_NGP_01A,25599,4704.18246,3708.68785,1236.9008,3,1,VVLHPJYSQVDIGLIK,,1795.01124,5 4 1 0,H(5)N(4)A(1),(N(N(H(H(N(H)))(H(N(H(A))))))),2036,0 1 0 0;0 2 0 0;1 2 0 0;2 2 0 0;2 3 0 0;3 2 0 0;3 3 0 0;3 3 1 0;4 3 0 0;4 3 1 0;4 4 0 0;5 4 0 0;,1913.67702,6,20.18731,13.09477,33.35918,5,-0.00041,-0.1115,0.75,0.4,0.0,0,0,0.0,464332.9,337039.5,616504.1,54659.5,122632.5,0,7.304451841338642e-86,1.0855027146002678e-87,-1,0.0,1.0855027146002678e-87,sp|P00738|HPT_HUMAN,HP,241,27116300.0,196500000.0,,,-1.0,-1.0,-1,,0,0,0
MS_UNDEP_PL_LAC_bRPLC_NGP_01A.26881.26881.3.0.dta,MS_UNDEP_PL_LAC_bRPLC_NGP_01A.26881.26881.3.0.dta,MS_UNDEP_PL_LAC_bRPLC_NGP_01A,26881,4917.14424,3708.68868,1236.90108,3,1,VVLHPJYSQVDIGLIK,,1795.01124,5 4 1 0,H(5)N(4)A(1),(N(N(H(H(N(H)))(H(N(H(A))))))),2036,0 1 0 0;0 2 0 0;1 2 0 0;2 2 0 0;2 3 0 0;3 2 0 0;3 3 0 0;3 3 1 0;4 3 0 0;4 3 1 0;5 4 0 0;,1913.67702,6,16.92386,11.06135,27.8114,5,0.00042,0.11257,0.6875,0.4,0.0,0,0,0.0,318007.6,234554.4,403603.7,32178.1,82234.2,0,1.028019533410297e-69,1.057924591200753e-71,-1,0.0,1.057924591200753e-71,sp|P00738|HPT_HUMAN,HP,241,69691800.0,508326000.0,,,-1.0,-1.0,-1,,0,0,0
MS_UNDEP_PL_LAC_bRPLC_NGP_01A.27258.27258.3.0.dta,MS_UNDEP_PL_LAC_bRPLC_NGP_01A.27258.27258.3.0.dta,MS_UNDEP_PL_LAC_bRPLC_NGP_01A,27258,4979.58822,3708.68755,1236.9007,3,1,VVLHPJYSQVDIGLIK,,1795.01124,5 4 1 0,H(5)N(4)A(1),(N(N(H(H(N(H)))(H(N(H(A))))))),2036,0 1 0 0;0 2 0 0;2 2 0 0;2 3 0 0;3 2 0 0;3 3 0 0;3 3 1 0;4 3 0 0;4 3 1 0;,1913.67702,6,12.23081,10.51689,15.41381,4,-0.00071,-0.19239,0.5625,0.4,0.0,0,0,0.0,219394.2,154222.8,274396.3,20441.6,54959.0,0,6.526720437604709e-34,7.746153657947129e-36,-1,0.0,7.746153657947129e-36,sp|P00738|HPT_HUMAN,HP,241,51961300.0,375284000.0,,,-1.0,-1.0,-1,,0,0,0
MS_UNDEP_PL_LAC_bRPLC_NGP_01A.27294.27294.3.0.dta,MS_UNDEP_PL_LAC_bRPLC_NGP_01A.27294.27294.3.0.dta,MS_UNDEP_PL_LAC_bRPLC_NGP_01A,27294,4985.50302,4428.79945,1476.938,3,1,QQQHLFGSJVTDCSGJFCLFR,"13,Carbamidomethyl[C];18,Carbamidomethyl[C];",2515.12414,5 4 1 0,H(5)N(4)A(1),(N(N(H(H(N(H)))(H(N(H(A))))))),2036,0 1 0 0;0 2 0 0;1 2 0 0;2 2 0 0;3 2 0 0;3 3 0 0;4 3 0 0;5 4 0 0;,1913.67702,9,12.67165,10.88389,15.99178,5,-0.00172,-0.38735,0.5,0.325,0.0,0,0,0.0,331502.6,277918.2,542398.4,35280.7,76193.5,0,1.4583430057747385e-35,1.1797438763673606e-37,-1,0.0,1.1797438763673606e-37,sp|P02787|TRFE_HUMAN,TF,630,34523000.0,377014000.0,,,-1.0,-1.0,-1,,0,0,0
MS_UNDEP_PL_LAC_bRPLC_NGP_01A.28802.28802.3.1.dta,MS_UNDEP_PL_LAC_bRPLC_NGP_01A.28802.28802.3.1.dta,MS_UNDEP_PL_LAC_bRPLC_NGP_01A,28802,5234.63958,3343.55665,1115.1904,3,1,VVLHPJYSQVDIGLIK,,1795.01124,4 3 1 0,H(4)N(3)A(1),(N(N(H(H)(H(N(H(A))))))),2270,0 1 0 0;1 2 0 0;2 2 0 0;3 2 0 0;,1548.54483,6,11.78495,12.62881,10.21776,5,0.00059,0.1751,0.45455,0.43333,0.0,0,0,0.0,73768.5,86439.8,104277.6,21539.3,45658.5,0,1.541519742241108e-19,1.5539625126266193e-21,-1,0.0,1.5539625126266193e-21,sp|P00738|HPT_HUMAN,HP,241,83964.9,632533.0,,,-1.0,-1.0,-1,,0,0,0
MS_UNDEP_PL_LAC_bRPLC_NGP_01A.28813.28813.4.1.dta,MS_UNDEP_PL_LAC_bRPLC_NGP_01A.28813.28813.4.1.dta,MS_UNDEP_PL_LAC_bRPLC_NGP_01A,28813,5236.55646,3999.78196,1000.70095,4,1,VVLHPJYSQVDIGLIK,,1795.01124,5 4 2 0,H(5)N(4)A(2),(N(N(H(H(N(H(A))))(H(N(H(A))))))),1791,0 1 0 0;0 2 0 0;1 2 0 0;2 2 0 0;2 3 0 0;3 2 0 0;3 3 0 0;3 3 1 0;4 3 0 0;4 3 1 0;4 4 0 0;4 4 1 0;5 4 0 0;5 4 1 0;,2204.77244,6,78.67268,49.15683,133.48782,7,-0.00171,-0.42853,0.94118,0.7,0.0,0,0,0.0,2645142.1,2484324.5,3061145.0,909647.2,2715779.0,0,0.0,0.0,-1,0.0,0.0,sp|P00738|HPT_HUMAN,HP,241,184620000.0,1537120000.0,,,-1.0,-1.0,-1,,0,0,0
MS_UNDEP_PL_LAC_bRPLC_NGP_01A.28834.28834.3.0.dta,MS_UNDEP_PL_LAC_bRPLC_NGP_01A.28834.28834.3.0.dta,MS_UNDEP_PL_LAC_bRPLC_NGP_01A,28834,5239.93482,3999.78006,1333.93154,3,1,VVLHPJYSQVDIGLIK,,1795.01124,5 4 2 0,H(5)N(4)A(2),(N(N(H(H(N(H(A))))(H(N(H(A))))))),1791,0 1 0 0;0 2 0 0;1 2 0 0;2 2 0 0;2 3 0 0;3 2 0 0;3 3 0 0;3 3 1 0;4 3 0 0;4 3 1 0;4 4 0 0;5 4 0 0;5 4 1 0;,2204.77244,6,75.90468,51.80657,120.65831,7,-0.00362,-0.90481,0.88235,0.73333,0.0,0,0,0.0,7573195.3,7633346.0,10284409.1,1917682.7,4111505.2,0,0.0,0.0,-1,0.0,0.0,sp|P00738|HPT_HUMAN,HP,241,422929000.0,3785770000.0,,,-1.0,-1.0,-1,,0,0,0
MS_UNDEP_PL_LAC_bRPLC_NGP_01A.29025.29025.3.0.dta,MS_UNDEP_PL_LAC_bRPLC_NGP_01A.29025.29025.3.0.dta,MS_UNDEP_PL_LAC_bRPLC_NGP_01A,29025,5271.297,3999.78151,1333.93202,3,1,VVLHPJYSQVDIGLIK,,1795.01124,5 4 2 0,H(5)N(4)A(2),(N(N(H(H(N(H(A))))(H(N(H(A))))))),1791,0 1 0 0;0 2 0 0;1 2 0 0;2 2 0 0;2 3 0 0;3 2 0 0;3 3 0 0;3 3 1 0;4 3 0 0;4 3 1 0;4 4 0 0;5 4 0 0;5 4 1 0;,2204.77244,6,55.21511,34.44679,93.78485,7,-0.00217,-0.54254,0.88235,0.66667,0.0,0,0,0.0,1092614.0,1094088.6,1512752.4,302908.2,653503.8,0,1.3428189675123608e-267,4.3316740889052564e-269,-1,0.0,4.3316740889052564e-269,sp|P00738|HPT_HUMAN,HP,241,446601000.0,3980640000.0,,,-1.0,-1.0,-1,,0,0,0
MS_UNDEP_PL_LAC_bRPLC_NGP_01A.29219.29219.3.0.dta,MS_UNDEP_PL_LAC_bRPLC_NGP_01A.29219.29219.3.0.dta,MS_UNDEP_PL_LAC_bRPLC_NGP_01A,29219,5303.08434,3999.78251,1333.93235,3,1,VVLHPJYSQVDIGLIK,,1795.01124,5 4 2 0,H(5)N(4)A(2),(N(N(H(H(N(H(A))))(H(N(H(A))))))),1791,0 1 0 0;0 2 0 0;1 2 0 0;2 2 0 0;2 3 0 0;3 2 0 0;3 3 0 0;3 3 1 0;4 3 0 0;4 3 1 0;5 4 0 0;5 4 1 0;,2204.77244,6,33.25482,24.41494,49.67175,6,-0.00117,-0.29127,0.76471,0.56667,0.0,0,0,0.0,423748.0,405759.4,546787.4,98714.9,227492.0,0,2.1964289745031216e-134,3.291601138881266e-136,-1,0.0,3.291601138881266e-136,sp|P00738|HPT_HUMAN,HP,241,465885000.0,4139270000.0,,,-1.0,-1.0,-1,,0,0,0
MS_UNDEP_PL_LAC_bRPLC_NGP_01A.29583.29583.3.0.dta,MS_UNDEP_PL_LAC_bRPLC_NGP_01A.29583.29583.3.0.dta,MS_UNDEP_PL_LAC_bRPLC_NGP_01A,29583,5364.53112,3999.78407,1333.93287,3,1,VVLHPJYSQVDIGLIK,,1795.01124,5 4 2 0,H(5)N(4)A(2),(N(N(H(H(N(H(A))))(H(N(H(A))))))),1791,0 1 0 0;0 2 0 0;1 2 0 0;2 2 0 0;3 2 0 0;3 3 0 0;3 3 1 0;4 3 0 0;4 3 1 0;5 4 0 0;,2204.77244,6,15.14037,10.56519,23.63713,5,0.00039,0.09725,0.58824,0.4,0.0,0,0,0.0,202426.4,198011.2,289933.3,51804.9,98144.3,0,1.321959338789572e-57,1.4239965983555491e-59,-1,0.0,1.4239965983555491e-59,sp|P00738|HPT_HUMAN,HP,241,130255000.0,1092060000.0,,,-1.0,-1.0,-1,,0,0,0
MS_UNDEP_PL_LAC_bRPLC_NGP_01A.37554.37554.3.0.dta,MS_UNDEP_PL_LAC_bRPLC_NGP_01A.37554.37554.3.0.dta,MS_UNDEP_PL_LAC_bRPLC_NGP_01A,37554,6886.7088,4122.71989,1374.91148,3,1,YLGJATAIFFLPDEGK,,1755.89521,6 4 2 0,H(6)N(4)A(2),(N(N(H(H(N(H(A))))(H(N(H(H)(A))))))),1792,0 1 0 0;0 2 0 0;1 2 0 0;2 2 0 0;3 2 0 0;3 3 0 0;3 3 1 0;4 3 0 0;4 3 1 0;5 3 0 0;5 3 1 0;5 4 0 0;5 4 1 0;,2366.82526,4,25.13167,22.78453,29.49064,5,-0.00058,-0.13958,0.59091,0.56667,0.0,0,0,0.0,387775.4,421238.0,442696.6,161287.4,300971.3,0,1.35767730437012e-74,2.9992638141532e-76,-1,0.0,2.9992638141532e-76,sp|P01009|A1AT_HUMAN,SERPINA1,271,903058.0,37969400.0,,,-1.0,-1.0,-1,,0,0,0
MS_UNDEP_PL_LAC_bRPLC_NGP_01A.37615.37615.3.0.dta,MS_UNDEP_PL_LAC_bRPLC_NGP_01A.37615.37615.3.0.dta,MS_UNDEP_PL_LAC_bRPLC_NGP_01A,37615,6897.1332,3977.69415,1326.56957,3,1,YLGJATAIFFLPDEGK,,1755.89521,6 4 1 1,H(6)N(4)A(1)F(1),(N(N(H(H(N(H(H))))(H(N(F)(H(A))))))),1841,0 1 0 0;0 2 0 0;2 2 0 0;3 2 0 0;3 3 0 0;3 3 1 0;4 3 0 0;4 3 1 0;5 4 0 0;5 4 1 0;,2221.78776,4,19.19145,17.08019,23.11237,5,0.01118,2.81174,0.35484,0.5,0.0,0,0,0.0,367008.7,358204.8,433199.7,131980.8,301046.6,0,4.378823628760673e-56,8.510777317757152e-58,-1,0.0,8.510777317757152e-58,sp|P01009|A1AT_HUMAN,SERPINA1,271,3995030.0,29678700.0,,,-1.0,-1.0,-1,,0,0,0
MS_UNDEP_PL_LAC_bRPLC_NGP_02C.4137.4137.3.0.dta,MS_UNDEP_PL_LAC_bRPLC_NGP_02C.4137.4137.3.0.dta,MS_UNDEP_PL_LAC_bRPLC_NGP_02C,4137,1097.5656,2234.9678,745.66079,3,1,RRJTTGTGR,,1018.55007,5 2 0 0,H(5)N(2),(N(N(H(H)(H(H(H)))))),2249,0 1 0 0;0 2 0 0;1 2 0 0;2 2 0 0;3 2 0 0;,1216.42286,3,8.6448,4.87427,15.6472,5,-0.00512,-2.29306,0.625,0.375,0.0,0,0,188646.1,123598.7,371011.2,265493.5,0.0,0.0,0,2.908263328554592e-35,3.1278968982820536e-37,-1,0.0095238095238095,0.0095238095238095,sp|P61927|RL37_HUMAN,RPL37,57,991292.0,3206100.0,,,-1.0,-1.0,-1,,0,0,0
MS_UNDEP_PL_LAC_bRPLC_NGP_02C.4151.4151.3.0.dta,MS_UNDEP_PL_LAC_bRPLC_NGP_02C.4151.4151.3.0.dta,MS_UNDEP_PL_LAC_bRPLC_NGP_02C,4151,1099.79568,2663.09276,888.3691,3,1,YKJNSDISSTR,,1284.61786,6 2 0 0,H(6)N(2),(N(N(H(H(H))(H(H(H)))))),1628,0 1 0 0;0 2 0 0;1 2 0 0;2 2 0 0;3 2 0 0;4 2 0 0;5 2 0 0;,1378.47569,3,31.42668,20.19552,52.28455,6,-0.00078,-0.29452,0.88889,0.75,0.0,0,0,46184.3,16156.1,57200.8,2995.3,0.0,3020.3,0,1.0087849049387924e-123,1.66158190362826e-125,-1,0.0,1.66158190362826e-125,sp|P01871|IGHM_HUMAN,IGHM,46,1294150.0,6127300.0,,,-1.0,-1.0,-1,,0,0,0
MS_UNDEP_PL_LAC_bRPLC_NGP_02C.4153.4153.3.0.dta,MS_UNDEP_PL_LAC_bRPLC_NGP_02C.4153.4153.3.0.dta,MS_UNDEP_PL_LAC_bRPLC_NGP_02C,4153,1100.09886,2501.04123,834.35193,3,1,YKJNSDISSTR,,1284.61786,5 2 0 0,H(5)N(2),(N(N(H(H)(H(H(H)))))),2249,0 1 0 0;0 2 0 0;1 2 0 0;2 2 0 0;3 2 0 0;4 2 0 0;,1216.42286,3,33.47712,17.95026,62.31272,7,0.00051,0.20315,1.0,0.75,0.0,0,0,24481.1,17559.9,48353.1,57558.1,0.0,3258.0,0,3.149109280994429e-148,7.576660983464727e-150,-1,0.0,7.576660983464727e-150,sp|P01871|IGHM_HUMAN,IGHM,46,856504.0,3419280.0,,,-1.0,-1.0,-1,,0,0,0
MS_UNDEP_PL_LAC_bRPLC_NGP_02C.4159.4159.3.0.dta,MS_UNDEP_PL_LAC_bRPLC_NGP_02C.4159.4159.3.0.dta,MS_UNDEP_PL_LAC_bRPLC_NGP_02C,4159,1101.01122,3053.25538,1018.42331,3,1,YKJNSDISSTR,,1284.61786,5 4 0 1,H(5)N(4)F(1),(N(F)(N(H(H(N))(H(N(H(H))))))),659,0 1 0 0;0 1 0 1;0 2 0 0;0 2 0 1;1 2 0 0;1 2 0 1;2 2 0 0;2 2 0 1;2 3 0 0;2 3 0 1;3 2 0 0;3 2 0 1;3 3 0 0;3 3 0 1;4 3 0 0;4 3 0 1;4 4 0 1;5 3 0 0;5 3 0 1;5 4 0 0;,1768.63952,3,64.54077,23.70067,140.38667,9,-0.00199,-0.65202,0.88,0.85,0.0,0,0,0.0,451432.2,570722.6,709998.9,0.0,0.0,0,0.0,0.0,-1,0.0,0.0,sp|P01871|IGHM_HUMAN,IGHM,46,11169100.0,54678200.0,,,-1.0,-1.0,-1,,0,0,0
MS_UNDEP_PL_LAC_bRPLC_NGP_02C.4160.4160.3.0.dta,MS_UNDEP_PL_LAC_bRPLC_NGP_02C.4160.4160.3.0.dta,MS_UNDEP_PL_LAC_bRPLC_NGP_02C,4160,1101.16518,2891.20265,964.40573,3,1,YKJNSDISSTR,,1284.61786,4 4 0 1,H(4)N(4)F(1),(N(F)(N(H(H)(N)(H(N(H)))))),746,0 1 0 0;0 1 0 1;0 2 0 0;0 2 0 1;1 2 0 0;1 2 0 1;1 3 0 0;1 3 0 1;2 2 0 0;2 2 0 1;2 3 0 0;2 3 0 1;3 2 0 0;3 2 0 1;3 3 0 0;3 3 0 1;3 4 0 1;4 3 0 0;4 3 0 1;4 4 0 0;,1606.58669,3,68.4242,20.52032,157.38856,9,-0.0019,-0.65867,0.88,0.75,0.0,0,0,0.0,309978.4,1149658.5,832246.6,0.0,0.0,0,0.0,0.0,-1,0.0,0.0,sp|P01871|IGHM_HUMAN,IGHM,46,11341800.0,49862600.0,,,-1.0,-1.0,-1,,0,0,0
MS_UNDEP_PL_LAC_bRPLC_NGP_02C.4161.4161.3.0.dta,MS_UNDEP_PL_LAC_bRPLC_NGP_02C.4161.4161.3.0.dta,MS_UNDEP_PL_LAC_bRPLC_NGP_02C,4161,1101.31824,2688.1238,896.71279,3,1,YKJNSDISSTR,,1284.61786,4 3 0 1,H(4)N(3)F(1),(N(F)(N(H(H(H))(H(N))))),90,0 1 0 0;0 1 0 1;0 2 0 0;0 2 0 1;1 2 0 0;1 2 0 1;2 2 0 0;2 2 0 1;3 2 0 0;3 2 0 1;3 3 0 1;4 2 0 1;,1403.50732,3,24.33881,12.03332,47.19185,8,-0.00138,-0.51181,0.68421,0.6,0.0,0,0,0.0,178603.1,167838.9,256261.9,0.0,0.0,0,2.448977476212366e-111,5.1789939794298604e-113,-1,0.0,5.1789939794298604e-113,sp|P01871|IGHM_HUMAN,IGHM,46,5152540.0,20046300.0,,,-1.0,-1.0,-1,,0,0,0
MS_UNDEP_PL_LAC_bRPLC_NGP_02C.4164.4164.3.0.dta,MS_UNDEP_PL_LAC_bRPLC_NGP_02C.4164.4164.3.0.dta,MS_UNDEP_PL_LAC_bRPLC_NGP_02C,4164,1101.9594,3094.28208,1032.09888,3,1,YKJNSDISSTR,,1284.61786,4 5 0 1,H(4)N(5)F(1),(N(F)(N(H(N)(H(N))(H(N(H)))))),1333,0 1 0 0;0 1 0 1;0 2 0 0;0 2 0 1;1 2 0 0;1 2 0 1;1 3 0 0;1 3 0 1;2 2 0 0;2 2 0 1;2 3 0 0;2 3 0 1;2 4 0 0;2 4 0 1;3 2 0 1;3 3 0 0;3 3 0 1;3 4 0 0;3 4 0 1;4 3 0 0;4 3 0 1;4 4 0 0;4 4 0 1;,1809.66607,3,52.98492,25.14623,104.68534,7,-0.00184,-0.59429,0.82759,0.85,0.0,0,0,0.0,451667.2,1381133.0,1221479.3,0.0,0.0,0,3.8067161895744306e-251,2.5378107930496207e-252,-1,0.0,2.5378107930496207e-252,sp|P01871|IGHM_HUMAN,IGHM,46,12139800.0,59710200.0,,,-1.0,-1.0,-1,,0,0,0
MS_UNDEP_PL_LAC_bRPLC_NGP_02C.4178.4178.3.0.dta,MS_UNDEP_PL_LAC_bRPLC_NGP_02C.4178.4178.3.0.dta,MS_UNDEP_PL_LAC_bRPLC_NGP_02C,4178,1104.0849,3256.33562,1086.11673,3,1,YKJNSDISSTR,,1284.61786,5 5 0 1,H(5)N(5)F(1),(N(F)(N(H(N)(H(N(H)))(H(N(H)))))),1175,0 1 0 0;0 1 0 1;0 2 0 0;0 2 0 1;1 2 0 0;1 3 0 0;2 2 0 0;2 2 0 1;2 3 0 0;2 3 0 1;3 3 0 0;3 3 0 1;3 4 0 0;3 4 0 1;4 3 0 1;4 4 0 0;4 4 0 1;5 4 0 1;,1971.71889,3,28.55142,5.91999,70.58121,8,-0.00112,-0.34527,0.60606,0.4,0.0,0,0,0.0,395476.6,310395.7,507776.7,0.0,0.0,0,2.462466163165645e-168,6.4809123899552455e-170,-1,0.0,6.4809123899552455e-170,sp|P01871|IGHM_HUMAN,IGHM,46,6104150.0,31701600.0,,,-1.0,-1.0,-1,,0,0,0
MS_UNDEP_PL_LAC_bRPLC_NGP_02C.4180.4180.3.0.dta,MS_UNDEP_PL_LAC_bRPLC_NGP_02C.4180.4180.3.0.dta,MS_UNDEP_PL_LAC_bRPLC_NGP_02C,4180,1104.4911,2932.22946,978.08134,3,1,YKJNSDISSTR,,1284.61786,3 5 0 1,H(3)N(5)F(1),(N(F)(N(H(N)(H(N))(H(N))))),1341,0 1 0 0;0 1 0 1;0 2 0 0;0 2 0 1;1 2 0 0;1 3 0 0;1 3 0 1;2 2 0 0;2 3 0 0;2 3 0 1;2 4 0 0;2 4 0 1;3 2 0 0;3 3 0 0;3 3 0 1;3 4 0 0;3 4 0 1;,1647.61324,3,39.54167,11.76292,91.1308,9,-0.00164,-0.55877,0.82609,0.6,0.0,0,0,0.0,30422.9,442717.8,229237.2,0.0,0.0,0,3.720071124059812e-218,1.6178786464366282e-219,-1,0.0,1.6178786464366282e-219,sp|P01871|IGHM_HUMAN,IGHM,46,6153870.0,27391700.0,,,-1.0,-1.0,-1,,0,0,0
MS_UNDEP_PL_LAC_bRPLC_NGP_02C.4182.4182.3.0.dta,MS_UNDEP_PL_LAC_bRPLC_NGP_02C.4182.4182.3.0.dta,MS_UNDEP_PL_LAC_bRPLC_NGP_02C,4182,1104.7971,3157.26729,1053.09395,3,1,YKJNSDISSTR,,1284.61786,6 3 1 0,H(6)N(3)A(1),(N(N(H(H)(H(H)(H(N(H(A)))))))),2255,0 1 0 0;0 2 0 0;1 2 0 0;2 2 0 0;3 2 0 0;3 3 0 0;4 2 0 0;4 3 0 0;5 2 0 0;5 3 0 0;5 3 1 0;6 3 0 0;,1872.65047,3,39.7241,14.73982,86.12348,7,-0.00104,-0.32984,0.93333,0.65,0.0,0,0,0.0,159804.3,211571.4,215621.5,48974.7,131893.3,0,5.379565735466294e-206,2.069131857967644e-207,-1,0.0,2.069131857967644e-207,sp|P01871|IGHM_HUMAN,IGHM,46,2791460.0,14858600.0,,,-1.0,-1.0,-1,,0,0,0
MS_UNDEP_PL_LAC_bRPLC_NGP_02C.4224.4224.3.1.dta,MS_UNDEP_PL_LAC_bRPLC_NGP_02C.4224.4224.3.1.dta,MS_UNDEP_PL_LAC_bRPLC_NGP_02C,4224,1111.56504,2979.21814,993.74423,3,1,YKJNSDISSTR,,1284.61786,4 3 1 1,H(4)N(3)A(1)F(1),(N(F)(N(H(H)(H(N(H(A))))))),700,0 1 0 0;0 1 0 1;0 2 0 0;0 2 0 1;1 2 0 0;2 2 0 0;2 2 0 1;3 2 0 0;3 2 0 1;3 3 0 1;4 3 0 0;4 3 0 1;,1694.60274,3,27.36631,11.14459,57.49237,9,-0.00245,-0.82382,0.66667,0.6,0.0,0,0,0.0,77123.5,93383.7,116054.9,22794.3,60733.8,0,1.8561426003812808e-136,3.652893554478207e-138,-1,0.0,3.652893554478207e-138,sp|P01871|IGHM_HUMAN,IGHM,46,44513100.0,204556000.0,,,-1.0,-1.0,-1,,0,0,0
MS_UNDEP_PL_LAC_bRPLC_NGP_02C.5353.5353.3.0.dta,MS_UNDEP_PL_LAC_bRPLC_NGP_02C.5353.5353.3.0.dta,MS_UNDEP_PL_LAC_bRPLC_NGP_02C,5353,1369.97004,3344.35008,1115.45488,3,1,YKJNSDISSTR,,1284.61786,5 4 1 1,H(5)N(4)A(1)F(1),(N(F)(N(H(H(N(H)))(H(N(H(A))))))),490,0 1 0 0;0 1 0 1;0 2 0 0;0 2 0 1;1 2 0 0;2 2 0 0;2 2 0 1;3 2 0 0;3 2 0 1;3 3 0 0;3 3 0 1;4 3 0 0;4 3 0 1;4 3 1 0;4 3 1 1;4 4 0 1;5 4 0 0;5 4 0 1;,2059.73493,3,36.28293,5.96307,92.59124,9,-0.00271,-0.80922,0.64516,0.4,0.0,0,0,0.0,227726.4,207564.1,296614.6,39319.4,103239.3,0,1.0466493893387293e-221,4.7716488383287605e-223,-1,0.0,4.7716488383287605e-223,sp|P01871|IGHM_HUMAN,IGHM,46,76548100.0,423072000.0,,,-1.0,-1.0,-1,,0,0,0
MS_UNDEP_PL_LAC_bRPLC_NGP_02C.5393.5393.3.0.dta,MS_UNDEP_PL_LAC_bRPLC_NGP_02C.5393.5393.3.0.dta,MS_UNDEP_PL_LAC_bRPLC_NGP_02C,5393,1376.63142,2979.2186,993.74438,3,1,YKJNSDISSTR,,1284.61786,4 3 1 1,H(4)N(3)A(1)F(1),(N(F)(N(H(H)(H(N(H(A))))))),700,0 1 0 0;0 1 0 1;0 2 0 0;0 2 0 1;1 2 0 0;1 2 0 1;2 2 0 0;2 2 0 1;3 2 0 0;3 2 0 1;3 3 0 1;4 3 0 0;4 3 0 1;,1694.60274,3,31.40224,12.08526,67.27664,9,-0.002,-0.66976,0.71429,0.6,0.0,0,0,0.0,134693.3,165569.0,199401.0,39242.8,110326.6,0,2.6009689298843275e-160,6.196185404118398e-162,-1,0.0,6.196185404118398e-162,sp|P01871|IGHM_HUMAN,IGHM,46,61551100.0,286170000.0,,,-1.0,-1.0,-1,,0,0,0
MS_UNDEP_PL_LAC_bRPLC_NGP_02C.7156.7156.3.2.dta,MS_UNDEP_PL_LAC_bRPLC_NGP_02C.7156.7156.3.2.dta,MS_UNDEP_PL_LAC_bRPLC_NGP_02C,7156,1690.66548,3001.20367,1001.07274,3,1,GHVJITR,,796.44241,5 4 2 0,H(5)N(4)A(2),(N(N(H(H(N(H(A))))(H(N(H(A))))))),1791,0 1 0 0;0 2 0 0;1 2 0 0;2 2 0 0;2 3 0 0;3 2 0 0;3 3 0 0;3 3 1 0;4 3 0 0;4 3 1 0;4 4 0 0;5 4 0 0;5 4 1 0;,2204.77244,4,45.2867,8.86719,112.92293,7,-0.01118,-3.72552,0.88235,0.5,0.0,0,0,0.0,865409.5,1204056.5,1147883.0,158265.5,401013.4,0,3.364679605361909e-271,5.629009100815268e-272,-1,0.0,5.629009100815268e-272,sp|P00734|THRB_HUMAN,F2,121,62475000.0,281697000.0,,,-1.0,-1.0,-1,,0,0,0
MS_UNDEP_PL_LAC_bRPLC_NGP_02C.9347.9347.3.0.dta,MS_UNDEP_PL_LAC_bRPLC_NGP_02C.9347.9347.3.0.dta,MS_UNDEP_PL_LAC_bRPLC_NGP_02C,9347,2062.52154,2780.10198,927.37218,3,1,EEQFJSTYR,,1173.51708,4 4 0 1,H(4)N(4)F(1),(N(F)(N(H(H(N))(H(N(H)))))),670,0 1 0 0;0 1 0 1;0 2 0 0;0 2 0 1;1 2 0 0;1 2 0 1;2 2 0 0;2 2 0 1;2 3 0 0;2 3 0 1;3 2 0 0;3 2 0 1;3 3 0 0;3 3 0 1;4 3 0 0;4 3 0 1;,1606.58669,5,45.91451,9.74625,113.08415,9,-0.0018,-0.64759,0.85714,0.5,0.0,0,0,0.0,446237.3,708425.1,727256.1,0.0,0.0,0,1.3633149086753154e-271,1.9913393348937886e-272,-1,0.0,1.9913393348937886e-272,sp|P01861|IGHG4_HUMAN,IGHG4,177,69448400.0,297392000.0,,,-1.0,-1.0,-1,,0,0,0
MS_UNDEP_PL_LAC_bRPLC_NGP_02C.9348.9348.2.0.dta,MS_UNDEP_PL_LAC_bRPLC_NGP_02C.9348.9348.2.0.dta,MS_UNDEP_PL_LAC_bRPLC_NGP_02C,9348,2062.67862,2780.1033,1390.55529,2,1,EEQFJSTYR,,1173.51708,4 4 0 1,H(4)N(4)F(1),(N(F)(N(H(H(N))(H(N(H)))))),670,0 1 0 0;0 1 0 1;0 2 0 0;0 2 0 1;1 2 0 0;1 2 0 1;2 2 0 0;2 2 0 1;2 3 0 0;2 3 0 1;3 2 0 0;3 2 0 1;3 3 0 0;3 3 0 1;3 4 0 0;3 4 0 1;4 3 0 0;4 3 0 1;4 4 0 0;,1606.58669,5,61.99349,12.48337,153.94084,9,-0.00048,-0.17206,1.0,0.625,0.0,0,0,0.0,710889.6,562026.6,987535.2,0.0,0.0,0,0.0,0.0,-1,0.0,0.0,sp|P01861|IGHG4_HUMAN,IGHG4,177,41343400.0,189302000.0,,,-1.0,-1.0,-1,,0,0,0
MS_UNDEP_PL_LAC_bRPLC_NGP_02C.9447.9447.2.0.dta,MS_UNDEP_PL_LAC_bRPLC_NGP_02C.9447.9447.2.0.dta,MS_UNDEP_PL_LAC_bRPLC_NGP_02C,9447,2078.7687,2618.04831,1309.52779,2,1,EEQFJSTYR,,1173.51708,3 4 0 1,H(3)N(4)F(1),(N(F)(N(H(H(N))(H(N))))),679,0 1 0 0;0 1 0 1;,1444.53387,5,4.95828,6.16758,2.71245,4,-0.00264,-1.00797,0.23529,0.4375,0.0,0,0,0.0,86547.1,536679.4,409638.4,0.0,0.0,0,0.0319028092035491,0.0005506968796316,-1,0.0,0.0005506968796316,sp|P01861|IGHG4_HUMAN,IGHG4,177,92141400.0,394573000.0,,,-1.0,-1.0,-1,,0,0,0
MS_UNDEP_PL_LAC_bRPLC_NGP_02C.9461.9461.3.0.dta,MS_UNDEP_PL_LAC_bRPLC_NGP_02C.9461.9461.3.0.dta,MS_UNDEP_PL_LAC_bRPLC_NGP_02C,9461,2081.13312,2618.04982,873.35479,3,1,EEQFJSTYR,,1173.51708,3 4 0 1,H(3)N(4)F(1),(N(F)(N(H(H(N))(H(N))))),679,0 1 0 0;0 1 0 1;0 2 0 0;0 2 0 1;1 2 0 0;1 2 0 1;2 2 0 0;2 2 0 1;2 3 0 0;2 3 0 1;3 2 0 0;3 2 0 1;3 3 0 0;3 3 0 1;,1444.53387,5,51.06568,17.03979,114.25664,9,-0.00113,-0.43235,0.94118,0.6875,0.0,0,0,0.0,117209.9,1325360.3,746020.5,0.0,0.0,0,1.9115725963736242e-274,2.9506411251936136e-275,-1,0.0,2.9506411251936136e-275,sp|P01861|IGHG4_HUMAN,IGHG4,177,77465800.0,310684000.0,,,-1.0,-1.0,-1,,0,0,0
MS_UNDEP_PL_LAC_bRPLC_NGP_02C.9477.9477.2.0.dta,MS_UNDEP_PL_LAC_bRPLC_NGP_02C.9477.9477.2.0.dta,MS_UNDEP_PL_LAC_bRPLC_NGP_02C,9477,2083.6947,2618.04821,1309.52774,2,1,EEQFJSTYR,,1173.51708,3 4 0 1,H(3)N(4)F(1),(N(F)(N(H(H(N))(H(N))))),679,0 1 0 0;0 1 0 1;0 2 0 0;0 2 0 1;1 2 0 0;1 2 0 1;2 2 0 0;2 2 0 1;2 3 0 0;2 3 0 1;3 2 0 0;3 2 0 1;3 3 0 0;3 3 0 1;3 4 0 0;,1444.53387,5,55.4604,9.93518,140.00723,9,-0.00274,-1.04846,1.0,0.5625,0.0,0,0,0.0,146750.7,906216.9,632793.8,0.0,0.0,0,0.0,0.0,-1,0.0,0.0,sp|P01861|IGHG4_HUMAN,IGHG4,177,92141400.0,394573000.0,,,-1.0,-1.0,-1,,0,0,0
MS_UNDEP_PL_LAC_bRPLC_NGP_02C.11610.11610.3.0.dta,MS_UNDEP_PL_LAC_bRPLC_NGP_02C.11610.11610.3.0.dta,MS_UNDEP_PL_LAC_bRPLC_NGP_02C,11610,2433.19404,2969.17536,990.39664,3,1,DTFVJASR,,909.44247,5 4 1 1,H(5)N(4)A(1)F(1),(N(F)(N(H(H(N(H)))(H(N(H(A))))))),490,0 1 0 0;0 1 0 1;0 2 0 0;0 2 0 1;1 2 0 0;1 2 0 1;2 2 0 0;2 2 0 1;2 3 0 0;2 3 0 1;3 2 0 0;3 2 0 1;3 3 0 0;3 3 0 1;3 3 1 0;3 3 1 1;4 3 0 0;4 3 0 1;4 3 1 0;4 3 1 1;4 4 0 0;5 4 0 0;5 4 0 1;,2059.73493,5,55.33433,13.91829,132.24982,9,-0.00205,-0.68952,0.80645,0.64286,0.0,0,0,0.0,764767.4,510036.1,720009.4,89081.9,261843.0,0,3.5555e-318,5.9258e-319,-1,0.0,5.9258e-319,sp|P05155|IC1_HUMAN,SERPING1,238,22380300.0,100989000.0,,,-1.0,-1.0,-1,,0,0,0
MS_UNDEP_PL_LAC_bRPLC_NGP_02C.12958.12958.3.0.dta,MS_UNDEP_PL_LAC_bRPLC_NGP_02C.12958.12958.3.0.dta,MS_UNDEP_PL_LAC_bRPLC_NGP_02C,12958,2652.4731,2765.09164,922.36873,3,1,EEQFJSTFR,"3,Deamidated[Q];",1158.50619,4 4 0 1,H(4)N(4)F(1),(N(F)(N(H(H(N))(H(N(H)))))),670,0 1 0 0;0 1 0 1;0 2 0 0;0 2 0 1;1 2 0 0;1 2 0 1;2 2 0 0;2 2 0 1;2 3 0 0;2 3 0 1;3 2 0 0;3 2 0 1;3 3 0 0;3 3 0 1;3 4 0 0;4 3 0 0;4 3 0 1;,1606.58669,5,46.04197,8.53149,115.70429,9,-0.00125,-0.45147,0.90476,0.5,0.0,0,0,0.0,337128.8,575131.4,617289.9,0.0,0.0,0,5.742038846196953e-278,7.177548557746192e-279,-1,0.0,7.177548557746192e-279,sp|P01859|IGHG2_HUMAN,IGHG2,176,24882900.0,105012000.0,,,-1.0,-1.0,-1,,0,0,0
MS_UNDEP_PL_LAC_bRPLC_NGP_02C.13006.13006.2.0.dta,MS_UNDEP_PL_LAC_bRPLC_NGP_02C.13006.13006.2.0.dta,MS_UNDEP_PL_LAC_bRPLC_NGP_02C,13006,2660.253,2765.09282,1383.05005,2,1,EEQFJSTFR,"3,Deamidated[Q];",1158.50619,4 4 0 1,H(4)N(4)F(1),(N(F)(N(H(H(N))(H(N(H)))))),670,0 1 0 0;0 1 0 1;0 2 0 0;0 2 0 1;1 2 0 0;1 2 0 1;2 2 0 0;2 2 0 1;2 3 0 0;2 3 0 1;3 2 0 0;3 2 0 1;3 3 0 0;3 3 0 1;3 4 0 0;3 4 0 1;4 3 0 0;4 3 0 1;4 4 0 0;,1606.58669,5,43.62457,5.53327,114.36554,9,-7e-05,-0.02544,1.0,0.375,0.0,0,0,0.0,260992.3,215543.0,396566.7,0.0,0.0,0,1.0384943249353699e-274,1.1545205875777665e-275,-1,0.0,1.1545205875777665e-275,sp|P01859|IGHG2_HUMAN,IGHG2,176,21289400.0,92465700.0,,,-1.0,-1.0,-1,,0,0,0
MS_UNDEP_PL_LAC_bRPLC_NGP_02C.13086.13086.2.0.dta,MS_UNDEP_PL_LAC_bRPLC_NGP_02C.13086.13086.2.0.dta,MS_UNDEP_PL_LAC_bRPLC_NGP_02C,13086,2673.1902,2603.03954,1302.02341,2,1,EEQFJSTFR,"3,Deamidated[Q];",1158.50619,3 4 0 1,H(3)N(4)F(1),(N(F)(N(H(H(N))(H(N))))),679,0 1 0 0;0 1 0 1;0 2 0 0;0 2 0 1;1 2 0 0;1 2 0 1;2 2 0 0;2 2 0 1;2 3 0 0;2 3 0 1;3 2 0 0;3 2 0 1;3 3 0 0;3 3 0 1;3 4 0 0;,1444.53387,5,65.78562,22.49382,146.18469,9,-0.00052,-0.20012,1.0,0.75,0.0,0,0,0.0,213421.3,1429945.0,1007762.1,0.0,0.0,0,0.0,0.0,-1,0.0,0.0,sp|P01859|IGHG2_HUMAN,IGHG2,176,106086000.0,431375000.0,,,-1.0,-1.0,-1,,0,0,0
MS_UNDEP_PL_LAC_bRPLC_NGP_02C.13087.13087.3.0.dta,MS_UNDEP_PL_LAC_bRPLC_NGP_02C.13087.13087.3.0.dta,MS_UNDEP_PL_LAC_bRPLC_NGP_02C,13087,2673.34338,2603.04004,868.35153,3,1,EEQFJSTFR,"3,Deamidated[Q];",1158.50619,3 4 0 1,H(3)N(4)F(1),(N(F)(N(H(H(N))(H(N))))),679,0 1 0 0;0 1 0 1;0 2 0 0;0 2 0 1;1 2 0 0;1 2 0 1;2 2 0 0;2 2 0 1;2 3 0 0;2 3 0 1;3 2 0 0;3 2 0 1;3 3 0 0;3 3 0 1;,1444.53387,5,41.54583,8.21732,103.44164,9,-2e-05,-0.00842,0.94118,0.5,0.0,0,0,0.0,46993.1,558935.9,307633.3,0.0,0.0,0,4.063884200592886e-248,2.542306822989037e-249,-1,0.0,2.542306822989037e-249,sp|P01859|IGHG2_HUMAN,IGHG2,176,45938100.0,174496000.0,,,-1.0,-1.0,-1,,0,0,0
MS_UNDEP_PL_LAC_bRPLC_NGP_02C.15389.15389.5.0.dta,MS_UNDEP_PL_LAC_bRPLC_NGP_02C.15389.15389.5.0.dta,MS_UNDEP_PL_LAC_bRPLC_NGP_02C,15389,3051.98466,5159.16755,1032.63933,5,1,SRYPHKPEIJSTTHPGADLQEJFCR,"24,Carbamidomethyl[C];",2954.39621,5 4 2 0,H(5)N(4)A(2),(N(N(H(H(N(H(A))))(H(N(H(A))))))),1791,0 1 0 0;0 2 0 0;1 2 0 0;2 2 0 0;3 2 0 0;3 3 0 0;3 3 1 0;4 3 0 0;4 3 1 0;5 4 0 0;5 4 1 0;,2204.77244,10,25.83589,16.88094,42.46653,5,-0.0011,-0.21322,0.64706,0.33333,0.0,0,0,0.0,102937.0,123013.0,296809.3,29822.9,109561.1,0,5.73080585366129e-100,9.725055780621548e-102,-1,0.0,9.725055780621548e-102,sp|P00734|THRB_HUMAN,F2,143,9556550.0,149695000.0,,,-1.0,-1.0,-1,,0,0,0
MS_UNDEP_PL_LAC_bRPLC_NGP_02C.15779.15779.4.2.dta,MS_UNDEP_PL_LAC_bRPLC_NGP_02C.15779.15779.4.2.dta,MS_UNDEP_PL_LAC_bRPLC_NGP_02C,15779,3115.72638,3528.59899,882.9052,4,1,KCQLJLTDSEJRTALIK,"2,Carbamidomethyl[C];",2004.05425,6 2 0 1,H(6)N(2)F(1),(N(F)(N(H(H)(H(H(H(H))))))),682,0 1 0 0;0 2 0 0;1 2 0 0;2 2 0 1;3 2 0 1;4 2 0 1;5 2 0 1;,1524.53359,5,5.76501,5.98534,5.35584,3,0.01114,3.15787,0.41176,0.25,0.0,0,0,98461.0,49213.9,136685.8,130418.5,0.0,0.0,0,5.3485443979786137e-11,7.994742546669319e-13,-1,0.0,7.994742546669319e-13,sp|A6NC57|ANR62_HUMAN,ANKRD62,99,27858000.0,200824000.0,,,-1.0,-1.0,-1,,0,0,0
MS_UNDEP_PL_LAC_bRPLC_NGP_02C.19328.19328.3.0.dta,MS_UNDEP_PL_LAC_bRPLC_NGP_02C.19328.19328.3.0.dta,MS_UNDEP_PL_LAC_bRPLC_NGP_02C,19328,3692.98902,3649.63149,1217.21535,3,1,TVLTPATNHMGJVTFTIPANR,"10,Oxidation[M];",2271.15503,6 2 0 0,H(6)N(2),(N(N(H(H(H))(H(H(H)))))),1628,0 1 0 0;0 2 0 0;1 2 0 0;2 2 0 0;3 2 0 0;4 2 0 0;5 2 0 0;,1378.47569,12,17.63269,10.55589,30.77532,6,0.00078,0.2128,0.88889,0.275,0.0,0,0,17494.1,14204.1,39942.2,34104.9,0.0,0.0,0,9.454150302173196e-72,9.90689034697662e-74,-1,0.0,9.90689034697662e-74,sp|P01024|CO3_HUMAN,C3,85,2581640.0,18661500.0,,,-1.0,-1.0,-1,,0,0,0
MS_UNDEP_PL_LAC_bRPLC_NGP_02C.21762.21762.3.1.dta,MS_UNDEP_PL_LAC_bRPLC_NGP_02C.21762.21762.3.1.dta,MS_UNDEP_PL_LAC_bRPLC_NGP_02C,21762,4091.53422,3713.74058,1238.58504,3,1,IIVPLNNREJISDPTSPLR,,2148.17714,5 3 0 1,H(5)N(3)F(1),(N(F)(N(H(H(H))(H(N(H)))))),81,0 1 0 0;0 1 0 1;0 2 0 1;2 2 0 0;2 2 0 1;3 2 0 0;3 2 0 1;4 2 0 0;4 2 0 1;,1565.56014,10,12.27586,6.08158,23.77951,7,0.0033,0.88745,0.52381,0.19444,0.0,0,0,0.0,190353.8,121722.4,282173.5,0.0,0.0,0,7.494730499413597e-55,1.18459356586495e-56,-1,0.0,1.18459356586495e-56,sp|P01591|IGJ_HUMAN,JCHAIN,71,4551490.0,34764900.0,,,-1.0,-1.0,-1,,0,0,0
MS_UNDEP_PL_LAC_bRPLC_NGP_02C.22917.22917.3.0.dta,MS_UNDEP_PL_LAC_bRPLC_NGP_02C.22917.22917.3.0.dta,MS_UNDEP_PL_LAC_bRPLC_NGP_02C,22917,4280.88444,4414.80458,1472.27304,3,1,GLTFQQJASSMCVPDQDTAIR,"12,Carbamidomethyl[C];11,Oxidation[M];",2355.07037,5 4 1 1,H(5)N(4)A(1)F(1),(N(F)(N(H(H(N(H)))(H(N(H(A))))))),490,0 1 0 0;0 1 0 1;0 2 0 0;3 3 0 0;3 3 0 1;4 3 0 0;4 3 0 1;4 3 1 1;,2059.73493,7,12.04359,13.08426,10.11091,5,-0.00073,-0.16452,0.32258,0.4,0.0,0,0,0.0,248681.0,192252.4,288985.9,24267.7,43788.0,0,4.078069774497529e-22,3.4508256387303785e-24,-1,0.0,3.4508256387303785e-24,sp|P01871|IGHM_HUMAN,IGHM,209,7858740.0,85802700.0,,,-1.0,-1.0,-1,,0,0,0
MS_UNDEP_PL_LAC_bRPLC_NGP_02C.23118.23118.3.0.dta,MS_UNDEP_PL_LAC_bRPLC_NGP_02C.23118.23118.3.0.dta,MS_UNDEP_PL_LAC_bRPLC_NGP_02C,23118,4313.86332,4414.80463,1472.27306,3,1,GLTFQQJASSMCVPDQDTAIR,"12,Carbamidomethyl[C];11,Oxidation[M];",2355.07037,5 4 1 1,H(5)N(4)A(1)F(1),(N(F)(N(H(H(N(H)))(H(N(H(A))))))),490,0 1 0 0;0 1 0 1;3 3 0 0;3 3 0 1;4 3 0 0;4 3 0 1;4 3 1 1;,2059.73493,7,4.78319,5.56125,3.33821,3,-0.00068,-0.15365,0.25806,0.225,0.0,0,0,0.0,179934.4,155486.2,219312.7,17300.4,37859.5,0,9.100817987309818e-05,1.1332260466163283e-06,-1,0.0,1.1332260466163283e-06,sp|P01871|IGHM_HUMAN,IGHM,209,8673340.0,94253900.0,,,-1.0,-1.0,-1,,0,0,0
MS_UNDEP_PL_LAC_bRPLC_NGP_02C.24884.24884.3.0.dta,MS_UNDEP_PL_LAC_bRPLC_NGP_02C.24884.24884.3.0.dta,MS_UNDEP_PL_LAC_bRPLC_NGP_02C,24884,4602.49626,4601.88714,1534.6339,3,1,GLTFQQJASSMCVPDQDTAIR,"12,Carbamidomethyl[C];",2339.07546,5 5 1 1,H(5)N(5)A(1)F(1),(N(F)(N(H(H(N))(H(N(H))(N(H(A))))))),666,0 1 0 0;0 1 0 1;0 2 0 0;0 2 0 1;2 2 0 0;3 3 0 0;3 4 0 0;3 4 0 1;3 4 1 1;4 3 0 1;4 4 0 0;4 4 0 1;4 4 1 0;4 4 1 1;5 4 0 0;5 4 0 1;5 4 1 1;5 5 0 0;5 5 0 1;,2262.81431,7,35.61296,31.23717,43.73942,7,-0.00262,-0.56973,0.46667,0.625,0.0,0,0,0.0,573953.9,562951.0,726721.0,63048.5,126149.3,0,5.054425694169948e-103,7.167768113978438e-105,-1,0.0,7.167768113978438e-105,sp|P01871|IGHM_HUMAN,IGHM,209,8715280.0,102698000.0,,,-1.0,-1.0,-1,,0,0,0
MS_UNDEP_PL_LAC_bRPLC_NGP_02C.24904.24904.3.0.dta,MS_UNDEP_PL_LAC_bRPLC_NGP_02C.24904.24904.3.0.dta,MS_UNDEP_PL_LAC_bRPLC_NGP_02C,24904,4605.74076,4618.9124,1540.30898,3,1,GLTFQQJASSMCVPDQDTAIR,"12,Carbamidomethyl[C];6,Deamidated[Q];",2340.05947,6 5 1 0,H(6)N(5)A(1),(N(N(H(H(N(H(A))))(H(N(H))(N(H)))))),1803,0 1 0 0;3 3 0 0;3 4 0 0;4 4 0 0;,2278.80922,7,9.3374,13.50455,1.5984,2,0.04371,9.4623,0.20833,0.425,0.0,0,0,0.0,291983.1,288655.7,364946.2,32906.9,71648.3,0,0.0081435563393178,0.0077810806103794,-1,0.0,0.0077810806103794,sp|P01871|IGHM_HUMAN,IGHM,209,941836.0,9133930.0,,,-1.0,-1.0,-1,,0,0,0
MS_UNDEP_PL_LAC_bRPLC_NGP_02C.24936.24936.4.1.dta,MS_UNDEP_PL_LAC_bRPLC_NGP_02C.24936.24936.4.1.dta,MS_UNDEP_PL_LAC_bRPLC_NGP_02C,24936,4611.01512,4398.81041,1100.45806,4,1,GLTFQQJASSMCVPDQDTAIR,"12,Carbamidomethyl[C];",2339.07546,5 4 1 1,H(5)N(4)A(1)F(1),(N(F)(N(H(H(N(H)))(H(N(H(A))))))),490,0 1 0 0;0 1 0 1;0 2 0 0;1 2 0 0;2 2 0 0;2 2 0 1;3 2 0 0;3 2 0 1;3 3 0 0;4 3 0 0;4 3 0 1;,2059.73493,7,23.73873,23.45821,24.2597,7,2e-05,0.00379,0.3871,0.525,0.0,0,0,0.0,260107.7,187961.1,256042.9,32766.7,88257.9,0,5.287569652235513e-56,4.602520001678572e-58,-1,0.0,4.602520001678572e-58,sp|P01871|IGHM_HUMAN,IGHM,209,6446270.0,64535600.0,,,-1.0,-1.0,-1,,0,0,0
MS_UNDEP_PL_LAC_bRPLC_NGP_02C.24968.24968.3.0.dta,MS_UNDEP_PL_LAC_bRPLC_NGP_02C.24968.24968.3.0.dta,MS_UNDEP_PL_LAC_bRPLC_NGP_02C,24968,4616.28504,4127.8189,1376.61115,3,1,TVLTPATNHMGJVTFTIPANR,,2255.16011,6 3 1 0,H(6)N(3)A(1),(N(N(H(H)(H(H)(H(N(H(A)))))))),2255,0 1 0 0;0 2 0 0;1 2 0 0;2 2 0 0;3 2 0 0;4 2 0 0;4 3 0 0;4 3 1 0;5 2 0 0;5 3 0 0;5 3 1 0;6 3 0 0;,1872.65047,12,44.91528,26.90403,78.36476,7,0.00831,2.01428,0.93333,0.45,0.0,0,0,0.0,332836.5,370021.7,452363.2,67166.4,165041.0,0,3.4042293871882173e-187,1.225488220306496e-188,-1,0.0,1.225488220306496e-188,sp|P01024|CO3_HUMAN,C3,85,16615900.0,140708000.0,,,-1.0,-1.0,-1,,0,0,0
MS_UNDEP_PL_LAC_bRPLC_NGP_02C.25046.25046.3.2.dta,MS_UNDEP_PL_LAC_bRPLC_NGP_02C.25046.25046.3.2.dta,MS_UNDEP_PL_LAC_bRPLC_NGP_02C,25046,4629.2301,4439.8324,1480.61565,3,1,GLTFQQJASSMCVPDQDTAIR,"12,Carbamidomethyl[C];",2339.07546,4 5 1 1,H(4)N(5)A(1)F(1),(N(F)(N(H(H(N)(N))(H(N(H(A))))))),624,0 1 0 0;0 1 0 1;0 2 0 0;2 3 0 0;2 3 0 1;2 4 0 0;2 4 0 1;3 3 0 0;3 3 0 1;4 4 0 1;4 4 1 1;,2100.76148,7,13.33844,15.72629,8.90386,4,-0.00454,-1.02243,0.34286,0.45,0.0,0,0,0.0,286562.5,342606.6,416444.7,28463.8,84771.5,0,2.2765866564035e-19,3.7578882020336804e-21,-1,0.0,3.7578882020336804e-21,sp|P01871|IGHM_HUMAN,IGHM,209,3510660.0,41033000.0,,,-1.0,-1.0,-1,,0,0,0
MS_UNDEP_PL_LAC_bRPLC_NGP_02C.25077.25077.3.2.dta,MS_UNDEP_PL_LAC_bRPLC_NGP_02C.25077.25077.3.2.dta,MS_UNDEP_PL_LAC_bRPLC_NGP_02C,25077,4634.27562,4398.80825,1466.94093,3,1,GLTFQQJASSMCVPDQDTAIR,"12,Carbamidomethyl[C];",2339.07546,5 4 1 1,H(5)N(4)A(1)F(1),(N(F)(N(H(H(N(H)))(H(N(H(A))))))),490,0 1 0 0;0 1 0 1;2 2 0 0;3 3 0 0;3 3 0 1;4 3 0 0;4 3 0 1;4 3 1 1;,2059.73493,7,13.13536,18.10417,3.90757,3,-0.00214,-0.48679,0.25806,0.475,0.0,0,0,0.0,272056.8,216492.9,309304.3,26360.3,59106.6,0,1.289868731651549e-07,1.555808482946939e-09,-1,0.0,1.555808482946939e-09,sp|P01871|IGHM_HUMAN,IGHM,209,22564900.0,234785000.0,,,-1.0,-1.0,-1,,0,0,0
MS_UNDEP_PL_LAC_bRPLC_NGP_02C.25218.25218.3.2.dta,MS_UNDEP_PL_LAC_bRPLC_NGP_02C.25218.25218.3.2.dta,MS_UNDEP_PL_LAC_bRPLC_NGP_02C,25218,4657.3848,3999.80147,1333.93867,3,1,VVLHPJYSQVDIGLIK,,1795.01124,5 4 2 0,H(5)N(4)A(2),(N(N(H(H(N(H(A))))(H(N(H(A))))))),1791,0 1 0 0;0 2 0 0;1 2 0 0;2 2 0 0;2 3 0 0;3 2 0 0;3 3 0 0;4 3 0 0;4 4 0 0;5 4 0 0;5 4 1 0;,2204.77244,6,13.73573,5.85447,28.37234,5,0.01779,4.44821,0.64706,0.26667,0.0,0,0,0.0,202112.5,204283.6,290364.4,33662.0,73172.6,0,6.446433810660448e-66,1.2415846867036719e-67,-1,0.0,1.2415846867036719e-67,sp|P00738|HPT_HUMAN,HP,241,39487200.0,148772000.0,,,-1.0,-1.0,-1,,0,0,0
MS_UNDEP_PL_LAC_bRPLC_NGP_02C.25280.25280.3.0.dta,MS_UNDEP_PL_LAC_bRPLC_NGP_02C.25280.25280.3.0.dta,MS_UNDEP_PL_LAC_bRPLC_NGP_02C,25280,4667.50542,4073.81936,1358.6113,3,1,VVLHPJYSQVDIGLIK,,1795.01124,6 5 1 0,H(6)N(5)A(1),(N(N(H(H(N(H(A))))(H(N(H))(N(H)))))),1803,0 1 0 0;0 2 0 0;1 2 0 0;2 2 0 0;2 3 0 0;3 2 0 0;3 3 0 0;3 3 1 0;4 3 0 0;4 4 0 0;4 4 1 0;5 4 0 0;5 4 1 0;6 5 0 0;,2278.80922,6,23.09486,11.34298,44.91977,6,-0.0011,-0.27013,0.625,0.4,0.0,0,0,0.0,628793.5,313356.4,763281.2,0.0,77576.4,0,7.367356851480705e-106,1.0677379809622848e-107,-1,0.0,1.0677379809622848e-107,sp|P00738|HPT_HUMAN,HP,241,34878200.0,314879000.0,,,-1.0,-1.0,-1,,0,0,0
MS_UNDEP_PL_LAC_bRPLC_NGP_02C.25282.25282.3.1.dta,MS_UNDEP_PL_LAC_bRPLC_NGP_02C.25282.25282.3.1.dta,MS_UNDEP_PL_LAC_bRPLC_NGP_02C,25282,4667.81244,3854.74554,1285.5867,3,1,VVLHPJYSQVDIGLIK,,1795.01124,5 4 1 1,H(5)N(4)A(1)F(1),(N(N(H(H(N(H)))(H(N(F)(H(A))))))),2025,0 1 0 0;0 2 0 0;1 2 0 0;2 2 0 0;2 3 0 0;3 2 0 0;3 3 0 0;3 3 0 1;4 3 0 0;4 3 0 1;4 3 1 0;4 3 1 1;5 4 0 1;,2059.73493,6,13.9963,7.42463,26.20081,5,-0.00063,-0.163,0.5,0.3,0.0,0,0,0.0,216797.6,216481.6,288566.7,34456.3,76650.5,0,1.1409738145708681e-60,1.570876603525135e-62,-1,0.0,1.570876603525135e-62,sp|P00738|HPT_HUMAN,HP,241,8125290.0,58209900.0,,,-1.0,-1.0,-1,,0,0,0
MS_UNDEP_PL_LAC_bRPLC_NGP_02C.25298.25298.4.4.dta,MS_UNDEP_PL_LAC_bRPLC_NGP_02C.25298.25298.4.4.dta,MS_UNDEP_PL_LAC_bRPLC_NGP_02C,25298,4670.39928,3999.8018,1000.70591,4,1,VVLHPJYSQVDIGLIK,,1795.01124,5 4 2 0,H(5)N(4)A(2),(N(N(H(H(N(H(A))))(H(N(H(A))))))),1791,0 1 0 0;0 2 0 0;1 2 0 0;2 2 0 0;2 3 0 0;3 2 0 0;3 3 0 0;4 3 0 0;4 4 0 0;5 4 0 0;5 4 1 0;,2204.77244,6,15.18267,8.44333,27.69858,5,0.01813,4.53172,0.64706,0.36667,0.0,0,0,0.0,155331.2,139980.1,178103.2,37980.2,105284.2,0,2.7591239925826503e-64,6.859908116184278e-66,-1,0.0,6.859908116184278e-66,sp|P00738|HPT_HUMAN,HP,241,8017480.0,31868000.0,,,-1.0,-1.0,-1,,0,0,0
MS_UNDEP_PL_LAC_bRPLC_NGP_02C.25376.25376.2.0.dta,MS_UNDEP_PL_LAC_bRPLC_NGP_02C.25376.25376.2.0.dta,MS_UNDEP_PL_LAC_bRPLC_NGP_02C,25376,4683.14928,3783.53385,1892.27056,2,1,LNAENJATFYFK,,1431.6903,5 4 1 3,H(5)N(4)A(1)F(3),(N(F)(N(H(H(N(H)(F)))(H(N(F)(H(A))))))),347,0 1 0 0;0 1 0 1;0 2 0 0;4 3 1 1;5 4 0 3;5 4 1 1;,2351.85075,6,4.87787,5.77106,3.21911,4,-0.0072,-1.90217,0.15217,0.36364,0.0,0,0,0.0,228546.3,221470.5,288741.5,35271.1,66807.3,0,0.0003716038110352,3.958869317109771e-06,-1,0.0,3.958869317109771e-06,sp|P01042|KNG1_HUMAN,KNG1,294,111868.0,365499.0,,,0.0,0.0,-1,,0,0,0
MS_UNDEP_PL_LAC_bRPLC_NGP_02C.25379.25379.2.0.dta,MS_UNDEP_PL_LAC_bRPLC_NGP_02C.25379.25379.2.0.dta,MS_UNDEP_PL_LAC_bRPLC_NGP_02C,25379,4683.62232,3709.70184,1855.35456,2,1,VVLHPJYSQVDIGLIK,,1795.01124,5 4 0 2,H(5)N(4)F(2),(N(N(H(H(N(H(F))))(H(N(H(F))))))),1807,0 1 0 0;0 2 0 0;1 2 0 0;2 2 0 0;2 3 0 0;3 2 0 0;3 3 0 0;4 3 0 0;4 4 0 0;5 4 0 0;,1914.69742,6,19.14495,8.72222,38.50146,6,-0.00683,-1.8402,0.64706,0.33333,0.0,0,0,0.0,82602.4,135505.0,374726.7,0.0,0.0,0,1.8907745172885095e-90,5.3920967182009495e-92,-1,0.0,5.3920967182009495e-92,sp|P00738|HPT_HUMAN,HP,241,1731070.0,7591020.0,,,-1.0,-1.0,-1,,0,0,0
MS_UNDEP_PL_LAC_bRPLC_NGP_02C.25408.25408.3.0.dta,MS_UNDEP_PL_LAC_bRPLC_NGP_02C.25408.25408.3.0.dta,MS_UNDEP_PL_LAC_bRPLC_NGP_02C,25408,4688.43282,3708.68417,1236.89957,3,1,VVLHPJYSQVDIGLIK,,1795.01124,5 4 1 0,H(5)N(4)A(1),(N(N(H(H(N(H)))(H(N(H(A))))))),2036,0 1 0 0;0 2 0 0;1 2 0 0;2 2 0 0;2 3 0 0;3 2 0 0;3 3 0 0;3 3 1 0;4 3 0 0;4 3 1 0;4 4 0 0;5 4 0 0;,1913.67702,6,69.19112,45.59913,113.00483,7,-0.00409,-1.10322,0.875,0.73333,0.0,0,0,0.0,5171629.7,4376323.4,7316935.3,827479.5,1966599.2,0,2.1263259339069203e-271,3.473794719830359e-272,-1,0.0,3.473794719830359e-272,sp|P00738|HPT_HUMAN,HP,241,308262000.0,2288060000.0,,,-1.0,-1.0,-1,,0,0,0
MS_UNDEP_PL_LAC_bRPLC_NGP_02C.25524.25524.2.2.dta,MS_UNDEP_PL_LAC_bRPLC_NGP_02C.25524.25524.2.2.dta,MS_UNDEP_PL_LAC_bRPLC_NGP_02C,25524,4707.55656,3709.70153,1855.3544,2,1,VVLHPJYSQVDIGLIK,"9,Deamidated[Q];",1795.99525,5 4 1 0,H(5)N(4)A(1),(N(N(H(H(N(H)))(H(N(H(A))))))),2036,0 2 0 0;2 2 0 0;3 2 0 0;3 3 0 0;4 3 0 0;4 4 0 0;5 4 0 0;,1913.67702,6,11.4945,11.84465,10.84422,4,0.02925,7.88487,0.5,0.4,0.0,0,0,0.0,133437.8,190275.3,509318.4,0.0,26420.4,0,8.70617613060145e-24,9.247613926767904e-26,-1,0.0,9.247613926767904e-26,sp|P00738|HPT_HUMAN,HP,241,1086070.0,6350940.0,,,-1.0,-1.0,-1,,0,0,0
MS_UNDEP_PL_LAC_bRPLC_NGP_02C.25536.25536.4.1.dta,MS_UNDEP_PL_LAC_bRPLC_NGP_02C.25536.25536.4.1.dta,MS_UNDEP_PL_LAC_bRPLC_NGP_02C,25536,4709.51694,3708.68698,927.9272,4,1,VVLHPJYSQVDIGLIK,,1795.01124,5 4 1 0,H(5)N(4)A(1),(N(N(H(H(N(H)))(H(N(H(A))))))),2036,0 1 0 0;0 2 0 0;1 2 0 0;2 2 0 0;2 3 0 0;3 2 0 0;3 3 0 0;3 3 1 0;4 3 0 0;4 3 1 0;4 4 0 0;5 4 0 0;,1913.67702,6,43.46235,23.93452,79.72833,7,-0.00129,-0.34662,0.875,0.53333,0.0,0,0,0.0,572752.2,507081.0,775538.3,88844.5,247766.1,0,1.698150721724048e-190,6.064889683802793e-192,-1,0.0,6.064889683802793e-192,sp|P00738|HPT_HUMAN,HP,241,36731500.0,264164000.0,,,-1.0,-1.0,-1,,0,0,0
MS_UNDEP_PL_LAC_bRPLC_NGP_02C.25600.25600.3.4.dta,MS_UNDEP_PL_LAC_bRPLC_NGP_02C.25600.25600.3.4.dta,MS_UNDEP_PL_LAC_bRPLC_NGP_02C,25600,4720.06272,3708.68428,1236.89961,3,1,VVLHPJYSQVDIGLIK,,1795.01124,5 4 1 0,H(5)N(4)A(1),(N(N(H(H(N(H)))(H(N(H(A))))))),2036,0 1 0 0;0 2 0 0;1 2 0 0;2 2 0 0;2 3 0 0;3 2 0 0;3 3 0 0;3 3 1 0;4 3 0 0;4 3 1 0;4 4 0 0;5 4 0 0;,1913.67702,6,52.28569,29.13908,95.27226,7,-0.00399,-1.07491,0.875,0.56667,0.0,0,0,0.0,4119682.7,3330800.3,6034711.2,406684.7,1110045.2,0,3.146010774281121e-228,1.6974612264711587e-229,-1,0.0,1.6974612264711587e-229,sp|P00738|HPT_HUMAN,HP,241,308262000.0,2288060000.0,,,-1.0,-1.0,-1,,0,0,0
MS_UNDEP_PL_LAC_bRPLC_NGP_02C.25665.25665.3.0.dta,MS_UNDEP_PL_LAC_bRPLC_NGP_02C.25665.25665.3.0.dta,MS_UNDEP_PL_LAC_bRPLC_NGP_02C,25665,4730.73648,3636.4633,1212.82595,3,1,LNAENJATFYFK,,1431.6903,5 4 2 0,H(5)N(4)A(2),(N(N(H(H(N(H(A))))(H(N(H(A))))))),1791,0 1 0 0;1 2 0 0;2 2 0 0;3 2 0 0;3 3 0 0;3 3 1 0;4 3 0 0;4 3 1 0;5 4 0 0;5 4 1 0;,2204.77244,6,14.94155,7.44944,28.85549,5,0.00057,0.15591,0.64706,0.40909,0.0,0,0,0.0,242755.4,259740.7,301315.6,68731.0,148368.2,0,4.3445433778912624e-67,4.356549041400775e-69,-1,0.0,4.356549041400775e-69,sp|P01042|KNG1_HUMAN,KNG1,294,18915800.0,131513000.0,,,-1.0,-1.0,-1,,0,0,0
MS_UNDEP_PL_LAC_bRPLC_NGP_02C.25796.25796.3.3.dta,MS_UNDEP_PL_LAC_bRPLC_NGP_02C.25796.25796.3.3.dta,MS_UNDEP_PL_LAC_bRPLC_NGP_02C,25796,4752.02862,3708.68431,1236.89962,3,1,VVLHPJYSQVDIGLIK,,1795.01124,5 4 1 0,H(5)N(4)A(1),(N(N(H(H(N(H)))(H(N(H(A))))))),2036,0 1 0 0;0 2 0 0;1 2 0 0;2 2 0 0;2 3 0 0;3 2 0 0;3 3 0 0;3 3 1 0;4 3 0 0;4 3 1 0;5 4 0 0;,1913.67702,6,24.82733,12.13656,48.3959,6,-0.00396,-1.06682,0.75,0.4,0.0,0,0,0.0,927247.2,771107.5,1346757.3,190170.4,458911.6,0,2.9744214862269024e-114,5.454791548856923e-116,-1,0.0,5.454791548856923e-116,sp|P00738|HPT_HUMAN,HP,241,308262000.0,2288060000.0,,,-1.0,-1.0,-1,,0,0,0
MS_UNDEP_PL_LAC_bRPLC_NGP_02C.26142.26142.3.3.dta,MS_UNDEP_PL_LAC_bRPLC_NGP_02C.26142.26142.3.3.dta,MS_UNDEP_PL_LAC_bRPLC_NGP_02C,26142,4808.93628,3708.68632,1236.90029,3,1,VVLHPJYSQVDIGLIK,,1795.01124,5 4 1 0,H(5)N(4)A(1),(N(N(H(H(N(H)))(H(N(H(A))))))),2036,0 1 0 0;0 2 0 0;1 2 0 0;2 2 0 0;2 3 0 0;3 2 0 0;3 3 0 0;3 3 1 0;4 3 0 0;4 3 1 0;5 4 0 0;,1913.67702,6,16.34359,5.52901,36.42781,6,-0.00194,-0.52242,0.75,0.26667,0.0,0,0,0.0,151641.2,126283.8,214134.7,26123.1,70420.1,0,1.8741905159895e-85,2.4860522288103384e-87,-1,0.0,2.4860522288103384e-87,sp|P00738|HPT_HUMAN,HP,241,285040000.0,2110620000.0,,,-1.0,-1.0,-1,,0,0,0
MS_UNDEP_PL_LAC_bRPLC_NGP_02C.26510.26510.3.0.dta,MS_UNDEP_PL_LAC_bRPLC_NGP_02C.26510.26510.3.0.dta,MS_UNDEP_PL_LAC_bRPLC_NGP_02C,26510,4869.18054,3928.65214,1310.22223,3,1,VIDFJCTTSSVSSALANTK,"6,Carbamidomethyl[C];",2014.975,5 4 1 0,H(5)N(4)A(1),(N(N(H(H(N(H)))(H(N(H(A))))))),2036,0 1 0 0;2 2 0 0;3 2 0 0;3 3 0 0;4 3 0 0;4 3 1 0;,1913.67702,5,6.94281,5.44426,9.72583,4,0.00012,0.03143,0.4375,0.25,0.0,0,0,0.0,211581.6,156856.0,247220.7,26853.2,52198.1,0,3.0557207451994082e-21,5.33740477884682e-23,-1,0.0,5.33740477884682e-23,sp|P04196|HRG_HUMAN,HRG,125,15927400.0,126877000.0,,,-1.0,-1.0,-1,,0,0,0
MS_UNDEP_PL_LAC_bRPLC_NGP_02C.27005.27005.2.1.dta,MS_UNDEP_PL_LAC_bRPLC_NGP_02C.27005.27005.2.1.dta,MS_UNDEP_PL_LAC_bRPLC_NGP_02C,27005,4951.03116,3767.72726,1884.36727,2,1,KYFNAGHSDVADJGTLFLGILK,,2380.22956,3 3 0 2,H(3)N(3)F(2),(N(F)(N(H(H)(H(N(F)))))),696,0 2 0 0;1 2 0 0;2 2 0 0;2 3 0 0;3 3 0 0;,1387.51241,13,4.43827,5.60864,2.26473,3,-0.01471,-3.904,0.29412,0.23684,0.0,0,0,0.0,44439.0,70363.7,212307.5,0.0,0.0,0,0.1087259039118553,0.0034111955226362,-1,0.0,0.0034111955226362,sp|P01579|IFNG_HUMAN,IFNG,48,120863.0,202203.0,,,-1.0,-1.0,-1,,0,0,0
MS_UNDEP_PL_LAC_bRPLC_NGP_02C.27114.27114.3.4.dta,MS_UNDEP_PL_LAC_bRPLC_NGP_02C.27114.27114.3.4.dta,MS_UNDEP_PL_LAC_bRPLC_NGP_02C,27114,4969.05954,3446.52216,1149.51224,3,1,QVLFLDTVYGJCSTHFTVK,"12,Carbamidomethyl[C];1,Deamidated[Q];",2230.08488,5 2 0 0,H(5)N(2),(N(N(H(H(H))(H(H))))),1637,0 1 0 0;0 2 0 0;1 2 0 0;2 2 0 0;,1216.42286,11,7.50799,6.2975,9.75604,5,0.01442,4.18337,0.625,0.25,0.0,0,0,17651.7,43786.3,71628.5,94299.2,5568.9,13541.3,0,2.6090843161119495e-21,3.6601161210753457e-23,-1,0.0,3.6601161210753457e-23,sp|P04114|APOB_HUMAN,APOB,185,2496780.0,14862400.0,,,-1.0,-1.0,-1,,0,0,0
MS_UNDEP_PL_LAC_bRPLC_NGP_02C.28717.28717.4.1.dta,MS_UNDEP_PL_LAC_bRPLC_NGP_02C.28717.28717.4.1.dta,MS_UNDEP_PL_LAC_bRPLC_NGP_02C,28717,5233.44858,4900.15985,1225.79542,4,1,MVSHHJLTTGATLINEQWLLTTAK,"1,Oxidation[M];",2695.38721,5 4 2 0,H(5)N(4)A(2),(N(N(H(H(N(H(A))))(H(N(H(A))))))),1791,0 1 0 0;0 2 0 0;1 2 0 0;2 2 0 0;3 2 0 0;3 3 0 0;3 3 1 0;4 3 0 0;4 3 1 0;4 4 0 0;4 4 1 0;5 4 0 0;5 4 1 0;,2204.77244,6,32.70548,16.05054,63.63607,6,0.00019,0.03938,0.82353,0.3913,0.0,0,0,0.0,348519.5,324665.7,432785.9,101343.1,277711.5,0,1.8753097668157367e-151,4.2620676579093097e-153,-1,0.0,4.2620676579093097e-153,sp|P00738|HPT_HUMAN;sp|P00739|HPTR_HUMAN,HP;HPR,184;126,11426800.0,167255000.0,,,-1.0,-1.0,-1,,0,0,0
MS_UNDEP_PL_LAC_bRPLC_NGP_02C.28797.28797.3.0.dta,MS_UNDEP_PL_LAC_bRPLC_NGP_02C.28797.28797.3.0.dta,MS_UNDEP_PL_LAC_bRPLC_NGP_02C,28797,5246.69634,3999.78147,1333.93201,3,1,VVLHPJYSQVDIGLIK,,1795.01124,5 4 2 0,H(5)N(4)A(2),(N(N(H(H(N(H(A))))(H(N(H(A))))))),1791,0 1 0 0;0 2 0 0;1 2 0 0;2 2 0 0;2 3 0 0;3 2 0 0;3 3 0 0;3 3 1 0;4 3 0 0;4 3 1 0;4 4 0 0;4 4 1 0;5 4 0 0;5 4 1 0;,2204.77244,6,76.19962,46.87749,130.655,7,-0.00221,-0.55154,0.94118,0.7,0.0,0,0,0.0,3249341.7,3315742.0,4545491.2,787991.4,1782585.4,0,2.638561276e-314,3.76988118e-315,-1,0.0,3.76988118e-315,sp|P00738|HPT_HUMAN,HP,241,71535900.0,603064000.0,,,-1.0,-1.0,-1,,0,0,0
MS_UNDEP_PL_LAC_bRPLC_NGP_02C.30400.30400.3.0.dta,MS_UNDEP_PL_LAC_bRPLC_NGP_02C.30400.30400.3.0.dta,MS_UNDEP_PL_LAC_bRPLC_NGP_02C,30400,5513.39892,3976.61763,1326.21073,3,1,VCQDCPLLAPLJDTR,"2,Carbamidomethyl[C];5,Carbamidomethyl[C];",1771.84657,5 4 2 0,H(5)N(4)A(2),(N(N(H(H(N(H(A))))(H(N(H(A))))))),1791,0 1 0 0;0 2 0 0;1 2 0 0;2 2 0 0;3 2 0 0;3 3 0 0;3 3 1 0;4 3 0 0;4 3 1 0;5 4 0 0;5 4 1 0;,2204.77244,12,41.50489,24.0288,73.96049,7,-0.00137,-0.34528,0.76471,0.5,0.0,0,0,0.0,712787.7,673560.3,758356.8,164411.8,359243.6,0,1.5808972025600553e-176,7.505803328131665e-178,-1,0.0,7.505803328131665e-178,sp|P02765|FETUA_HUMAN,AHSG,156,30515500.0,256145000.0,,,-1.0,-1.0,-1,,0,0,0
MS_UNDEP_PL_LAC_bRPLC_NGP_02C.34636.34636.3.0.dta,MS_UNDEP_PL_LAC_bRPLC_NGP_02C.34636.34636.3.0.dta,MS_UNDEP_PL_LAC_bRPLC_NGP_02C,34636,6286.593,3669.57069,1223.86175,3,1,YLGJATAIFFLPDEGK,,1755.89521,5 4 1 0,H(5)N(4)A(1),(N(N(H(H(N(H)))(H(N(H(A))))))),2036,0 1 0 0;0 2 0 0;1 2 0 0;2 2 0 0;3 2 0 0;3 3 0 0;3 3 1 0;4 3 0 0;4 3 1 0;5 4 0 0;,1913.67702,4,45.29647,38.24359,58.39468,7,-0.00154,-0.41899,0.75,0.8,0.0,0,0,0.0,856373.3,629617.2,986655.8,83712.2,185601.8,0,1.155867371203505e-138,2.2301839857122766e-140,-1,0.0,2.2301839857122766e-140,sp|P01009|A1AT_HUMAN,SERPINA1,271,97663500.0,701702000.0,,,-1.0,-1.0,-1,,0,0,0
MS_UNDEP_PL_LAC_bRPLC_NGP_02C.34672.34672.3.0.dta,MS_UNDEP_PL_LAC_bRPLC_NGP_02C.34672.34672.3.0.dta,MS_UNDEP_PL_LAC_bRPLC_NGP_02C,34672,6294.4596,3686.59871,1229.53776,3,1,YLGJATAIFFLPDEGK,,1755.89521,6 4 0 1,H(6)N(4)F(1),(N(N(H(H(H))(H(N(H))(N(H)(F)))))),1659,0 1 0 0;2 2 0 0;3 2 0 0;3 3 0 0;4 3 0 0;5 4 0 0;,1930.69234,4,8.73442,8.70469,8.78965,4,0.01117,3.02929,0.28,0.36667,0.0,0,0,0.0,203612.9,128425.7,211831.0,16791.9,31096.6,0,4.1556206493001896e-19,5.9483359505867936e-21,-1,0.0,5.9483359505867936e-21,sp|P01009|A1AT_HUMAN,SERPINA1,271,22775000.0,155236000.0,,,-1.0,-1.0,-1,,0,0,0
MS_UNDEP_PL_LAC_bRPLC_NGP_02C.35469.35469.3.0.dta,MS_UNDEP_PL_LAC_bRPLC_NGP_02C.35469.35469.3.0.dta,MS_UNDEP_PL_LAC_bRPLC_NGP_02C,35469,6469.9596,3669.57139,1223.86198,3,1,YLGJATAIFFLPDEGK,,1755.89521,5 4 1 0,H(5)N(4)A(1),(N(N(H(H(N(H)))(H(N(H(A))))))),2036,0 1 0 0;0 2 0 0;2 2 0 0;3 3 0 0;3 3 1 0;4 3 0 0;4 3 1 0;,1913.67702,4,6.35053,6.44384,6.17722,3,-0.00084,-0.22768,0.4375,0.3,0.0,0,0,0.0,219564.3,164589.8,246488.5,19699.4,48003.1,0,5.519519503173201e-13,6.439368019320662e-15,-1,0.0,6.439368019320662e-15,sp|P01009|A1AT_HUMAN,SERPINA1,271,150661000.0,1090230000.0,,,-1.0,-1.0,-1,,0,0,0
MS_UNDEP_PL_LAC_bRPLC_NGP_02C.35627.35627.3.0.dta,MS_UNDEP_PL_LAC_bRPLC_NGP_02C.35627.35627.3.0.dta,MS_UNDEP_PL_LAC_bRPLC_NGP_02C,35627,6501.2202,3669.57081,1223.86179,3,1,YLGJATAIFFLPDEGK,,1755.89521,5 4 1 0,H(5)N(4)A(1),(N(N(H(H(N(H)))(H(N(H(A))))))),2036,0 1 0 0;0 2 0 0;1 2 0 0;2 2 0 0;3 2 0 0;3 3 0 0;3 3 1 0;4 3 0 0;4 3 1 0;4 4 0 0;5 4 0 0;,1913.67702,4,21.14387,9.18912,43.34555,6,-0.00142,-0.3871,0.75,0.4,0.0,0,0,0.0,254072.9,194997.5,283988.0,27648.9,66284.6,0,4.458286246442041e-102,6.898885809075707e-104,-1,0.0,6.898885809075707e-104,sp|P01009|A1AT_HUMAN,SERPINA1,271,172936000.0,1249300000.0,,,-1.0,-1.0,-1,,0,0,0
MS_UNDEP_PL_LAC_bRPLC_NGP_02C.35791.35791.3.0.dta,MS_UNDEP_PL_LAC_bRPLC_NGP_02C.35791.35791.3.0.dta,MS_UNDEP_PL_LAC_bRPLC_NGP_02C,35791,6531.9306,3669.57188,1223.86214,3,1,YLGJATAIFFLPDEGK,,1755.89521,5 4 1 0,H(5)N(4)A(1),(N(N(H(H(N(H)))(H(N(H(A))))))),2036,0 1 0 0;0 2 0 0;1 2 0 0;2 2 0 0;3 2 0 0;3 3 0 0;3 3 1 0;4 3 0 0;4 3 1 0;5 4 0 0;,1913.67702,4,22.68462,12.24441,42.07358,6,-0.00035,-0.09524,0.6875,0.43333,0.0,0,0,0.0,396256.8,321342.0,472751.7,42553.3,100202.5,0,5.020647975201254e-99,7.653736137289664e-101,-1,0.0,7.653736137289664e-101,sp|P01009|A1AT_HUMAN,SERPINA1,271,89337100.0,647077000.0,,,-1.0,-1.0,-1,,0,0,0
MS_UNDEP_PL_LAC_bRPLC_NGP_02C.35934.35934.3.0.dta,MS_UNDEP_PL_LAC_bRPLC_NGP_02C.35934.35934.3.0.dta,MS_UNDEP_PL_LAC_bRPLC_NGP_02C,35934,6562.1376,3669.57169,1223.86208,3,1,YLGJATAIFFLPDEGK,,1755.89521,5 4 1 0,H(5)N(4)A(1),(N(N(H(H(N(H)))(H(N(H(A))))))),2036,0 1 0 0;0 2 0 0;2 2 0 0;3 2 0 0;3 3 0 0;4 3 0 0;4 3 1 0;,1913.67702,4,20.52764,21.40118,18.90536,5,-0.00054,-0.14593,0.5,0.6,0.0,0,0,0.0,415433.7,325255.8,498564.8,42988.4,96782.2,0,3.727773465884779e-43,8.261219997890677e-45,-1,0.0,8.261219997890677e-45,sp|P01009|A1AT_HUMAN,SERPINA1,271,221995000.0,1606400000.0,,,-1.0,-1.0,-1,,0,0,0
MS_UNDEP_PL_LAC_bRPLC_NGP_02C.36071.36071.3.0.dta,MS_UNDEP_PL_LAC_bRPLC_NGP_02C.36071.36071.3.0.dta,MS_UNDEP_PL_LAC_bRPLC_NGP_02C,36071,6592.4892,3669.57169,1223.86208,3,1,YLGJATAIFFLPDEGK,,1755.89521,5 4 1 0,H(5)N(4)A(1),(N(N(H(H(N(H)))(H(N(H(A))))))),2036,0 1 0 0;0 2 0 0;2 2 0 0;3 3 0 0;3 3 1 0;4 3 0 0;,1913.67702,4,7.49872,6.27748,9.76673,4,-0.00054,-0.14675,0.4375,0.3,0.0,0,0,0.0,254808.8,199631.8,296821.7,29292.8,64661.3,0,2.4672076875698352e-21,2.2149008655128764e-23,-1,0.0,2.2149008655128764e-23,sp|P01009|A1AT_HUMAN,SERPINA1,271,163821000.0,1181870000.0,,,-1.0,-1.0,-1,,0,0,0
MS_UNDEP_PL_LAC_bRPLC_NGP_02C.36217.36217.3.0.dta,MS_UNDEP_PL_LAC_bRPLC_NGP_02C.36217.36217.3.0.dta,MS_UNDEP_PL_LAC_bRPLC_NGP_02C,36217,6623.1564,3669.57186,1223.86214,3,1,YLGJATAIFFLPDEGK,,1755.89521,5 4 1 0,H(5)N(4)A(1),(N(N(H(H(N(H)))(H(N(H(A))))))),2036,0 1 0 0;0 2 0 0;2 2 0 0;3 3 0 0;4 3 0 0;,1913.67702,4,5.56214,6.3752,4.05217,3,-0.00037,-0.10015,0.3125,0.3,0.0,0,0,0.0,225851.8,162229.5,255649.6,21334.8,62832.4,0,5.586267788503821e-08,7.28954734697848e-10,-1,0.0,7.28954734697848e-10,sp|P01009|A1AT_HUMAN,SERPINA1,271,94089500.0,681158000.0,,,-1.0,-1.0,-1,,0,0,0
MS_UNDEP_PL_LAC_bRPLC_NGP_02C.36362.36362.3.0.dta,MS_UNDEP_PL_LAC_bRPLC_NGP_02C.36362.36362.3.0.dta,MS_UNDEP_PL_LAC_bRPLC_NGP_02C,36362,6653.6502,3669.57142,1223.86199,3,1,YLGJATAIFFLPDEGK,,1755.89521,5 4 1 0,H(5)N(4)A(1),(N(N(H(H(N(H)))(H(N(H(A))))))),2036,0 1 0 0;0 2 0 0;2 2 0 0;3 2 0 0;3 3 0 0;3 3 1 0;4 3 0 0;4 3 1 0;5 4 0 0;,1913.67702,4,20.44421,16.98553,26.86749,5,-0.00081,-0.22033,0.625,0.53333,0.0,0,0,0.0,294463.3,218815.4,322632.6,29823.5,77961.2,0,2.8141935246712865e-62,4.1609483177340694e-64,-1,0.0,4.1609483177340694e-64,sp|P01009|A1AT_HUMAN,SERPINA1,271,133514000.0,962856000.0,,,-1.0,-1.0,-1,,0,0,0
MS_UNDEP_PL_LAC_bRPLC_NGP_02C.36528.36528.3.0.dta,MS_UNDEP_PL_LAC_bRPLC_NGP_02C.36528.36528.3.0.dta,MS_UNDEP_PL_LAC_bRPLC_NGP_02C,36528,6684.1854,3669.57191,1223.86216,3,1,YLGJATAIFFLPDEGK,,1755.89521,5 4 1 0,H(5)N(4)A(1),(N(N(H(H(N(H)))(H(N(H(A))))))),2036,0 1 0 0;0 2 0 0;1 2 0 0;2 2 0 0;2 3 0 0;3 2 0 0;3 3 0 0;3 3 1 0;4 3 0 0;4 3 1 0;4 4 0 0;5 4 0 0;,1913.67702,4,25.25243,12.84258,48.29929,6,-0.00032,-0.08625,0.8125,0.43333,0.0,0,0,0.0,305609.7,244445.0,366982.3,32203.0,86170.7,0,5.101207732009845e-114,1.3218883574274269e-115,-1,0.0,1.3218883574274269e-115,sp|P01009|A1AT_HUMAN,SERPINA1,271,145131000.0,1047780000.0,,,-1.0,-1.0,-1,,0,0,0
MS_UNDEP_PL_LAC_bRPLC_NGP_02C.36711.36711.3.0.dta,MS_UNDEP_PL_LAC_bRPLC_NGP_02C.36711.36711.3.0.dta,MS_UNDEP_PL_LAC_bRPLC_NGP_02C,36711,6715.2972,3669.57121,1223.86192,3,1,YLGJATAIFFLPDEGK,,1755.89521,5 4 1 0,H(5)N(4)A(1),(N(N(H(H(N(H)))(H(N(H(A))))))),2036,0 1 0 0;0 2 0 0;1 2 0 0;2 2 0 0;2 3 0 0;3 2 0 0;3 3 0 0;3 3 1 0;4 3 0 0;4 3 1 0;5 4 0 0;,1913.67702,4,24.29748,14.37787,42.71962,6,-0.00102,-0.27674,0.75,0.5,0.0,0,0,0.0,252509.8,190729.6,276490.3,20205.4,56138.2,0,1.416063446173307e-100,2.007856745203633e-102,-1,0.0,2.007856745203633e-102,sp|P01009|A1AT_HUMAN,SERPINA1,271,110043000.0,794678000.0,,,-1.0,-1.0,-1,,0,0,0
MS_UNDEP_PL_LAC_bRPLC_NGP_02C.36896.36896.3.0.dta,MS_UNDEP_PL_LAC_bRPLC_NGP_02C.36896.36896.3.0.dta,MS_UNDEP_PL_LAC_bRPLC_NGP_02C,36896,6746.886,3669.57072,1223.86176,3,1,YLGJATAIFFLPDEGK,,1755.89521,5 4 1 0,H(5)N(4)A(1),(N(N(H(H(N(H)))(H(N(H(A))))))),2036,0 1 0 0;0 2 0 0;2 2 0 0;3 2 0 0;3 3 0 0;3 3 1 0;4 3 0 0;4 3 1 0;5 4 0 0;,1913.67702,4,16.87462,11.78593,26.32504,5,-0.0015,-0.40999,0.625,0.43333,0.0,0,0,0.0,232288.1,160747.5,277864.2,24244.2,56552.1,0,5.726375498822084e-61,5.57124307547102e-63,-1,0.0,5.57124307547102e-63,sp|P01009|A1AT_HUMAN,SERPINA1,271,88144200.0,637815000.0,,,-1.0,-1.0,-1,,0,0,0
MS_UNDEP_PL_LAC_bRPLC_NGP_02C.37089.37089.3.0.dta,MS_UNDEP_PL_LAC_bRPLC_NGP_02C.37089.37089.3.0.dta,MS_UNDEP_PL_LAC_bRPLC_NGP_02C,37089,6778.9554,3669.5712,1223.86192,3,1,YLGJATAIFFLPDEGK,,1755.89521,5 4 1 0,H(5)N(4)A(1),(N(N(H(H(N(H)))(H(N(H(A))))))),2036,0 1 0 0;2 2 0 0;3 3 0 0;4 3 0 0;4 3 1 0;,1913.67702,4,10.09199,14.01501,2.80638,2,-0.00103,-0.28164,0.3125,0.46667,0.0,0,0,0.0,336542.2,260678.0,404343.2,32918.0,81208.6,0,0.0173710264087436,0.0001938940147622,-1,0.0,0.0001938940147622,sp|P01009|A1AT_HUMAN,SERPINA1,271,63977300.0,463150000.0,,,-1.0,-1.0,-1,,0,0,0
MS_UNDEP_PL_LAC_bRPLC_NGP_02C.37094.37094.3.0.dta,MS_UNDEP_PL_LAC_bRPLC_NGP_02C.37094.37094.3.0.dta,MS_UNDEP_PL_LAC_bRPLC_NGP_02C,37094,6779.7528,3669.57106,1223.86187,3,1,YLGJATAIFFLPDEGK,,1755.89521,5 4 1 0,H(5)N(4)A(1),(N(N(H(H(N(H)))(H(N(H(A))))))),2036,0 1 0 0;0 2 0 0;1 2 0 0;2 2 0 0;2 3 0 0;3 2 0 0;3 3 0 0;3 3 1 0;4 3 0 0;4 3 1 0;4 4 0 0;5 4 0 0;,1913.67702,4,22.38703,8.93651,47.36656,6,-0.00117,-0.31761,0.8125,0.36667,0.0,0,0,0.0,280799.0,224915.0,334068.9,29676.9,68988.3,0,9.257376082119034e-112,1.6011021340297605e-113,-1,0.0,1.6011021340297605e-113,sp|P01009|A1AT_HUMAN,SERPINA1,271,68221900.0,494293000.0,,,-1.0,-1.0,-1,,0,0,0
MS_UNDEP_PL_LAC_bRPLC_NGP_02C.37277.37277.3.0.dta,MS_UNDEP_PL_LAC_bRPLC_NGP_02C.37277.37277.3.0.dta,MS_UNDEP_PL_LAC_bRPLC_NGP_02C,37277,6810.4626,3669.57167,1223.86207,3,1,YLGJATAIFFLPDEGK,,1755.89521,5 4 1 0,H(5)N(4)A(1),(N(N(H(H(N(H)))(H(N(H(A))))))),2036,0 1 0 0;0 2 0 0;2 2 0 0;3 2 0 0;3 3 0 0;3 3 1 0;4 3 0 0;4 3 1 0;5 4 0 0;,1913.67702,4,14.25483,8.18514,25.52713,5,-0.00056,-0.15329,0.625,0.36667,0.0,0,0,0.0,231413.5,187485.9,279666.1,20871.5,60075.4,0,4.77639164927563e-59,4.673990960390189e-61,-1,0.0,4.673990960390189e-61,sp|P01009|A1AT_HUMAN,SERPINA1,271,39880100.0,291610000.0,,,-1.0,-1.0,-1,,0,0,0
MS_UNDEP_PL_LAC_bRPLC_NGP_02C.37451.37451.3.0.dta,MS_UNDEP_PL_LAC_bRPLC_NGP_02C.37451.37451.3.0.dta,MS_UNDEP_PL_LAC_bRPLC_NGP_02C,37451,6842.4336,3669.57165,1223.86207,3,1,YLGJATAIFFLPDEGK,,1755.89521,5 4 1 0,H(5)N(4)A(1),(N(N(H(H(N(H)))(H(N(H(A))))))),2036,0 1 0 0;0 2 0 0;2 2 0 0;3 2 0 0;3 3 0 0;4 3 0 0;4 3 1 0;,1913.67702,4,20.23696,21.51867,17.85665,5,-0.00058,-0.15738,0.5,0.6,0.0,0,0,0.0,398573.2,290805.6,462807.4,44826.9,96637.6,0,1.2677652851579663e-40,3.370597901248277e-42,-1,0.0,3.370597901248277e-42,sp|P01009|A1AT_HUMAN,SERPINA1,271,64711600.0,466991000.0,,,-1.0,-1.0,-1,,0,0,0
MS_UNDEP_PL_LAC_bRPLC_NGP_02C.37530.37530.4.1.dta,MS_UNDEP_PL_LAC_bRPLC_NGP_02C.37530.37530.4.1.dta,MS_UNDEP_PL_LAC_bRPLC_NGP_02C,37530,6855.9396,3960.66653,990.92209,4,1,YLGJATAIFFLPDEGK,,1755.89521,5 4 2 0,H(5)N(4)A(2),(N(N(H(H(N(H(A))))(H(N(H(A))))))),1791,0 1 0 0;0 2 0 0;1 2 0 0;2 2 0 0;3 2 0 0;3 3 0 0;4 3 0 0;,2204.77244,4,9.53901,7.74958,12.86223,5,-0.00111,-0.28127,0.41176,0.33333,0.0,0,0,0.0,125692.0,143108.0,137233.9,31840.5,86228.8,0,1.6549483226263779e-28,1.3229736104787912e-30,-1,0.0,1.3229736104787912e-30,sp|P01009|A1AT_HUMAN,SERPINA1,271,45683600.0,377840000.0,,,-1.0,-1.0,-1,,0,0,0
MS_UNDEP_PL_LAC_bRPLC_NGP_02C.37536.37536.2.0.dta,MS_UNDEP_PL_LAC_bRPLC_NGP_02C.37536.37536.2.0.dta,MS_UNDEP_PL_LAC_bRPLC_NGP_02C,37536,6856.8792,3960.67099,1980.83913,2,1,YLGJATAIFFLPDEGK,,1755.89521,5 4 2 0,H(5)N(4)A(2),(N(N(H(H(N(H(A))))(H(N(H(A))))))),1791,0 1 0 0;0 2 0 0;3 3 0 0;3 3 1 0;4 3 0 0;4 3 1 0;5 4 0 0;5 4 1 0;,2204.77244,4,34.44797,50.12536,5.3328,2,0.00335,0.8453,0.47059,0.86667,0.0,0,0,0.0,1595904.7,1875666.2,2567851.2,274267.4,616287.8,0,6.082201694293357e-11,1.059312101802285e-12,-1,0.0,1.059312101802285e-12,sp|P01009|A1AT_HUMAN,SERPINA1,271,7433370.0,394441000.0,,,-1.0,-1.0,-1,,0,0,0
MS_UNDEP_PL_LAC_bRPLC_NGP_02C.37544.37544.3.0.dta,MS_UNDEP_PL_LAC_bRPLC_NGP_02C.37544.37544.3.0.dta,MS_UNDEP_PL_LAC_bRPLC_NGP_02C,37544,6858.3252,3977.69264,1326.56906,3,1,YLGJATAIFFLPDEGK,,1755.89521,6 4 1 1,H(6)N(4)A(1)F(1),(N(N(H(H(N(H(H))))(H(N(F)(H(A))))))),1841,0 1 0 0;0 2 0 0;1 2 0 0;2 2 0 0;3 2 0 0;3 3 0 0;3 3 1 0;4 3 0 0;4 3 1 0;5 4 0 0;5 4 1 0;,2221.78776,4,33.14039,33.0158,33.37176,6,0.00968,2.43238,0.3871,0.73333,0.0,0,0,0.0,692931.9,731160.6,779134.2,178881.3,375806.7,0,4.666429273335721e-78,8.849600678132757e-80,-1,0.0,8.849600678132757e-80,sp|P01009|A1AT_HUMAN,SERPINA1,271,56663100.0,439884000.0,,,-1.0,-1.0,-1,,0,0,0
MS_UNDEP_PL_LAC_bRPLC_NGP_02C.37631.37631.3.0.dta,MS_UNDEP_PL_LAC_bRPLC_NGP_02C.37631.37631.3.0.dta,MS_UNDEP_PL_LAC_bRPLC_NGP_02C,37631,6875.1078,3960.66279,1320.89245,3,1,YLGJATAIFFLPDEGK,,1755.89521,5 4 2 0,H(5)N(4)A(2),(N(N(H(H(N(H(A))))(H(N(H(A))))))),1791,0 1 0 0;0 2 0 0;1 2 0 0;2 2 0 0;3 2 0 0;3 3 0 0;3 3 1 0;4 3 0 0;4 3 1 0;4 4 0 0;5 4 0 0;,2204.77244,4,69.28257,59.12474,88.1471,7,-0.00486,-1.22632,0.76471,0.9,0.0,0,0,0.0,6539504.9,7046240.5,7898302.8,1637721.1,3642694.8,0,6.59519798129029e-211,2.747999313917658e-212,-1,0.0,2.747999313917658e-212,sp|P01009|A1AT_HUMAN,SERPINA1,271,757351000.0,6190050000.0,,,-1.0,-1.0,-1,,0,0,0
MS_UNDEP_PL_LAC_bRPLC_NGP_02C.37712.37712.3.1.dta,MS_UNDEP_PL_LAC_bRPLC_NGP_02C.37712.37712.3.1.dta,MS_UNDEP_PL_LAC_bRPLC_NGP_02C,37712,6888.6474,3977.693,1326.56918,3,1,YLGJATAIFFLPDEGK,,1755.89521,6 4 1 1,H(6)N(4)A(1)F(1),(N(N(H(H(N(H(H))))(H(N(F)(H(A))))))),1841,0 1 0 0;0 2 0 0;2 2 0 0;3 2 0 0;3 3 0 0;3 3 1 0;4 3 0 0;4 3 1 0;5 4 0 0;5 4 1 0;,2221.78776,4,7.04851,4.67779,11.45126,4,0.01004,2.52364,0.32258,0.26667,0.0,0,0,0.0,113962.4,114259.8,122181.0,27989.1,50363.1,0,3.4917324389796374e-25,3.7136559844730086e-27,-1,0.0095238095238095,0.0095238095238095,sp|P01009|A1AT_HUMAN,SERPINA1,271,56663100.0,439884000.0,,,-1.0,-1.0,-1,,0,0,0
MS_UNDEP_PL_LAC_bRPLC_NGP_02C.37719.37719.3.1.dta,MS_UNDEP_PL_LAC_bRPLC_NGP_02C.37719.37719.3.1.dta,MS_UNDEP_PL_LAC_bRPLC_NGP_02C,37719,6889.8576,3977.69299,1326.56918,3,1,YLGJATAIFFLPDEGK,,1755.89521,6 4 1 1,H(6)N(4)A(1)F(1),(N(N(H(H(N(H(H))))(H(N(F)(H(A))))))),1841,0 1 0 0;0 2 0 0;1 2 0 0;2 2 0 0;3 2 0 0;3 3 0 0;3 3 1 0;4 3 0 0;4 3 1 0;4 4 1 0;5 4 0 0;5 4 1 0;,2221.78776,4,21.76749,14.61383,35.05286,6,0.01003,2.52062,0.41935,0.53333,0.0,0,0,0.0,430293.3,437943.2,451505.0,102002.1,242196.5,0,3.9414161965806935e-82,6.192258654428604e-84,-1,0.0,6.192258654428604e-84,sp|P01009|A1AT_HUMAN,SERPINA1,271,56663100.0,439884000.0,,,-1.0,-1.0,-1,,0,0,0
MS_UNDEP_PL_LAC_bRPLC_NGP_02C.37823.37823.3.0.dta,MS_UNDEP_PL_LAC_bRPLC_NGP_02C.37823.37823.3.0.dta,MS_UNDEP_PL_LAC_bRPLC_NGP_02C,37823,6907.3674,3960.66394,1320.89283,3,1,YLGJATAIFFLPDEGK,,1755.89521,5 4 2 0,H(5)N(4)A(2),(N(N(H(H(N(H(A))))(H(N(H(A))))))),1791,0 1 0 0;0 2 0 0;1 2 0 0;2 2 0 0;2 3 0 0;3 2 0 0;3 3 0 0;3 3 1 0;4 3 0 0;4 3 1 0;4 4 0 0;4 4 1 0;5 4 0 0;,2204.77244,4,59.38259,53.66522,70.00056,6,-0.00371,-0.93621,0.82353,0.83333,0.0,0,0,0.0,1433244.8,1497510.5,1685987.9,349601.7,777705.3,0,6.3128541782293314e-167,1.7111142159735343e-168,-1,0.0,1.7111142159735343e-168,sp|P01009|A1AT_HUMAN,SERPINA1,271,757351000.0,6190050000.0,,,-1.0,-1.0,-1,,0,0,0
MS_UNDEP_PL_LAC_bRPLC_NGP_02C.37901.37901.3.1.dta,MS_UNDEP_PL_LAC_bRPLC_NGP_02C.37901.37901.3.1.dta,MS_UNDEP_PL_LAC_bRPLC_NGP_02C,37901,6920.5818,3977.69083,1326.56846,3,1,YLGJATAIFFLPDEGK,,1755.89521,6 4 1 1,H(6)N(4)A(1)F(1),(N(N(H(H(N(H(H))))(H(N(F)(H(A))))))),1841,0 1 0 0;2 2 0 0;3 2 0 0;3 3 0 0;3 3 1 0;4 3 0 0;4 3 1 0;5 4 0 0;,2221.78776,4,7.05034,7.93644,5.40472,3,0.00787,1.9791,0.25806,0.36667,0.0,0,0,0.0,190007.1,174888.3,206184.1,43842.8,90130.8,0,4.0715532759388e-11,5.694045178760181e-13,-1,0.0,5.694045178760181e-13,sp|P01009|A1AT_HUMAN,SERPINA1,271,56663100.0,439884000.0,,,-1.0,-1.0,-1,,0,0,0
MS_UNDEP_PL_LAC_bRPLC_NGP_02C.38007.38007.3.0.dta,MS_UNDEP_PL_LAC_bRPLC_NGP_02C.38007.38007.3.0.dta,MS_UNDEP_PL_LAC_bRPLC_NGP_02C,38007,6938.3028,3960.66684,1320.8938,3,1,YLGJATAIFFLPDEGK,,1755.89521,5 4 2 0,H(5)N(4)A(2),(N(N(H(H(N(H(A))))(H(N(H(A))))))),1791,0 1 0 0;0 2 0 0;1 2 0 0;2 2 0 0;3 2 0 0;3 3 0 0;3 3 1 0;4 3 0 0;4 3 1 0;,2204.77244,4,17.6221,9.07308,33.49886,6,-0.00081,-0.20376,0.58824,0.36667,0.0,0,0,0.0,279555.0,300898.4,338246.4,66337.0,148042.8,0,2.29432897708555e-78,3.818904780820236e-80,-1,0.0,3.818904780820236e-80,sp|P01009|A1AT_HUMAN,SERPINA1,271,766762000.0,6269350000.0,,,-1.0,-1.0,-1,,0,0,0
MS_UNDEP_PL_LAC_bRPLC_NGP_02C.38167.38167.3.0.dta,MS_UNDEP_PL_LAC_bRPLC_NGP_02C.38167.38167.3.0.dta,MS_UNDEP_PL_LAC_bRPLC_NGP_02C,38167,6968.4732,3960.66697,1320.89384,3,1,YLGJATAIFFLPDEGK,,1755.89521,5 4 2 0,H(5)N(4)A(2),(N(N(H(H(N(H(A))))(H(N(H(A))))))),1791,0 1 0 0;0 2 0 0;2 2 0 0;3 2 0 0;3 3 0 0;3 3 1 0;4 3 0 0;4 3 1 0;,2204.77244,4,10.68379,9.37463,13.11509,4,-0.00067,-0.16968,0.47059,0.36667,0.0,0,0,0.0,289462.0,292332.7,310588.7,58542.0,150344.6,0,4.09324269718603e-29,2.904461975721305e-31,-1,0.0,2.904461975721305e-31,sp|P01009|A1AT_HUMAN,SERPINA1,271,788428000.0,6447130000.0,,,-1.0,-1.0,-1,,0,0,0
MS_UNDEP_PL_LAC_bRPLC_NGP_02C.38304.38304.3.0.dta,MS_UNDEP_PL_LAC_bRPLC_NGP_02C.38304.38304.3.0.dta,MS_UNDEP_PL_LAC_bRPLC_NGP_02C,38304,6998.8632,3960.66717,1320.89391,3,1,YLGJATAIFFLPDEGK,,1755.89521,5 4 2 0,H(5)N(4)A(2),(N(N(H(H(N(H(A))))(H(N(H(A))))))),1791,0 1 0 0;3 2 0 0;3 3 0 0;3 3 1 0;4 3 0 0;4 3 1 0;,2204.77244,4,6.31228,8.1306,2.93539,2,-0.00047,-0.11893,0.35294,0.36667,0.0,0,0,0.0,186905.7,183189.0,205071.4,43063.7,95731.2,0,0.0063316474129011,7.056914228021079e-05,-1,0.0,7.056914228021079e-05,sp|P01009|A1AT_HUMAN,SERPINA1,271,181445000.0,1478060000.0,,,-1.0,-1.0,-1,,0,0,0
MS_UNDEP_PL_LAC_bRPLC_NGP_06A.4154.4154.4.1.dta,MS_UNDEP_PL_LAC_bRPLC_NGP_06A.4154.4154.4.1.dta,MS_UNDEP_PL_LAC_bRPLC_NGP_06A,4154,1099.54266,3116.34116,779.84075,4,1,TKPREEQYJSTYR,,1671.80851,3 4 0 1,H(3)N(4)F(1),(N(F)(N(H(H(N))(H(N))))),679,0 1 0 0;0 1 0 1;0 2 0 0;0 2 0 1;1 2 0 0;1 2 0 1;2 2 0 0;2 2 0 1;2 3 0 0;2 3 0 1;3 2 0 0;3 2 0 1;3 3 0 0;3 3 0 1;,1444.53387,9,43.93379,10.65983,105.72829,9,-0.00122,-0.39018,0.94118,0.41667,0.0,0,0,0.0,48365.4,899553.4,574561.3,0.0,0.0,0,3.1393626088890512e-146,1.1264493384728036e-147,-1,0.0,1.1264493384728036e-147,sp|P01857|IGHG1_HUMAN,IGHG1,180,6320150.0,32697000.0,,,-1.0,-1.0,-1,,0,0,0
MS_UNDEP_PL_LAC_bRPLC_NGP_06A.4215.4215.3.1.dta,MS_UNDEP_PL_LAC_bRPLC_NGP_06A.4215.4215.3.1.dta,MS_UNDEP_PL_LAC_bRPLC_NGP_06A,4215,1109.256,2990.22338,997.41264,3,1,WVSJKTEGR,,1076.54833,5 4 1 0,H(5)N(4)A(1),(N(N(H(H(N(H)))(H(N(H(A))))))),2036,0 1 0 0;0 2 0 0;1 2 0 0;2 2 0 0;2 3 0 0;3 2 0 0;3 3 0 0;3 3 1 0;4 3 0 0;4 3 1 0;4 4 0 0;5 4 0 0;,1913.67702,4,40.89749,8.10368,101.80027,7,-0.00198,-0.66099,0.875,0.4375,0.0,0,0,0.0,583822.7,513388.5,841443.3,121361.0,332202.9,0,1.685812870481879e-140,5.508280942600559e-142,-1,0.0,5.508280942600559e-142,sp|P01008|ANT3_HUMAN,SERPINC1,224,44528400.0,217211000.0,,,-1.0,-1.0,-1,,0,0,0
MS_UNDEP_PL_LAC_bRPLC_NGP_06A.5701.5701.3.0.dta,MS_UNDEP_PL_LAC_bRPLC_NGP_06A.5701.5701.3.0.dta,MS_UNDEP_PL_LAC_bRPLC_NGP_06A,5701,1450.15188,3001.11736,1001.04397,3,1,NEEYJK,,796.34716,5 4 2 0,H(5)N(4)A(2),(N(N(H(H(N(H(A))))(H(N(H(A))))))),1791,0 1 0 0;0 2 0 0;1 2 0 0;2 2 0 0;3 2 0 0;3 3 0 0;3 3 1 0;4 3 0 0;4 3 1 0;4 4 1 0;5 4 0 0;5 4 1 0;,2204.77244,5,38.92769,19.30241,75.37465,7,-0.00224,-0.7474,0.82353,1.1,0.0,0,0,0.0,351928.8,320795.3,341171.2,103516.2,278583.6,0,6.2944267933759606e-102,2.013656166811133e-103,-1,0.0,2.013656166811133e-103,sp|P02763|A1AG1_HUMAN;sp|P19652|A1AG2_HUMAN,ORM1;ORM2,56;56,98891500.0,449531000.0,,,-1.0,-1.0,-1,,0,0,0
MS_UNDEP_PL_LAC_bRPLC_NGP_06A.7253.7253.3.0.dta,MS_UNDEP_PL_LAC_bRPLC_NGP_06A.7253.7253.3.0.dta,MS_UNDEP_PL_LAC_bRPLC_NGP_06A,7253,1716.67188,2797.08199,933.03218,3,1,EEQYJSTYR,"3,Deamidated[Q];",1190.49601,4 4 0 1,H(4)N(4)F(1),(N(F)(N(H(H(N))(H(N(H)))))),670,0 1 0 0;0 1 0 1;0 2 0 0;1 2 0 0;1 2 0 1;2 2 0 0;2 2 0 1;2 3 0 0;2 3 0 1;3 2 0 0;3 2 0 1;3 3 0 0;3 3 0 1;4 3 0 0;4 3 0 1;,1606.58669,5,34.37939,11.11239,77.58952,8,-0.00071,-0.25503,0.80952,0.625,0.0,0,0,0.0,193571.4,371084.5,368325.0,0.0,0.0,0,3.7190654709663614e-105,7.078087767385861e-107,-1,0.0,7.078087767385861e-107,sp|P01857|IGHG1_HUMAN,IGHG1,180,13007400.0,53035300.0,,,-1.0,-1.0,-1,,0,0,0
MS_UNDEP_PL_LAC_bRPLC_NGP_06A.8281.8281.3.0.dta,MS_UNDEP_PL_LAC_bRPLC_NGP_06A.8281.8281.3.0.dta,MS_UNDEP_PL_LAC_bRPLC_NGP_06A,8281,1883.43408,3026.18871,1009.40109,3,1,LISJCSK,"5,Carbamidomethyl[C];",821.41856,5 4 2 0,H(5)N(4)A(2),(N(N(H(H(N(H(A))))(H(N(H(A))))))),1791,0 1 0 0;0 2 0 0;1 2 0 0;2 2 0 0;3 2 0 0;3 3 0 0;3 3 1 0;4 3 0 0;4 3 1 0;4 4 0 0;4 4 1 0;5 4 0 0;5 4 1 0;,2204.77244,4,35.37454,15.57579,72.14364,7,-0.00229,-0.75641,0.88235,0.83333,0.0,0,0,0.0,235405.6,208518.3,233016.9,69232.0,165349.1,0,3.1660744449507354e-97,5.689382027690911e-99,-1,0.0,5.689382027690911e-99,sp|P05156|CFAI_HUMAN,CFI,494,62942700.0,303019000.0,,,-1.0,-1.0,-1,,0,0,0
MS_UNDEP_PL_LAC_bRPLC_NGP_06A.8341.8341.3.0.dta,MS_UNDEP_PL_LAC_bRPLC_NGP_06A.8341.8341.3.0.dta,MS_UNDEP_PL_LAC_bRPLC_NGP_06A,8341,1893.32178,3657.34574,1219.78676,3,1,NEEYJK,,796.34716,6 5 3 0,H(6)N(5)A(3),(N(N(H(H(N(H(A))))(H(N(H(A)))(N(H(A))))))),1790,0 1 0 0;0 2 0 0;1 2 0 0;2 2 0 0;3 2 0 0;3 3 0 0;3 3 1 0;4 3 0 0;4 3 1 0;4 4 1 0;5 4 0 0;5 4 1 0;5 4 2 0;6 5 1 0;6 5 2 0;,2861.00005,5,25.28405,10.20312,53.29147,7,-0.00148,-0.40453,0.56667,0.8,0.0,0,0,0.0,210317.4,205498.7,229600.9,66177.0,160487.2,0,3.481099093141529e-70,7.149481124001424e-72,-1,0.0,7.149481124001424e-72,sp|P02763|A1AG1_HUMAN;sp|P19652|A1AG2_HUMAN,ORM1;ORM2,56;56,18370200.0,117975000.0,,,-1.0,-1.0,-1,,0,0,0
MS_UNDEP_PL_LAC_bRPLC_NGP_06A.9111.9111.3.1.dta,MS_UNDEP_PL_LAC_bRPLC_NGP_06A.9111.9111.3.1.dta,MS_UNDEP_PL_LAC_bRPLC_NGP_06A,9111,2020.14534,2561.0476,854.35405,3,1,EEQFJSTFR,,1157.52218,4 3 0 1,H(4)N(3)F(1),(N(N(H(H)(H(N(H(F))))))),2271,0 1 0 0;0 2 0 0;1 2 0 0;2 2 0 0;2 3 0 0;3 3 0 0;,1403.50732,5,19.28148,12.22668,32.38325,6,0.0181,7.06749,0.72727,0.5625,0.0,0,0,0.0,39476.0,433041.1,337028.8,0.0,0.0,0,2.034870923555593e-40,2.937021876324568e-42,-1,0.0,2.937021876324568e-42,sp|P01859|IGHG2_HUMAN,IGHG2,176,84071700.0,188612000.0,,,-1.0,-1.0,-1,,0,0,0
MS_UNDEP_PL_LAC_bRPLC_NGP_06A.9573.9573.3.0.dta,MS_UNDEP_PL_LAC_bRPLC_NGP_06A.9573.9573.3.0.dta,MS_UNDEP_PL_LAC_bRPLC_NGP_06A,9573,2095.4151,3637.38844,1213.13433,3,1,EJGTISR,,776.38971,6 5 3 0,H(6)N(5)A(3),(N(N(H(H(N(H(A))))(H(N(H(A)))(N(H(A))))))),1790,0 1 0 0;0 2 0 0;1 2 0 0;2 2 0 0;2 3 0 0;3 2 0 0;3 3 0 0;3 3 1 0;4 3 0 0;4 3 1 0;4 4 0 0;4 4 1 0;5 4 0 0;5 4 1 0;5 4 2 0;5 5 1 0;6 5 0 0;6 5 1 0;6 5 2 0;,2861.00005,2,36.20691,6.34115,91.67189,7,-0.00132,-0.36167,0.7,0.5,0.0,0,0,0.0,608113.9,506624.1,526272.9,158150.3,347841.4,0,1.0246956656275276e-125,2.582749199825412e-127,-1,0.0041493775933609,0.0041493775933609,sp|P02763|A1AG1_HUMAN,ORM1,103,42195000.0,261058000.0,,,-1.0,-1.0,-1,,0,0,0
MS_UNDEP_PL_LAC_bRPLC_NGP_06A.10301.10301.3.0.dta,MS_UNDEP_PL_LAC_bRPLC_NGP_06A.10301.10301.3.0.dta,MS_UNDEP_PL_LAC_bRPLC_NGP_06A,10301,2212.89708,3723.48266,1241.8324,3,1,HYTJSSQDVTVPCR,"13,Carbamidomethyl[C];",1663.74929,5 4 1 1,H(5)N(4)A(1)F(1),(N(F)(N(H(H(N(H)))(H(N(H(A))))))),490,0 1 0 0;0 1 0 1;0 2 0 0;2 2 0 0;2 2 0 1;2 3 0 1;3 2 0 0;3 2 0 1;3 3 0 0;3 3 0 1;3 3 1 1;4 3 0 0;4 3 0 1;4 3 1 1;4 4 0 1;5 4 0 1;,2059.73493,4,12.24738,7.24653,21.53468,5,-0.00156,-0.41878,0.51613,0.34615,0.0,0,0,0.0,138104.1,103059.6,164338.5,22677.4,47285.4,0,1.8910838516920984e-25,3.0631254404289545e-27,-1,0.0,3.0631254404289545e-27,sp|P01877|IGHA2_HUMAN,IGHA2,92,2769060.0,18062100.0,,,-1.0,-1.0,-1,,0,0,0
MS_UNDEP_PL_LAC_bRPLC_NGP_06A.11090.11090.4.1.dta,MS_UNDEP_PL_LAC_bRPLC_NGP_06A.11090.11090.4.1.dta,MS_UNDEP_PL_LAC_bRPLC_NGP_06A,11090,2340.28764,4211.67128,1053.67328,4,1,QDSSTGSYSIJFVQNPNNNR,"1,Gln->pyro-Glu[AnyN-termQ];14,Deamidated[Q];",2225.96938,4 3 2 1,H(4)N(3)A(2)F(1),(N(N(H(H)(H(N(F)(H(A(A)))))))),2259,0 2 0 0;1 2 0 0;2 3 0 0;4 3 0 1;4 3 1 1;,1985.69815,11,6.18165,6.86626,4.91024,3,0.00375,0.8897,0.3,0.18421,0.0,0,0,0.0,2122323.6,2347301.5,2863339.6,633902.6,1573500.7,0,0.0002198354679803,7.919343299755194e-06,-1,0.0041493775933609,0.0041572936635528,sp|Q99614|TTC1_HUMAN,TTC1,283,148026000.0,1325490000.0,,,-1.0,-1.0,-1,,0,0,0
MS_UNDEP_PL_LAC_bRPLC_NGP_06A.11684.11684.3.0.dta,MS_UNDEP_PL_LAC_bRPLC_NGP_06A.11684.11684.3.0.dta,MS_UNDEP_PL_LAC_bRPLC_NGP_06A,11684,2436.23256,2764.10766,922.04074,3,1,EEQFJSTFR,,1157.52218,4 4 0 1,H(4)N(4)F(1),(N(F)(N(H(H(N))(H(N(H)))))),670,0 1 0 0;0 1 0 1;0 2 0 0;0 2 0 1;1 2 0 0;1 2 0 1;2 2 0 0;2 2 0 1;2 3 0 0;2 3 0 1;3 2 0 0;3 2 0 1;3 3 0 0;3 3 0 1;4 3 0 0;4 3 0 1;,1606.58669,5,43.64644,8.54506,108.83472,9,-0.00121,-0.43716,0.85714,0.5,0.0,0,0,0.0,373517.8,589182.4,657431.9,0.0,0.0,0,9.268283943883941e-151,4.040146734827122e-152,-1,0.0,4.040146734827122e-152,sp|P01859|IGHG2_HUMAN,IGHG2,176,21065800.0,90381400.0,,,-1.0,-1.0,-1,,0,0,0
MS_UNDEP_PL_LAC_bRPLC_NGP_06A.11700.11700.3.0.dta,MS_UNDEP_PL_LAC_bRPLC_NGP_06A.11700.11700.3.0.dta,MS_UNDEP_PL_LAC_bRPLC_NGP_06A,11700,2438.7699,2602.05528,868.02328,3,1,EEQFJSTFR,,1157.52218,3 4 0 1,H(3)N(4)F(1),(N(F)(N(H(H(N))(H(N))))),679,0 1 0 0;0 1 0 1;0 2 0 0;0 2 0 1;1 2 0 0;1 2 0 1;2 2 0 0;2 2 0 1;2 3 0 0;2 3 0 1;3 2 0 0;3 2 0 1;3 3 0 0;3 3 0 1;,1444.53387,5,44.60807,10.08254,108.72691,9,-0.00076,-0.29397,0.94118,0.5,0.0,0,0,0.0,79710.0,837082.6,437569.7,0.0,0.0,0,1.3310184579623842e-150,9.417717529052594e-152,-1,0.0,9.417717529052594e-152,sp|P01859|IGHG2_HUMAN,IGHG2,176,62029400.0,237949000.0,,,-1.0,-1.0,-1,,0,0,0
MS_UNDEP_PL_LAC_bRPLC_NGP_06A.11759.11759.2.0.dta,MS_UNDEP_PL_LAC_bRPLC_NGP_06A.11759.11759.2.0.dta,MS_UNDEP_PL_LAC_bRPLC_NGP_06A,11759,2448.16866,2602.05558,1301.53143,2,1,EEQFJSTFR,,1157.52218,3 4 0 1,H(3)N(4)F(1),(N(F)(N(H(H(N))(H(N))))),679,0 1 0 0;0 1 0 1;0 2 0 0;0 2 0 1;1 2 0 0;1 2 0 1;2 2 0 0;2 2 0 1;2 3 0 0;2 3 0 1;3 2 0 0;3 2 0 1;3 3 0 0;3 3 0 1;3 4 0 0;,1444.53387,5,66.48392,23.08728,147.07767,9,-0.00046,-0.17867,1.0,0.6875,0.0,0,0,0.0,229860.1,1445947.7,1040563.7,0.0,0.0,0,2.2278816749335056e-206,2.4754500631991964e-207,-1,0.0,2.4754500631991964e-207,sp|P01859|IGHG2_HUMAN,IGHG2,176,79187100.0,322619000.0,,,-1.0,-1.0,-1,,0,0,0
MS_UNDEP_PL_LAC_bRPLC_NGP_06A.12068.12068.3.0.dta,MS_UNDEP_PL_LAC_bRPLC_NGP_06A.12068.12068.3.0.dta,MS_UNDEP_PL_LAC_bRPLC_NGP_06A,12068,2498.97792,2764.10693,922.04049,3,1,EEQFJSTFR,,1157.52218,4 4 0 1,H(4)N(4)F(1),(N(F)(N(H(H(N))(H(N(H)))))),670,0 1 0 0;0 1 0 1;0 2 0 0;0 2 0 1;1 2 0 0;1 2 0 1;2 2 0 0;2 2 0 1;2 3 0 0;2 3 0 1;3 2 0 0;3 2 0 1;3 3 0 0;3 3 0 1;3 4 0 0;3 4 0 1;4 3 0 0;4 3 0 1;4 4 0 0;,1606.58669,5,100.5515,57.26028,180.94949,9,-0.00194,-0.7009,1.0,1.125,0.0,0,0,0.0,6023922.5,10111043.6,10498113.5,0.0,0.0,0,2.2952617539880727e-255,1.1476308770057256e-255,-1,0.0,1.1476308770057256e-255,sp|P01859|IGHG2_HUMAN,IGHG2,176,372021000.0,1577850000.0,,,-1.0,-1.0,-1,,0,0,0
MS_UNDEP_PL_LAC_bRPLC_NGP_06A.12072.12072.2.0.dta,MS_UNDEP_PL_LAC_bRPLC_NGP_06A.12072.12072.2.0.dta,MS_UNDEP_PL_LAC_bRPLC_NGP_06A,12072,2499.58716,2398.9715,1199.98939,2,1,EEQFJSTFR,,1157.52218,3 3 0 1,H(3)N(3)F(1),(N(F)(N(H(H)(H(N))))),720,0 1 0 0;0 1 0 1;0 2 0 0;0 2 0 1;1 2 0 0;1 2 0 1;2 2 0 0;2 2 0 1;2 3 0 0;2 3 0 1;3 2 0 0;3 2 0 1;3 3 0 0;,1241.4545,5,42.34859,8.59908,105.02625,9,-0.00518,-2.15859,1.0,0.5,0.0,0,0,0.0,113221.5,334711.0,295363.5,0.0,0.0,0,3.3171995571436994e-145,1.5650467221703173e-146,-1,0.0,1.5650467221703173e-146,sp|P01859|IGHG2_HUMAN,IGHG2,176,23764100.0,84927500.0,,,-1.0,-1.0,-1,,0,0,0
MS_UNDEP_PL_LAC_bRPLC_NGP_06A.12085.12085.2.0.dta,MS_UNDEP_PL_LAC_bRPLC_NGP_06A.12085.12085.2.0.dta,MS_UNDEP_PL_LAC_bRPLC_NGP_06A,12085,2501.76444,2764.10745,1382.55736,2,1,EEQFJSTFR,,1157.52218,4 4 0 1,H(4)N(4)F(1),(N(F)(N(H(H(N))(H(N(H)))))),670,0 1 0 0;0 1 0 1;0 2 0 0;0 2 0 1;1 2 0 0;1 2 0 1;2 2 0 0;2 2 0 1;2 3 0 0;2 3 0 1;3 2 0 0;3 2 0 1;3 3 0 0;3 3 0 1;3 4 0 0;3 4 0 1;4 3 0 0;4 3 0 1;4 4 0 0;,1606.58669,5,84.06341,27.78665,188.57739,9,-0.00142,-0.51386,1.0,0.75,0.0,0,0,0.0,8170412.0,6661547.9,9763554.8,0.0,0.0,0,2.337866560072857e-266,2.337866560072857e-266,-1,0.0,2.337866560072857e-266,sp|P01859|IGHG2_HUMAN,IGHG2,176,189854000.0,989015000.0,,,-1.0,-1.0,-1,,0,0,0
MS_UNDEP_PL_LAC_bRPLC_NGP_06A.12116.12116.3.0.dta,MS_UNDEP_PL_LAC_bRPLC_NGP_06A.12116.12116.3.0.dta,MS_UNDEP_PL_LAC_bRPLC_NGP_06A,12116,2506.8141,2602.05431,868.02295,3,1,EEQFJSTFR,,1157.52218,3 4 0 1,H(3)N(4)F(1),(N(F)(N(H(H(N))(H(N))))),679,0 1 0 0;0 1 0 1;0 2 0 0;0 2 0 1;1 2 0 0;1 2 0 1;2 2 0 0;2 2 0 1;2 3 0 0;2 3 0 1;3 2 0 0;3 2 0 1;3 3 0 0;3 3 0 1;3 4 0 0;,1444.53387,5,82.21681,45.44267,150.51165,9,-0.00174,-0.66867,1.0,1.0,0.0,0,0,0.0,683657.4,7614839.7,4305454.1,0.0,0.0,0,2.338194307533469e-211,2.922743221424765e-212,-1,0.0,2.922743221424765e-212,sp|P01859|IGHG2_HUMAN,IGHG2,176,528419000.0,2079310000.0,,,-1.0,-1.0,-1,,0,0,0
MS_UNDEP_PL_LAC_bRPLC_NGP_06A.12118.12118.3.0.dta,MS_UNDEP_PL_LAC_bRPLC_NGP_06A.12118.12118.3.0.dta,MS_UNDEP_PL_LAC_bRPLC_NGP_06A,12118,2507.12112,2618.05065,873.35507,3,1,EEQFJSTFR,,1157.52218,4 4 0 0,H(4)N(4),(N(N(H(H(N))(H(N(H)))))),2218,0 1 0 0;0 2 0 0;1 2 0 0;2 2 0 0;2 3 0 0;3 2 0 0;3 3 0 0;,1460.52878,5,26.68959,10.38873,56.96262,7,-0.00031,-0.11938,0.81818,0.5,0.0,0,0,0.0,149526.5,903349.2,587422.9,0.0,0.0,0,2.1162307596710672e-75,6.713776993535611e-77,-1,0.0,6.713776993535611e-77,sp|P01859|IGHG2_HUMAN,IGHG2,176,7997830.0,29587200.0,,,-1.0,-1.0,-1,,0,0,0
MS_UNDEP_PL_LAC_bRPLC_NGP_06A.12148.12148.2.0.dta,MS_UNDEP_PL_LAC_bRPLC_NGP_06A.12148.12148.2.0.dta,MS_UNDEP_PL_LAC_bRPLC_NGP_06A,12148,2511.99354,2602.05307,1301.53017,2,1,EEQFJSTFR,,1157.52218,3 4 0 1,H(3)N(4)F(1),(N(F)(N(H(H(N))(H(N))))),679,0 1 0 0;0 1 0 1;0 2 0 0;0 2 0 1;1 2 0 0;1 2 0 1;2 2 0 0;2 2 0 1;2 3 0 0;2 3 0 1;3 2 0 0;3 2 0 1;3 3 0 0;3 3 0 1;3 4 0 0;,1444.53387,5,93.35789,47.51718,178.49063,9,-0.00298,-1.14484,1.0,0.9375,0.0,0,0,0.0,2760005.0,14964356.9,8414190.4,0.0,0.0,0,8.078441210599925e-252,2.6935788241179786e-252,-1,0.0,2.6935788241179786e-252,sp|P01859|IGHG2_HUMAN,IGHG2,176,444399000.0,2116250000.0,,,-1.0,-1.0,-1,,0,0,0
MS_UNDEP_PL_LAC_bRPLC_NGP_06A.12258.12258.3.0.dta,MS_UNDEP_PL_LAC_bRPLC_NGP_06A.12258.12258.3.0.dta,MS_UNDEP_PL_LAC_bRPLC_NGP_06A,12258,2529.97446,2764.10736,922.04064,3,1,EEQFJSTFR,,1157.52218,4 4 0 1,H(4)N(4)F(1),(N(F)(N(H(H(N))(H(N(H)))))),670,0 1 0 0;0 1 0 1;0 2 0 0;0 2 0 1;1 2 0 0;1 2 0 1;2 2 0 0;2 2 0 1;2 3 0 0;2 3 0 1;3 2 0 0;3 2 0 1;3 3 0 0;3 3 0 1;3 4 0 1;4 3 0 0;4 3 0 1;,1606.58669,5,45.62856,9.42399,112.86563,9,-0.00151,-0.54786,0.90476,0.5625,0.0,0,0,0.0,324919.1,589822.2,646475.5,0.0,0.0,0,1.2341906626152376e-156,1.0207290988099215e-157,-1,0.0,1.0207290988099215e-157,sp|P01859|IGHG2_HUMAN,IGHG2,176,372021000.0,1577850000.0,,,-1.0,-1.0,-1,,0,0,0
MS_UNDEP_PL_LAC_bRPLC_NGP_06A.12267.12267.2.0.dta,MS_UNDEP_PL_LAC_bRPLC_NGP_06A.12267.12267.2.0.dta,MS_UNDEP_PL_LAC_bRPLC_NGP_06A,12267,2531.54556,2398.97431,1199.99079,2,1,EEQFJSTFR,,1157.52218,3 3 0 1,H(3)N(3)F(1),(N(F)(N(H(H)(H(N))))),720,0 1 0 0;0 1 0 1;0 2 0 0;0 2 0 1;1 2 0 0;1 2 0 1;2 2 0 0;2 2 0 1;2 3 0 0;2 3 0 1;3 2 0 0;3 2 0 1;3 3 0 0;,1241.4545,5,52.76818,18.37922,116.63338,9,-0.00236,-0.98475,1.0,0.6875,0.0,0,0,0.0,150255.3,882130.6,648342.6,0.0,0.0,0,3.9982066787163646e-162,2.3519018073132693e-163,-1,0.0,2.3519018073132693e-163,sp|P01859|IGHG2_HUMAN,IGHG2,176,23457500.0,83969400.0,,,-1.0,-1.0,-1,,0,0,0
MS_UNDEP_PL_LAC_bRPLC_NGP_06A.12311.12311.3.0.dta,MS_UNDEP_PL_LAC_bRPLC_NGP_06A.12311.12311.3.0.dta,MS_UNDEP_PL_LAC_bRPLC_NGP_06A,12311,2538.64698,2602.05395,868.02283,3,1,EEQFJSTFR,,1157.52218,3 4 0 1,H(3)N(4)F(1),(N(F)(N(H(H(N))(H(N))))),679,0 1 0 0;0 1 0 1;0 2 0 0;0 2 0 1;1 2 0 0;1 2 0 1;2 2 0 0;2 2 0 1;2 3 0 0;2 3 0 1;3 2 0 0;3 2 0 1;3 3 0 0;3 3 0 1;,1444.53387,5,65.24174,25.31986,139.38236,9,-0.0021,-0.80587,0.94118,0.8125,0.0,0,0,0.0,568308.5,6092463.3,3339220.4,0.0,0.0,0,3.27539451961878e-195,3.2753945196410593e-196,-1,0.0,3.2753945196410593e-196,sp|P01859|IGHG2_HUMAN,IGHG2,176,528419000.0,2079310000.0,,,-1.0,-1.0,-1,,0,0,0
MS_UNDEP_PL_LAC_bRPLC_NGP_06A.12343.12343.3.0.dta,MS_UNDEP_PL_LAC_bRPLC_NGP_06A.12343.12343.3.0.dta,MS_UNDEP_PL_LAC_bRPLC_NGP_06A,12343,2543.8407,2967.18661,989.73372,3,1,EEQFJSTFR,,1157.52218,4 5 0 1,H(4)N(5)F(1),(N(F)(N(H(N)(H(N))(H(N(H)))))),1333,0 1 0 0;0 1 0 1;0 2 0 0;0 2 0 1;1 2 0 0;1 2 0 1;1 3 0 0;1 3 0 1;2 2 0 0;2 2 0 1;2 3 0 0;2 3 0 1;2 4 0 0;2 4 0 1;3 3 0 0;3 3 0 1;3 4 0 0;3 4 0 1;4 3 0 1;4 4 0 0;4 4 0 1;,1809.66607,5,43.8471,6.82789,112.59704,8,-0.00163,-0.54998,0.7931,0.5,0.0,0,0,0.0,489441.7,967489.0,796730.7,0.0,0.0,0,3.0395225685146473e-156,2.4894539281267492e-157,-1,0.0041493775933609,0.0041493775933609,sp|P01859|IGHG2_HUMAN,IGHG2,176,48412900.0,231580000.0,,,-1.0,-1.0,-1,,0,0,0
MS_UNDEP_PL_LAC_bRPLC_NGP_06A.12344.12344.2.0.dta,MS_UNDEP_PL_LAC_bRPLC_NGP_06A.12344.12344.2.0.dta,MS_UNDEP_PL_LAC_bRPLC_NGP_06A,12344,2543.99772,2602.05332,1301.5303,2,1,EEQFJSTFR,,1157.52218,3 4 0 1,H(3)N(4)F(1),(N(N(H(H(N))(H(N(F)))))),2201,0 1 0 0;0 2 0 0;1 2 0 0;3 3 0 1;,1444.53387,5,8.00273,6.23247,11.29035,5,-0.00273,-1.04876,0.5,0.4375,0.0,0,0,0.0,114868.2,630834.8,456458.5,0.0,0.0,0,1.3408498257923028e-11,2.648345613956024e-13,-1,0.0041493775933609,0.0041493775933609,sp|P01859|IGHG2_HUMAN,IGHG2,176,444399000.0,2116250000.0,,,-1.0,-1.0,-1,,0,0,0
MS_UNDEP_PL_LAC_bRPLC_NGP_06A.12359.12359.3.0.dta,MS_UNDEP_PL_LAC_bRPLC_NGP_06A.12359.12359.3.0.dta,MS_UNDEP_PL_LAC_bRPLC_NGP_06A,12359,2546.38992,2805.13263,935.71573,3,1,EEQFJSTFR,,1157.52218,3 5 0 1,H(3)N(5)F(1),(N(F)(N(H(N)(H(N))(H(N))))),1341,0 1 0 0;0 1 0 1;0 2 0 0;0 2 0 1;1 2 0 0;1 2 0 1;1 3 0 0;1 3 0 1;2 2 0 0;2 2 0 1;2 3 0 0;2 3 0 1;2 4 0 0;2 4 0 1;3 2 0 0;3 2 0 1;3 3 0 0;3 3 0 1;3 4 0 0;3 4 0 1;,1647.61324,5,75.63633,23.93934,171.64502,9,-0.00279,-0.99477,0.95652,0.75,0.0,0,0,0.0,228532.2,2925811.9,1409922.4,0.0,0.0,0,6.153353379354182e-242,1.5383383450405639e-242,-1,0.0,1.5383383450405639e-242,sp|P01859|IGHG2_HUMAN,IGHG2,176,189961000.0,825712000.0,,,-1.0,-1.0,-1,,0,0,0
MS_UNDEP_PL_LAC_bRPLC_NGP_06A.12360.12360.2.0.dta,MS_UNDEP_PL_LAC_bRPLC_NGP_06A.12360.12360.2.0.dta,MS_UNDEP_PL_LAC_bRPLC_NGP_06A,12360,2546.54796,2602.05349,1301.53038,2,1,EEQFJSTFR,,1157.52218,3 4 0 1,H(3)N(4)F(1),(N(F)(N(H(H)(N)(H(N))))),753,0 1 0 0;0 1 0 1;0 2 0 0;0 2 0 1;1 2 0 0;1 2 0 1;1 3 0 0;1 3 0 1;2 2 0 0;2 2 0 1;2 3 0 0;2 3 0 1;2 4 0 1;3 2 0 0;3 2 0 1;3 3 0 0;3 3 0 1;3 4 0 0;,1444.53387,5,68.29346,21.18669,155.77747,9,-0.00255,-0.98189,0.95238,0.6875,0.0,0,0,0.0,246279.7,1570279.7,1123193.6,0.0,0.0,0,5.4852498832531106e-219,9.142086167716287e-220,-1,0.0,9.142086167716287e-220,sp|P01859|IGHG2_HUMAN,IGHG2,176,444399000.0,2116250000.0,,,-1.0,-1.0,-1,,0,0,0
MS_UNDEP_PL_LAC_bRPLC_NGP_06A.12553.12553.3.0.dta,MS_UNDEP_PL_LAC_bRPLC_NGP_06A.12553.12553.3.0.dta,MS_UNDEP_PL_LAC_bRPLC_NGP_06A,12553,2577.86532,2805.13265,935.71573,3,1,EEQFJSTFR,,1157.52218,3 5 0 1,H(3)N(5)F(1),(N(F)(N(H(N)(H(N))(H(N))))),1341,0 1 0 0;0 1 0 1;0 2 0 0;0 2 0 1;1 2 0 0;1 2 0 1;1 3 0 0;1 3 0 1;2 2 0 0;2 2 0 1;2 3 0 0;2 3 0 1;2 4 0 0;2 4 0 1;3 2 0 0;3 2 0 1;3 3 0 0;3 3 0 1;3 4 0 0;3 4 0 1;,1647.61324,5,51.7558,8.86437,131.41132,9,-0.00277,-0.98621,0.95652,0.5625,0.0,0,0,0.0,64793.1,813297.1,413814.1,0.0,0.0,0,1.2487918947576723e-183,8.920041005697087e-185,-1,0.0,8.920041005697087e-185,sp|P01859|IGHG2_HUMAN,IGHG2,176,189961000.0,825712000.0,,,-1.0,-1.0,-1,,0,0,0
MS_UNDEP_PL_LAC_bRPLC_NGP_06A.12633.12633.3.0.dta,MS_UNDEP_PL_LAC_bRPLC_NGP_06A.12633.12633.3.0.dta,MS_UNDEP_PL_LAC_bRPLC_NGP_06A,12633,2590.8099,2764.10765,922.04073,3,1,EEQFJSTFR,,1157.52218,4 4 0 1,H(4)N(4)F(1),(N(F)(N(H(H(N))(H(N(H)))))),670,0 1 0 0;0 1 0 1;0 2 0 0;0 2 0 1;1 2 0 0;1 2 0 1;2 2 0 0;2 2 0 1;2 3 0 0;2 3 0 1;3 2 0 0;3 2 0 1;3 3 0 0;3 3 0 1;4 3 0 0;4 3 0 1;4 4 0 0;,1606.58669,5,46.56993,10.78244,113.03243,9,-0.00122,-0.4415,0.90476,0.5625,0.0,0,0,0.0,284348.7,514930.7,438550.4,0.0,0.0,0,7.051906268905409e-157,3.917747917353407e-158,-1,0.0,3.917747917353407e-158,sp|P01859|IGHG2_HUMAN,IGHG2,176,48623600.0,267149000.0,,,-1.0,-1.0,-1,,0,0,0
MS_UNDEP_PL_LAC_bRPLC_NGP_06A.12693.12693.3.0.dta,MS_UNDEP_PL_LAC_bRPLC_NGP_06A.12693.12693.3.0.dta,MS_UNDEP_PL_LAC_bRPLC_NGP_06A,12693,2600.56266,2602.05462,868.02306,3,1,EEQFJSTFR,,1157.52218,3 4 0 1,H(3)N(4)F(1),(N(F)(N(H(H(N))(H(N))))),679,0 1 0 0;0 1 0 1;0 2 0 0;0 2 0 1;1 2 0 0;1 2 0 1;2 2 0 0;2 2 0 1;2 3 0 0;2 3 0 1;3 2 0 0;3 2 0 1;3 3 0 0;3 3 0 1;,1444.53387,5,47.05769,12.63729,110.9813,9,-0.00143,-0.54992,0.94118,0.5625,0.0,0,0,0.0,86540.3,1059780.0,498668.7,0.0,0.0,0,6.882121256056733e-154,3.3009096831520324e-155,-1,0.0,3.3009096831520324e-155,sp|P01859|IGHG2_HUMAN,IGHG2,176,114822000.0,447954000.0,,,-1.0,-1.0,-1,,0,0,0
MS_UNDEP_PL_LAC_bRPLC_NGP_06A.12746.12746.2.0.dta,MS_UNDEP_PL_LAC_bRPLC_NGP_06A.12746.12746.2.0.dta,MS_UNDEP_PL_LAC_bRPLC_NGP_06A,12746,2609.32674,2602.05499,1301.53113,2,1,EEQFJSTFR,,1157.52218,3 4 0 1,H(3)N(4)F(1),(N(F)(N(H(H(N))(H(N))))),679,0 1 0 0;0 1 0 1;0 2 0 0;0 2 0 1;1 2 0 0;1 2 0 1;2 2 0 0;2 2 0 1;2 3 0 0;2 3 0 1;3 2 0 0;3 2 0 1;3 3 0 0;3 3 0 1;3 4 0 0;,1444.53387,5,53.6354,9.91216,134.83568,9,-0.00106,-0.40696,1.0,0.5625,0.0,0,0,0.0,111068.2,710809.7,445780.1,0.0,0.0,0,1.3168212834028965e-188,1.0650799938110678e-189,-1,0.0,1.0650799938110678e-189,sp|P01859|IGHG2_HUMAN,IGHG2,176,75081700.0,297683000.0,,,-1.0,-1.0,-1,,0,0,0
MS_UNDEP_PL_LAC_bRPLC_NGP_06A.12893.12893.3.0.dta,MS_UNDEP_PL_LAC_bRPLC_NGP_06A.12893.12893.3.0.dta,MS_UNDEP_PL_LAC_bRPLC_NGP_06A,12893,2632.9431,2602.05456,868.02304,3,1,EEQFJSTFR,,1157.52218,3 4 0 1,H(3)N(4)F(1),(N(F)(N(H(H(N))(H(N))))),679,0 1 0 0;0 1 0 1;0 2 0 0;0 2 0 1;1 2 0 0;1 2 0 1;2 2 0 0;2 2 0 1;2 3 0 0;2 3 0 1;3 2 0 0;3 2 0 1;3 3 0 0;3 3 0 1;,1444.53387,5,40.61234,7.18097,102.69916,9,-0.00149,-0.57298,0.94118,0.4375,0.0,0,0,0.0,50866.2,523441.3,248115.9,0.0,0.0,0,8.229354952129959e-142,2.618172127949829e-143,-1,0.0,2.618172127949829e-143,sp|P01859|IGHG2_HUMAN,IGHG2,176,114822000.0,447954000.0,,,-1.0,-1.0,-1,,0,0,0
MS_UNDEP_PL_LAC_bRPLC_NGP_06A.13022.13022.3.1.dta,MS_UNDEP_PL_LAC_bRPLC_NGP_06A.13022.13022.3.1.dta,MS_UNDEP_PL_LAC_bRPLC_NGP_06A,13022,2653.65078,2765.0939,922.36948,3,1,EEQFJSTFR,"3,Deamidated[Q];",1158.50619,4 4 0 1,H(4)N(4)F(1),(N(F)(N(H(H(N))(H(N(H)))))),670,0 1 0 0;0 1 0 1;0 2 0 0;0 2 0 1;1 2 0 0;1 2 0 1;2 2 0 0;2 2 0 1;2 3 0 0;2 3 0 1;3 2 0 0;3 2 0 1;3 3 0 0;3 3 0 1;4 3 0 0;4 3 0 1;,1606.58669,5,40.68715,7.33239,102.63171,9,0.00101,0.3655,0.85714,0.4375,0.0,0,0,0.0,215233.4,364662.5,397135.4,0.0,0.0,0,1.0322114190791653e-141,5.666746969767001e-143,-1,0.0,5.666746969767001e-143,sp|P01859|IGHG2_HUMAN,IGHG2,176,69428600.0,196881000.0,,,-1.0,-1.0,-1,,0,0,0
MS_UNDEP_PL_LAC_bRPLC_NGP_06A.13085.13085.3.1.dta,MS_UNDEP_PL_LAC_bRPLC_NGP_06A.13085.13085.3.1.dta,MS_UNDEP_PL_LAC_bRPLC_NGP_06A,13085,2663.83392,2603.04299,868.35252,3,1,EEQFJSTFR,"3,Deamidated[Q];",1158.50619,3 4 0 1,H(3)N(4)F(1),(N(F)(N(H(H(N))(H(N))))),679,0 1 0 0;0 1 0 1;0 2 0 0;0 2 0 1;1 2 0 0;1 2 0 1;2 2 0 0;2 2 0 1;2 3 0 0;2 3 0 1;3 2 0 0;3 2 0 1;3 3 0 0;3 3 0 1;,1444.53387,5,47.82912,13.97032,110.70975,9,0.00293,1.12564,0.94118,0.625,0.0,0,0,0.0,89896.4,980840.8,568553.7,0.0,0.0,0,1.7121635883821544e-153,1.0933430099291278e-154,-1,0.0,1.0933430099291278e-154,sp|P01859|IGHG2_HUMAN,IGHG2,176,187900000.0,461553000.0,,,-1.0,-1.0,-1,,0,0,0
MS_UNDEP_PL_LAC_bRPLC_NGP_06A.15122.15122.3.0.dta,MS_UNDEP_PL_LAC_bRPLC_NGP_06A.15122.15122.3.0.dta,MS_UNDEP_PL_LAC_bRPLC_NGP_06A,15122,2994.11634,3175.25578,1059.09011,3,1,JYTLTGR,,824.42608,5 4 2 1,H(5)N(4)A(2)F(1),(N(F)(N(H(H(N(H(A))))(H(N(H(A))))))),226,0 1 0 0;0 1 0 1;0 2 0 0;0 2 0 1;1 2 0 0;1 2 0 1;2 2 0 0;2 2 0 1;2 3 0 0;2 3 0 1;3 2 0 0;3 2 0 1;3 3 0 0;3 3 0 1;3 3 1 0;3 3 1 1;3 4 0 1;4 3 0 0;4 3 0 1;4 3 1 0;4 3 1 1;4 4 0 0;4 4 0 1;4 4 1 1;5 4 0 0;5 4 0 1;5 4 1 1;,2350.83035,1,69.8113,23.7422,155.36821,9,-0.00066,-0.20655,0.87879,1.16667,0.0,0,0,0.0,531003.3,594758.1,572019.3,388077.2,782540.6,0,2.1475382553598843e-218,3.8515191791755164e-219,-1,0.0,3.8515191791755164e-219,sp|P10643|CO7_HUMAN,C7,754,25460900.0,131954000.0,,,-1.0,-1.0,-1,,0,0,0
MS_UNDEP_PL_LAC_bRPLC_NGP_06A.15599.15599.5.0.dta,MS_UNDEP_PL_LAC_bRPLC_NGP_06A.15599.15599.5.0.dta,MS_UNDEP_PL_LAC_bRPLC_NGP_06A,15599,3070.62108,5159.16737,1032.63929,5,1,SRYPHKPEIJSTTHPGADLQEJFCR,"24,Carbamidomethyl[C];",2954.39621,5 4 2 0,H(5)N(4)A(2),(N(N(H(H(N(H(A))))(H(N(H(A))))))),1791,0 1 0 0;0 2 0 0;1 2 0 0;2 2 0 0;2 3 0 0;3 2 0 0;3 3 0 0;4 3 0 0;4 3 1 0;4 4 0 0;5 4 0 0;5 4 1 0;,2204.77244,10,23.13387,13.11693,41.73676,5,-0.00128,-0.24811,0.70588,0.27083,0.0,0,0,0.0,91378.2,125755.9,259962.6,28884.3,94640.3,0,9.230327673231984e-54,1.1589665403623726e-55,-1,0.0,1.1589665403623726e-55,sp|P00734|THRB_HUMAN,F2,143,8372850.0,124050000.0,,,-1.0,-1.0,-1,,0,0,0
MS_UNDEP_PL_LAC_bRPLC_NGP_06A.15854.15854.4.1.dta,MS_UNDEP_PL_LAC_bRPLC_NGP_06A.15854.15854.4.1.dta,MS_UNDEP_PL_LAC_bRPLC_NGP_06A,15854,3111.73998,3690.65566,923.41937,4,1,VLDEINPQSVVTSAKQDEJMTR,,2474.21914,5 2 0 0,H(5)N(2),(N(N(H(H(H))(H(H))))),1637,0 2 0 0;1 2 0 0;2 2 0 0;3 2 0 0;,1216.42286,19,9.25641,9.62177,8.57787,4,0.01365,3.69855,0.5,0.2381,0.0,0,0,1175143.8,296245.9,881669.6,858590.0,0.0,0.0,0,3.7166846448837036e-08,8.05432745581843e-10,-1,0.0,8.05432745581843e-10,sp|O43196|MSH5_HUMAN,MSH5,109,101984000.0,751127000.0,,,-1.0,-1.0,-1,,0,0,0
MS_UNDEP_PL_LAC_bRPLC_NGP_06A.17170.17170.3.0.dta,MS_UNDEP_PL_LAC_bRPLC_NGP_06A.17170.17170.3.0.dta,MS_UNDEP_PL_LAC_bRPLC_NGP_06A,17170,3325.1571,3142.29208,1048.10221,3,1,EJISDPTSPLR,,1228.61681,5 4 1 0,H(5)N(4)A(1),(N(N(H(H(N(H)))(H(N(H(A))))))),2036,0 1 0 0;0 2 0 0;2 2 0 0;2 3 0 0;3 2 0 0;3 3 0 0;4 3 0 0;4 3 1 0;4 4 0 0;5 4 0 0;,1913.67702,2,13.85532,6.13775,28.18795,5,-0.00175,-0.5574,0.6875,0.4,0.0,0,0,0.0,178378.6,126164.7,168222.6,22696.9,58913.1,0,1.6425174388093704e-34,1.957808536320865e-36,-1,0.0041493775933609,0.0041493775933609,sp|P01591|IGJ_HUMAN,JCHAIN,71,59070800.0,299176000.0,,,-1.0,-1.0,-1,,0,0,0
MS_UNDEP_PL_LAC_bRPLC_NGP_06A.17866.17866.3.1.dta,MS_UNDEP_PL_LAC_bRPLC_NGP_06A.17866.17866.3.1.dta,MS_UNDEP_PL_LAC_bRPLC_NGP_06A,17866,3438.19338,3639.44431,1213.81962,3,1,FSDGLESJSSTQFEVK,,1774.813,9 2 0 0,H(9)N(2),(N(N(H(H)(H(H)(H(H(H(H(H))))))))),2251,0 1 0 0;0 2 0 0;1 2 0 0;2 2 0 0;3 2 0 0;4 2 0 0;5 2 0 0;6 2 0 0;7 2 0 0;,1864.63416,8,36.41524,22.52636,62.20888,6,-0.00284,-0.78051,0.83333,0.56667,0.0,0,0,166091.3,58738.4,176519.5,169298.5,0.0,0.0,0,6.923665379837877e-83,2.0795023051757787e-84,-1,0.0,2.0795023051757787e-84,sp|P0C0L4|CO4A_HUMAN;sp|P0C0L5|CO4B_HUMAN,C4A;C4B,226;226,4245340.0,30601100.0,,,-1.0,-1.0,-1,,0,0,0
MS_UNDEP_PL_LAC_bRPLC_NGP_06A.20487.20487.3.1.dta,MS_UNDEP_PL_LAC_bRPLC_NGP_06A.20487.20487.3.1.dta,MS_UNDEP_PL_LAC_bRPLC_NGP_06A,20487,3864.54642,3649.63133,1217.21529,3,1,TVLTPATNHMGJVTFTIPANR,"10,Oxidation[M];",2271.15503,6 2 0 0,H(6)N(2),(N(N(H(H(H))(H(H)(H))))),1636,0 1 0 0;0 2 0 0;2 2 0 0;3 2 0 0;4 2 0 0;5 2 0 0;,1378.47569,12,16.9958,16.57757,17.77251,5,0.00062,0.16924,0.77778,0.375,0.0,0,0,21138.4,18311.5,3204.4,52782.3,0.0,4459.5,0,2.2171240631285483e-20,3.1032585038438082e-22,-1,0.0,3.1032585038438082e-22,sp|P01024|CO3_HUMAN,C3,85,10440100.0,77468400.0,,,-1.0,-1.0,-1,,0,0,0
MS_UNDEP_PL_LAC_bRPLC_NGP_06A.20887.20887.3.0.dta,MS_UNDEP_PL_LAC_bRPLC_NGP_06A.20887.20887.3.0.dta,MS_UNDEP_PL_LAC_bRPLC_NGP_06A,20887,3929.68284,3822.5302,1274.84825,3,1,GTAGNALMDGASQLMGEJR,"15,Oxidation[M];",1908.85384,5 4 1 0,H(5)N(4)A(1),(N(N(H(H(N(H)))(H(N(H(A))))))),2036,0 1 0 0;0 2 0 0;1 2 0 0;2 2 0 0;3 2 0 0;3 3 0 0;3 3 1 0;4 3 0 0;4 3 1 0;5 4 0 0;,1913.67702,18,20.72127,8.89757,42.67956,6,-0.00066,-0.17201,0.6875,0.16667,0.0,0,0,0.0,548521.1,443745.2,649484.0,62041.4,162012.6,0,4.1869472413046e-55,7.64248121969358e-57,-1,0.0,7.64248121969358e-57,sp|P02675|FIBB_HUMAN,FGB,394,27799200.0,205800000.0,,,-1.0,-1.0,-1,,0,0,0
MS_UNDEP_PL_LAC_bRPLC_NGP_06A.21798.21798.3.0.dta,MS_UNDEP_PL_LAC_bRPLC_NGP_06A.21798.21798.3.0.dta,MS_UNDEP_PL_LAC_bRPLC_NGP_06A,21798,4079.08242,3822.53049,1274.84835,3,1,GTAGNALMDGASQLMGEJR,"8,Oxidation[M];",1908.85384,5 4 1 0,H(5)N(4)A(1),(N(N(H(H(N(H)))(H(N(H(A))))))),2036,0 1 0 0;0 2 0 0;1 2 0 0;2 2 0 0;2 3 0 0;3 2 0 0;3 3 0 0;4 3 0 0;4 3 1 0;5 4 0 0;,1913.67702,18,31.2838,19.32517,53.49269,7,-0.00037,-0.09745,0.75,0.38889,0.0,0,0,0.0,684345.0,556374.6,824434.6,90532.5,201469.5,0,1.803143403154107e-70,3.2749308036587946e-72,-1,0.0,3.2749308036587946e-72,sp|P02675|FIBB_HUMAN,FGB,394,40349100.0,300732000.0,,,-1.0,-1.0,-1,,0,0,0
MS_UNDEP_PL_LAC_bRPLC_NGP_06A.21995.21995.3.0.dta,MS_UNDEP_PL_LAC_bRPLC_NGP_06A.21995.21995.3.0.dta,MS_UNDEP_PL_LAC_bRPLC_NGP_06A,21995,4111.10676,3822.53061,1274.84839,3,1,GTAGNALMDGASQLMGEJR,"8,Oxidation[M];",1908.85384,5 4 1 0,H(5)N(4)A(1),(N(N(H(H(N(H)))(H(N(H(A))))))),2036,0 1 0 0;0 2 0 0;1 2 0 0;2 2 0 0;3 2 0 0;3 3 0 0;3 3 1 0;4 3 0 0;4 3 1 0;5 4 0 0;,1913.67702,18,22.68417,12.55529,41.49496,6,-0.00025,-0.06527,0.6875,0.22222,0.0,0,0,0.0,780182.4,613211.2,906751.1,96536.1,223982.8,0,2.0410664711224674e-53,4.6810272410881636e-55,-1,0.0,4.6810272410881636e-55,sp|P02675|FIBB_HUMAN,FGB,394,40349100.0,300732000.0,,,-1.0,-1.0,-1,,0,0,0
MS_UNDEP_PL_LAC_bRPLC_NGP_06A.22310.22310.3.0.dta,MS_UNDEP_PL_LAC_bRPLC_NGP_06A.22310.22310.3.0.dta,MS_UNDEP_PL_LAC_bRPLC_NGP_06A,22310,4162.91478,3633.63494,1211.88316,3,1,TVLTPATNHMGJVTFTIPANR,,2255.16011,6 2 0 0,H(6)N(2),(N(N(H(H(H))(H(H)(H))))),1636,0 1 0 0;0 2 0 0;1 2 0 0;2 2 0 0;3 2 0 0;4 2 0 0;5 2 0 0;,1378.47569,12,21.53067,16.22918,31.3763,6,-0.00086,-0.23677,0.88889,0.375,0.0,0,0,21118.7,14205.1,42887.5,38900.2,0.0,0.0,0,5.4621582593856045e-39,1.1651800169652302e-40,-1,0.0,1.1651800169652302e-40,sp|P01024|CO3_HUMAN,C3,85,56079600.0,401393000.0,,,-1.0,-1.0,-1,,0,0,0
MS_UNDEP_PL_LAC_bRPLC_NGP_06A.22330.22330.4.1.dta,MS_UNDEP_PL_LAC_bRPLC_NGP_06A.22330.22330.4.1.dta,MS_UNDEP_PL_LAC_bRPLC_NGP_06A,22330,4166.20482,3633.63525,909.16427,4,1,TVLTPATNHMGJVTFTIPANR,,2255.16011,6 2 0 0,H(6)N(2),(N(N(H(H(H))(H(H(H)))))),1628,0 1 0 0;0 2 0 0;1 2 0 0;2 2 0 0;3 2 0 0;4 2 0 0;,1378.47569,12,15.21688,15.62671,14.45576,5,-0.00055,-0.15201,0.66667,0.325,0.0,0,0,18890.7,7990.2,24346.5,21357.5,0.0,0.0,0,6.878103478758086e-16,9.15453834193464e-18,-1,0.0,9.15453834193464e-18,sp|P01024|CO3_HUMAN,C3,85,7499570.0,54019500.0,,,-1.0,-1.0,-1,,0,0,0
MS_UNDEP_PL_LAC_bRPLC_NGP_06A.22505.22505.3.0.dta,MS_UNDEP_PL_LAC_bRPLC_NGP_06A.22505.22505.3.0.dta,MS_UNDEP_PL_LAC_bRPLC_NGP_06A,22505,4194.68022,3633.63531,1211.88329,3,1,TVLTPATNHMGJVTFTIPANR,,2255.16011,6 2 0 0,H(6)N(2),(N(N(H(H(H))(H(H)(H))))),1636,0 1 0 0;0 2 0 0;1 2 0 0;2 2 0 0;3 2 0 0;4 2 0 0;5 2 0 0;,1378.47569,12,26.70411,19.34657,40.36811,6,-0.00049,-0.13357,0.88889,0.425,0.0,0,0,33494.5,25030.7,81697.8,82423.4,0.0,4254.3,0,8.25260008520268e-52,1.97527412933682e-53,-1,0.0,1.97527412933682e-53,sp|P01024|CO3_HUMAN,C3,85,56079600.0,401393000.0,,,-1.0,-1.0,-1,,0,0,0
MS_UNDEP_PL_LAC_bRPLC_NGP_06A.22626.22626.3.0.dta,MS_UNDEP_PL_LAC_bRPLC_NGP_06A.22626.22626.3.0.dta,MS_UNDEP_PL_LAC_bRPLC_NGP_06A,22626,4214.2557,3471.58292,1157.86582,3,1,TVLTPATNHMGJVTFTIPANR,,2255.16011,5 2 0 0,H(5)N(2),(N(N(H(H)(H(H(H)))))),2249,0 1 0 0;0 2 0 0;1 2 0 0;2 2 0 0;3 2 0 0;4 2 0 0;,1216.42286,12,12.15458,10.43745,15.34352,5,-6e-05,-0.01726,0.75,0.325,0.0,0,0,9743.2,36943.7,62260.0,56725.9,7286.0,10462.4,0,4.2977599395613285e-17,5.068264395749274e-19,-1,0.0,5.068264395749274e-19,sp|P01024|CO3_HUMAN,C3,85,12628100.0,85253400.0,,,-1.0,-1.0,-1,,0,0,0
MS_UNDEP_PL_LAC_bRPLC_NGP_06A.24461.24461.3.0.dta,MS_UNDEP_PL_LAC_bRPLC_NGP_06A.24461.24461.3.0.dta,MS_UNDEP_PL_LAC_bRPLC_NGP_06A,24461,4511.73198,3822.52999,1274.84818,3,1,GTAGNALMDGASQLMGEJR,"8,Oxidation[M];",1908.85384,5 4 1 0,H(5)N(4)A(1),(N(N(H(H(N(H)))(H(N(H(A))))))),2036,0 1 0 0;0 2 0 0;1 2 0 0;2 2 0 0;2 3 0 0;3 2 0 0;3 3 0 0;3 3 1 0;4 3 0 0;4 3 1 0;4 4 0 0;5 4 0 0;,1913.67702,18,33.95229,11.48528,75.67674,7,-0.00087,-0.22773,0.875,0.22222,0.0,0,0,0.0,897713.9,759008.6,1129126.5,110218.2,287604.4,0,2.284690956271041e-102,9.631283777258141e-104,-1,0.0,9.631283777258141e-104,sp|P02675|FIBB_HUMAN,FGB,394,65791100.0,492418000.0,,,-1.0,-1.0,-1,,0,0,0
MS_UNDEP_PL_LAC_bRPLC_NGP_06A.24651.24651.3.0.dta,MS_UNDEP_PL_LAC_bRPLC_NGP_06A.24651.24651.3.0.dta,MS_UNDEP_PL_LAC_bRPLC_NGP_06A,24651,4542.63024,3822.531,1274.84852,3,1,GTAGNALMDGASQLMGEJR,"8,Oxidation[M];",1908.85384,5 4 1 0,H(5)N(4)A(1),(N(N(H(H(N(H)))(H(N(H(A))))))),2036,0 1 0 0;0 2 0 0;1 2 0 0;2 2 0 0;3 2 0 0;3 3 0 0;3 3 1 0;4 3 0 0;4 3 1 0;5 4 0 0;,1913.67702,18,28.30612,10.25257,61.83412,7,0.00014,0.03675,0.75,0.19444,0.0,0,0,0.0,865493.1,662444.2,969966.4,114208.8,255681.3,0,2.381416564959006e-82,7.885038578838783e-84,-1,0.0,7.885038578838783e-84,sp|P02675|FIBB_HUMAN,FGB,394,71995100.0,537066000.0,,,-1.0,-1.0,-1,,0,0,0
MS_UNDEP_PL_LAC_bRPLC_NGP_06A.24978.24978.5.1.dta,MS_UNDEP_PL_LAC_bRPLC_NGP_06A.24978.24978.5.1.dta,MS_UNDEP_PL_LAC_bRPLC_NGP_06A,24978,4595.70462,5748.43024,1150.49187,5,1,ELHHLQEQJVSNAFLDKGEFYIGSK,,2903.43224,5 5 3 1,H(5)N(5)A(3)F(1),(N(F)(N(H(N)(H(N(H(A))))(H(N(H(A(A)))))))),947,0 1 0 0;0 1 0 1;0 2 0 0;1 2 0 1;2 2 0 1;3 2 0 0;3 2 0 1;4 3 0 1;,2845.00514,9,8.19356,10.55347,3.81087,4,-0.00714,-1.24224,0.12308,0.27083,0.0,0,0,0.0,75585.7,105904.1,170452.7,18197.1,59788.9,0,0.0031344483920342,0.0001305518254288,-1,0.0,0.0001305518254288,sp|P00450|CERU_HUMAN,CP,762,507029.0,2436510.0,,,-1.0,-1.0,-1,,0,0,0
MS_UNDEP_PL_LAC_bRPLC_NGP_06A.25051.25051.5.0.dta,MS_UNDEP_PL_LAC_bRPLC_NGP_06A.25051.25051.5.0.dta,MS_UNDEP_PL_LAC_bRPLC_NGP_06A,25051,4607.65092,5254.26277,1051.65837,5,1,ELHHLQEQJVSNAFLDKGEFYIGSK,,2903.43224,5 4 2 1,H(5)N(4)A(2)F(1),(N(F)(N(H(H(N(H(A))))(H(N(H(A))))))),226,0 1 0 0;0 1 0 1;0 2 0 0;0 2 0 1;1 2 0 0;1 2 0 1;2 2 0 0;2 2 0 1;2 3 0 0;2 3 0 1;3 2 0 0;3 2 0 1;3 3 0 0;3 3 0 1;3 3 1 1;4 3 0 0;4 3 0 1;4 3 1 0;4 3 1 1;4 4 0 1;4 4 1 0;4 4 1 1;5 4 0 0;5 4 0 1;5 4 1 0;5 4 1 1;,2350.83035,9,70.72028,22.51023,160.25322,8,0.00018,0.03391,0.81818,0.41667,0.0,0,0,0.0,923899.3,1038975.0,1614881.5,419428.8,1273096.6,0,1.8173766619082206e-225,3.634753323816441e-226,-1,0.0,3.634753323816441e-226,sp|P00450|CERU_HUMAN,CP,762,71234600.0,1122480000.0,,,-1.0,-1.0,-1,,0,0,0
MS_UNDEP_PL_LAC_bRPLC_NGP_06A.25052.25052.4.1.dta,MS_UNDEP_PL_LAC_bRPLC_NGP_06A.25052.25052.4.1.dta,MS_UNDEP_PL_LAC_bRPLC_NGP_06A,25052,4607.80692,5254.26276,1314.32115,4,1,ELHHLQEQJVSNAFLDKGEFYIGSK,,2903.43224,5 4 2 1,H(5)N(4)A(2)F(1),(N(F)(N(H(H(N(H(A))))(H(N(H(A))))))),226,0 1 0 0;0 1 0 1;1 2 0 0;2 2 0 0;2 2 0 1;2 3 0 1;3 2 0 0;3 2 0 1;3 3 0 0;3 3 0 1;3 3 1 1;4 3 0 0;4 3 0 1;4 3 1 1;5 4 0 1;5 4 1 1;5 4 2 0;,2350.83035,9,28.40399,24.51359,35.62902,5,0.00017,0.032,0.51515,0.4375,0.0,0,0,0.0,731301.0,910484.4,1574894.2,202449.3,540021.9,0,4.8068310875531176e-45,4.633448497153165e-47,-1,0.0,4.633448497153165e-47,sp|P00450|CERU_HUMAN,CP,762,32080500.0,543425000.0,,,-1.0,-1.0,-1,,0,0,0
MS_UNDEP_PL_LAC_bRPLC_NGP_06A.25212.25212.5.0.dta,MS_UNDEP_PL_LAC_bRPLC_NGP_06A.25212.25212.5.0.dta,MS_UNDEP_PL_LAC_bRPLC_NGP_06A,25212,4633.80822,5108.20456,1022.44673,5,1,ELHHLQEQJVSNAFLDKGEFYIGSK,,2903.43224,5 4 2 0,H(5)N(4)A(2),(N(N(H(H(N(H(A))))(H(N(H(A))))))),1791,0 1 0 0;0 2 0 0;1 2 0 0;2 2 0 0;2 3 0 0;3 2 0 0;3 3 0 0;3 3 1 0;4 3 0 0;4 3 1 0;4 4 0 0;4 4 1 0;5 4 0 0;5 4 1 0;,2204.77244,9,62.77683,42.03473,101.29788,6,-0.00012,-0.02311,0.88235,0.60417,0.0,0,0,0.0,461720.7,545011.3,842791.3,222003.9,687298.9,0,9.116419112940033e-140,4.530431866615042e-141,-1,0.0,4.530431866615042e-141,sp|P00450|CERU_HUMAN,CP,762,36805200.0,542621000.0,,,-1.0,-1.0,-1,,0,0,0
MS_UNDEP_PL_LAC_bRPLC_NGP_06A.25243.25243.4.1.dta,MS_UNDEP_PL_LAC_bRPLC_NGP_06A.25243.25243.4.1.dta,MS_UNDEP_PL_LAC_bRPLC_NGP_06A,25243,4638.88632,5108.20384,1277.80642,4,1,ELHHLQEQJVSNAFLDKGEFYIGSK,,2903.43224,5 4 2 0,H(5)N(4)A(2),(N(N(H(H(N(H(A))))(H(N(H(A))))))),1791,0 1 0 0;0 2 0 0;1 2 0 0;2 2 0 0;3 2 0 0;3 3 0 0;3 3 1 0;4 3 0 0;4 3 1 0;4 4 0 0;5 4 0 0;5 4 1 0;,2204.77244,9,17.72382,9.66714,32.68621,5,-0.00084,-0.16425,0.70588,0.27083,0.0,0,0,0.0,189917.5,229699.6,401801.8,53975.4,140342.5,0,7.54710573738872e-41,1.524697436329957e-42,-1,0.0,1.524697436329957e-42,sp|P00450|CERU_HUMAN,CP,762,19871700.0,292473000.0,,,-1.0,-1.0,-1,,0,0,0
MS_UNDEP_PL_LAC_bRPLC_NGP_06A.26574.26574.5.0.dta,MS_UNDEP_PL_LAC_bRPLC_NGP_06A.26574.26574.5.0.dta,MS_UNDEP_PL_LAC_bRPLC_NGP_06A,26574,4854.66666,4758.14401,952.43462,5,1,SLGNVJFTVSAEALESQELCGTEVPSVPEHGRK,"20,Carbamidomethyl[C];",3541.72275,5 2 0 0,H(5)N(2),(N(N(H(H)(H(H)(H))))),2257,0 1 0 0;1 2 0 0;2 2 0 0;3 2 0 0;4 2 0 0;,1216.42286,6,22.1581,22.99832,20.59768,5,-0.0016,-0.33709,0.75,0.375,0.0,0,0,26023.2,25462.9,67640.4,57408.4,0.0,0.0,0,3.449174096144932e-24,8.360348217591258e-26,-1,0.0,8.360348217591258e-26,sp|P01023|A2MG_HUMAN,A2M,869,25620800.0,645189000.0,,,-1.0,-1.0,-1,,0,0,0
MS_UNDEP_PL_LAC_bRPLC_NGP_06A.26648.26648.4.1.dta,MS_UNDEP_PL_LAC_bRPLC_NGP_06A.26648.26648.4.1.dta,MS_UNDEP_PL_LAC_bRPLC_NGP_06A,26648,4866.90276,5123.27753,1281.57484,4,1,SLGNVJFTVSAEALESQELCGTEVPSVPEHGRK,"20,Carbamidomethyl[C];",3541.72275,6 3 0 0,H(6)N(3),(N(N(H(H(H)(H))(H(H(N)))))),1547,0 1 0 0;0 2 0 0;1 2 0 0;2 2 0 0;3 2 0 0;4 2 0 0;5 2 0 0;5 3 0 0;,1581.55506,6,20.92844,13.183,35.31283,6,-0.00028,-0.05521,0.69231,0.28125,0.0,0,0,0.0,324006.5,302965.7,520522.9,0.0,0.0,0,1.3592007119219406e-44,2.1924156619313963e-46,-1,0.0,2.1924156619313963e-46,sp|P01023|A2MG_HUMAN,A2M,869,28618700.0,427884000.0,,,-1.0,-1.0,-1,,0,0,0
MS_UNDEP_PL_LAC_bRPLC_NGP_06A.26696.26696.4.1.dta,MS_UNDEP_PL_LAC_bRPLC_NGP_06A.26696.26696.4.1.dta,MS_UNDEP_PL_LAC_bRPLC_NGP_06A,26696,4874.70588,4920.19738,1230.8048,4,1,SLGNVJFTVSAEALESQELCGTEVPSVPEHGRK,"20,Carbamidomethyl[C];",3541.72275,6 2 0 0,H(6)N(2),(N(N(H(H(H))(H(H(H)))))),1628,0 1 0 0;0 2 0 0;1 2 0 0;2 2 0 0;3 2 0 0;4 2 0 0;5 2 0 0;,1378.47569,6,80.25281,91.89276,58.63575,6,-0.00106,-0.2151,0.88889,0.71875,0.0,0,0,173418.5,104045.9,427256.5,401666.6,0.0,0.0,0,8.782817963525957e-78,1.1191703147325924e-79,-1,0.0,1.1191703147325924e-79,sp|P01023|A2MG_HUMAN,A2M,869,55287000.0,776934000.0,,,-1.0,-1.0,-1,,0,0,0
MS_UNDEP_PL_LAC_bRPLC_NGP_06A.26701.26701.4.5.dta,MS_UNDEP_PL_LAC_bRPLC_NGP_06A.26701.26701.4.5.dta,MS_UNDEP_PL_LAC_bRPLC_NGP_06A,26701,4875.48084,4597.07111,1150.02323,4,1,SLGNVJFTVSAEALESQELCGTEVPSVPEHGRK,"20,Carbamidomethyl[C];17,Deamidated[Q];",3542.70677,4 2 0 0,H(4)N(2),(N(N(H(H)(H(H))))),2258,0 1 0 0;1 2 0 0;2 2 0 0;3 2 0 0;,1054.37004,6,13.88784,14.28254,13.15481,5,-0.0057,-1.23981,0.71429,0.26562,0.0,0,0,11469.2,27557.8,85367.1,92279.9,0.0,0.0,0,4.010448691893847e-14,5.708105043430348e-16,-1,0.0,5.708105043430348e-16,sp|P01023|A2MG_HUMAN,A2M,869,8512100.0,19444000.0,,,-1.0,-1.0,-1,,0,0,0
MS_UNDEP_PL_LAC_bRPLC_NGP_06A.26728.26728.4.1.dta,MS_UNDEP_PL_LAC_bRPLC_NGP_06A.26728.26728.4.1.dta,MS_UNDEP_PL_LAC_bRPLC_NGP_06A,26728,4879.94526,4758.14426,1190.29152,4,1,SLGNVJFTVSAEALESQELCGTEVPSVPEHGRK,"20,Carbamidomethyl[C];",3541.72275,5 2 0 0,H(5)N(2),(N(N(H(H(H))(H(H))))),1637,0 1 0 0;0 2 0 0;1 2 0 0;2 2 0 0;3 2 0 0;4 2 0 0;,1216.42286,6,90.87805,97.09105,79.33962,7,-0.00135,-0.28476,1.0,0.6875,0.0,0,0,667906.6,530661.0,2500008.4,2349808.7,0.0,0.0,0,1.0407278289671765e-107,2.0738409163818386e-109,-1,0.0,2.0738409163818386e-109,sp|P01023|A2MG_HUMAN,A2M,869,287199000.0,3605350000.0,,,-1.0,-1.0,-1,,0,0,0
MS_UNDEP_PL_LAC_bRPLC_NGP_06A.26729.26729.5.0.dta,MS_UNDEP_PL_LAC_bRPLC_NGP_06A.26729.26729.5.0.dta,MS_UNDEP_PL_LAC_bRPLC_NGP_06A,26729,4880.09838,4920.19834,984.84549,5,1,SLGNVJFTVSAEALESQELCGTEVPSVPEHGRK,"20,Carbamidomethyl[C];",3541.72275,6 2 0 0,H(6)N(2),(N(N(H(H(H))(H(H(H)))))),1628,0 1 0 0;0 2 0 0;1 2 0 0;4 2 0 0;,1378.47569,6,15.24879,21.31635,3.98046,3,-0.0001,-0.0208,0.44444,0.35938,0.0,0,0,49302.1,27039.4,61634.3,53360.2,0.0,0.0,0,0.0020812815561729,7.856110015366263e-05,-1,0.0,7.856110015366263e-05,sp|P01023|A2MG_HUMAN,A2M,869,5621310.0,81889400.0,,,-1.0,-1.0,-1,,0,0,0
MS_UNDEP_PL_LAC_bRPLC_NGP_06A.26731.26731.4.3.dta,MS_UNDEP_PL_LAC_bRPLC_NGP_06A.26731.26731.4.3.dta,MS_UNDEP_PL_LAC_bRPLC_NGP_06A,26731,4880.40354,3823.5532,956.64376,4,1,GTAGNALMDGASQLMGEJR,,1892.85892,6 4 0 1,H(6)N(4)F(1),(N(N(H(H(H))(H(N(H))(N(H)(F)))))),1659,0 1 0 0;0 2 0 0;1 2 0 0;2 2 0 0;3 2 0 0;3 3 0 0;4 3 0 0;,1930.69234,18,20.34256,14.24163,31.67287,7,0.00193,0.50576,0.36,0.22222,0.0,0,0,0.0,634074.2,476833.1,628621.6,84131.3,220768.7,0,2.0751964549629384e-39,1.7327712383870498e-41,-1,0.0,1.7327712383870498e-41,sp|P02675|FIBB_HUMAN,FGB,394,20586800.0,91496300.0,,,-1.0,-1.0,-1,,0,0,0
MS_UNDEP_PL_LAC_bRPLC_NGP_06A.26746.26746.2.6.dta,MS_UNDEP_PL_LAC_bRPLC_NGP_06A.26746.26746.2.6.dta,MS_UNDEP_PL_LAC_bRPLC_NGP_06A,26746,4882.91808,3807.54534,1904.27631,2,1,GTAGNALMDGASQLMGEJR,,1892.85892,5 4 0 2,H(5)N(4)F(2),(N(N(H(H(N(H(F))))(H(N(H(F))))))),1807,0 1 0 0;0 2 0 0;1 2 0 0;2 2 0 0;2 3 0 0;3 2 0 0;3 3 0 0;4 3 0 0;4 4 0 0;5 4 0 0;,1914.69742,18,29.96978,7.71324,71.30334,7,-0.01101,-2.89047,0.70588,0.16667,0.0,0,0,0.0,1103194.9,1147869.5,1782171.8,106247.9,216940.6,0,5.26123850688802e-96,8.654398394861904e-98,-1,0.0,8.654398394861904e-98,sp|P02675|FIBB_HUMAN,FGB,394,4615250.0,18180200.0,5 4 1 0,H(5)N(4)A(1),669266.0,18849400.0,-1,,0,0,0
MS_UNDEP_PL_LAC_bRPLC_NGP_06A.26761.26761.4.1.dta,MS_UNDEP_PL_LAC_bRPLC_NGP_06A.26761.26761.4.1.dta,MS_UNDEP_PL_LAC_bRPLC_NGP_06A,26761,4885.32912,3806.53572,952.38939,4,1,GTAGNALMDGASQLMGEJR,,1892.85892,5 4 1 0,H(5)N(4)A(1),(N(N(H(H(N(H)))(H(N(H(A))))))),2036,0 1 0 0;0 2 0 0;1 2 0 0;2 2 0 0;2 3 0 0;3 2 0 0;3 3 0 0;4 3 0 0;,1913.67702,18,69.07018,80.73381,47.40916,6,-0.00023,-0.0595,0.5625,0.72222,0.0,0,0,0.0,4437562.4,3635706.4,4766354.6,625530.6,1716203.1,0,7.830037444581155e-62,1.1993562965489526e-63,-1,0.0,1.1993562965489526e-63,sp|P02675|FIBB_HUMAN,FGB,394,137798000.0,1077790000.0,,,-1.0,-1.0,-1,,0,0,0
MS_UNDEP_PL_LAC_bRPLC_NGP_06A.26761.26761.5.2.dta,MS_UNDEP_PL_LAC_bRPLC_NGP_06A.26761.26761.5.2.dta,MS_UNDEP_PL_LAC_bRPLC_NGP_06A,26761,4885.32912,4758.14337,952.43449,5,1,SLGNVJFTVSAEALESQELCGTEVPSVPEHGRK,"20,Carbamidomethyl[C];",3541.72275,5 2 0 0,H(5)N(2),(N(N(H(H)(H(H(H)))))),2249,0 1 0 0;0 2 0 0;1 2 0 0;2 2 0 0;3 2 0 0;4 2 0 0;,1216.42286,6,20.98793,15.70572,30.79775,6,-0.00224,-0.47159,0.875,0.26562,0.0,0,0,0.0,4437562.4,3635706.4,4766354.6,625530.6,1716203.1,0,3.59604609720383e-38,5.2767413731146216e-40,-1,0.0,5.2767413731146216e-40,sp|P01023|A2MG_HUMAN,A2M,869,25620800.0,645189000.0,,,-1.0,-1.0,-1,,0,0,0
MS_UNDEP_PL_LAC_bRPLC_NGP_06A.26776.26776.3.1.dta,MS_UNDEP_PL_LAC_bRPLC_NGP_06A.26776.26776.3.1.dta,MS_UNDEP_PL_LAC_bRPLC_NGP_06A,26776,4887.8562,4759.14918,1587.05458,3,1,SLGNVJFTVSAEALESQELCGTEVPSVPEHGRK,"20,Carbamidomethyl[C];17,Deamidated[Q];",3542.70677,5 2 0 0,H(5)N(2),(N(N(H(H)(H(H)(H))))),2257,0 1 0 0;3 2 0 0;4 2 0 0;,1216.42286,6,6.88122,9.628,1.78006,2,0.01955,4.10685,0.375,0.21875,0.0,0,0,23905.3,42275.4,191431.6,230529.0,0.0,0.0,0,0.0607014227052956,0.0097598513214777,-1,0.0,0.0097598513214777,sp|P01023|A2MG_HUMAN,A2M,869,19788400.0,108357000.0,,,-1.0,-1.0,-1,,0,0,0
MS_UNDEP_PL_LAC_bRPLC_NGP_06A.26840.26840.3.0.dta,MS_UNDEP_PL_LAC_bRPLC_NGP_06A.26840.26840.3.0.dta,MS_UNDEP_PL_LAC_bRPLC_NGP_06A,26840,4898.2401,3806.53394,1269.51617,3,1,GTAGNALMDGASQLMGEJR,,1892.85892,5 4 1 0,H(5)N(4)A(1),(N(N(H(H(N(H)))(H(N(H(A))))))),2036,0 1 0 0;0 2 0 0;1 2 0 0;2 2 0 0;2 3 0 0;3 2 0 0;3 3 0 0;3 3 1 0;4 3 0 0;4 3 1 0;4 4 0 0;5 4 0 0;,1913.67702,18,88.174,82.05802,99.53225,7,-0.002,-0.52633,0.875,0.77778,0.0,0,0,0.0,5463151.1,4437214.5,6632984.9,695298.3,1682407.9,0,3.4375148307268086e-137,9.090203759561274e-139,-1,0.0,9.090203759561274e-139,sp|P02675|FIBB_HUMAN,FGB,394,218517000.0,1653880000.0,,,-1.0,-1.0,-1,,0,0,0
MS_UNDEP_PL_LAC_bRPLC_NGP_06A.26882.26882.4.1.dta,MS_UNDEP_PL_LAC_bRPLC_NGP_06A.26882.26882.4.1.dta,MS_UNDEP_PL_LAC_bRPLC_NGP_06A,26882,4905.0219,4920.19495,1230.80419,4,1,SLGNVJFTVSAEALESQELCGTEVPSVPEHGRK,"20,Carbamidomethyl[C];",3541.72275,6 2 0 0,H(6)N(2),(N(N(H(H(H))(H(H(H)))))),1628,0 1 0 0;4 2 0 0;5 2 0 0;,1378.47569,6,23.70797,34.82364,3.06459,2,-0.00349,-0.70939,0.44444,0.45312,0.0,0,0,41050.7,34242.9,100007.0,107394.1,0.0,0.0,0,0.018217012332977,0.0010303097432432,-1,0.0,0.0010303097432432,sp|P01023|A2MG_HUMAN,A2M,869,55287000.0,776934000.0,,,-1.0,-1.0,-1,,0,0,0
MS_UNDEP_PL_LAC_bRPLC_NGP_06A.26918.26918.4.1.dta,MS_UNDEP_PL_LAC_bRPLC_NGP_06A.26918.26918.4.1.dta,MS_UNDEP_PL_LAC_bRPLC_NGP_06A,26918,4910.9271,4758.1434,1190.29131,4,1,SLGNVJFTVSAEALESQELCGTEVPSVPEHGRK,"20,Carbamidomethyl[C];",3541.72275,5 2 0 0,H(5)N(2),(N(N(H(H)(H(H)(H))))),2257,0 1 0 0;0 2 0 0;1 2 0 0;2 2 0 0;3 2 0 0;4 2 0 0;,1216.42286,6,91.96026,100.57456,75.96229,7,-0.00221,-0.46466,1.0,0.78125,0.0,0,0,145915.6,139074.7,582280.9,587697.7,0.0,0.0,0,8.764513604644914e-103,2.61592385727149e-104,-1,0.0,2.61592385727149e-104,sp|P01023|A2MG_HUMAN,A2M,869,287199000.0,3605350000.0,,,-1.0,-1.0,-1,,0,0,0
MS_UNDEP_PL_LAC_bRPLC_NGP_06A.26941.26941.5.2.dta,MS_UNDEP_PL_LAC_bRPLC_NGP_06A.26941.26941.5.2.dta,MS_UNDEP_PL_LAC_bRPLC_NGP_06A,26941,4914.69918,4758.13607,952.43304,5,1,SLGNVJFTVSAEALESQELCGTEVPSVPEHGRK,"20,Carbamidomethyl[C];",3541.72275,5 2 0 0,H(5)N(2),(N(N(H(H(H))(H(H))))),1637,0 1 0 0;1 2 0 0;2 2 0 0;3 2 0 0;4 2 0 0;,1216.42286,6,15.92807,15.1695,17.33685,5,-0.00954,-2.00581,0.75,0.26562,0.0,0,0,32165.8,311976.9,263155.6,292536.8,41482.8,115476.8,0,8.599303608527563e-20,1.079738126697697e-21,-1,0.0,1.079738126697697e-21,sp|P01023|A2MG_HUMAN,A2M,869,25620800.0,645189000.0,,,-1.0,-1.0,-1,,0,0,0
MS_UNDEP_PL_LAC_bRPLC_NGP_06A.27112.27112.3.0.dta,MS_UNDEP_PL_LAC_bRPLC_NGP_06A.27112.27112.3.0.dta,MS_UNDEP_PL_LAC_bRPLC_NGP_06A,27112,4942.45752,3644.48313,1215.49923,3,1,GTAGNALMDGASQLMGEJR,,1892.85892,4 4 1 0,H(4)N(4)A(1),(N(N(H(H(N))(H(N(H(A))))))),2205,0 1 0 0;0 2 0 0;1 2 0 0;2 2 0 0;2 3 0 0;3 2 0 0;3 3 0 0;3 4 0 0;4 3 0 0;4 3 1 0;4 4 0 0;,1751.6242,18,31.94518,21.36794,51.58862,6,1e-05,0.00163,0.85714,0.33333,0.0,0,0,0.0,361555.2,607986.8,558931.3,82543.2,177735.0,0,9.099434425639223e-68,1.301696529080675e-69,-1,0.0,1.301696529080675e-69,sp|P02675|FIBB_HUMAN,FGB,394,37972100.0,266535000.0,,,-1.0,-1.0,-1,,0,0,0
MS_UNDEP_PL_LAC_bRPLC_NGP_06A.27114.27114.4.1.dta,MS_UNDEP_PL_LAC_bRPLC_NGP_06A.27114.27114.4.1.dta,MS_UNDEP_PL_LAC_bRPLC_NGP_06A,27114,4942.76448,4758.14581,1190.29191,4,1,SLGNVJFTVSAEALESQELCGTEVPSVPEHGRK,"20,Carbamidomethyl[C];",3541.72275,5 2 0 0,H(5)N(2),(N(N(H(H(H))(H(H))))),1637,0 1 0 0;0 2 0 0;1 2 0 0;2 2 0 0;3 2 0 0;4 2 0 0;,1216.42286,6,86.29806,93.18295,73.51183,7,0.00019,0.04058,1.0,0.75,0.0,0,0,108643.9,100321.1,394813.3,373491.1,0.0,0.0,0,3.2439556926008533e-99,5.426393773308399e-101,-1,0.0,5.426393773308399e-101,sp|P01023|A2MG_HUMAN,A2M,869,287199000.0,3605350000.0,,,-1.0,-1.0,-1,,0,0,0
MS_UNDEP_PL_LAC_bRPLC_NGP_06A.27149.27149.5.2.dta,MS_UNDEP_PL_LAC_bRPLC_NGP_06A.27149.27149.5.2.dta,MS_UNDEP_PL_LAC_bRPLC_NGP_06A,27149,4948.43688,4758.14263,952.43435,5,1,SLGNVJFTVSAEALESQELCGTEVPSVPEHGRK,"20,Carbamidomethyl[C];",3541.72275,5 2 0 0,H(5)N(2),(N(N(H(H)(H(H)(H))))),2257,0 1 0 0;1 2 0 0;2 2 0 0;3 2 0 0;4 2 0 0;,1216.42286,6,12.4594,10.92781,15.30376,5,-0.00299,-0.62817,0.75,0.26562,0.0,0,0,17100.3,47918.3,68769.3,54150.0,5093.4,14178.2,0,4.8657762263799176e-17,1.0778854232720725e-18,-1,0.0,1.0778854232720725e-18,sp|P01023|A2MG_HUMAN,A2M,869,26358900.0,657564000.0,,,-1.0,-1.0,-1,,0,0,0
MS_UNDEP_PL_LAC_bRPLC_NGP_06A.27272.27272.4.1.dta,MS_UNDEP_PL_LAC_bRPLC_NGP_06A.27272.27272.4.1.dta,MS_UNDEP_PL_LAC_bRPLC_NGP_06A,27272,4968.55164,4920.19378,1230.8039,4,1,SLGNVJFTVSAEALESQELCGTEVPSVPEHGRK,"20,Carbamidomethyl[C];",3541.72275,6 2 0 0,H(6)N(2),(N(N(H(H(H))(H(H(H)))))),1628,0 1 0 0;4 2 0 0;5 2 0 0;,1378.47569,6,6.17422,8.03552,2.71751,2,-0.00466,-0.94678,0.44444,0.20312,0.0,0,0,21331.6,25333.0,63314.4,69798.8,0.0,5330.7,0,0.0380751370501879,0.0019872081954677,-1,0.0,0.0019872081954677,sp|P01023|A2MG_HUMAN,A2M,869,57754000.0,809263000.0,,,-1.0,-1.0,-1,,0,0,0
MS_UNDEP_PL_LAC_bRPLC_NGP_06A.27310.27310.4.1.dta,MS_UNDEP_PL_LAC_bRPLC_NGP_06A.27310.27310.4.1.dta,MS_UNDEP_PL_LAC_bRPLC_NGP_06A,27310,4974.69258,4758.14694,1190.29219,4,1,SLGNVJFTVSAEALESQELCGTEVPSVPEHGRK,"20,Carbamidomethyl[C];",3541.72275,5 2 0 0,H(5)N(2),(N(N(H(H)(H(H(H)))))),2249,0 1 0 0;0 2 0 0;2 2 0 0;3 2 0 0;4 2 0 0;,1216.42286,6,65.46843,78.96055,40.41162,6,0.00133,0.27849,0.875,0.70312,0.0,0,0,75582.6,71946.6,270771.4,257287.7,0.0,0.0,0,7.153736840627457e-52,1.280871312761906e-53,-1,0.0,1.280871312761906e-53,sp|P01023|A2MG_HUMAN,A2M,869,302405000.0,3802020000.0,,,-1.0,-1.0,-1,,0,0,0
MS_UNDEP_PL_LAC_bRPLC_NGP_06A.27343.27343.5.1.dta,MS_UNDEP_PL_LAC_bRPLC_NGP_06A.27343.27343.5.1.dta,MS_UNDEP_PL_LAC_bRPLC_NGP_06A,27343,4980.06066,4758.14423,952.43467,5,1,SLGNVJFTVSAEALESQELCGTEVPSVPEHGRK,"20,Carbamidomethyl[C];",3541.72275,5 2 0 0,H(5)N(2),(N(N(H(H(H))(H(H))))),1637,0 1 0 0;2 2 0 0;3 2 0 0;4 2 0 0;,1216.42286,6,6.00687,7.08638,4.00205,3,-0.00138,-0.29085,0.5,0.20312,0.0,0,0,17374.4,29460.3,48473.8,46605.1,0.0,4211.4,0,0.0019753874177049,7.008755718808832e-05,-1,0.0,7.008755718808832e-05,sp|P01023|A2MG_HUMAN,A2M,869,26757900.0,663185000.0,,,-1.0,-1.0,-1,,0,0,0
MS_UNDEP_PL_LAC_bRPLC_NGP_06A.27705.27705.4.1.dta,MS_UNDEP_PL_LAC_bRPLC_NGP_06A.27705.27705.4.1.dta,MS_UNDEP_PL_LAC_bRPLC_NGP_06A,27705,5038.96836,4758.14564,1190.29187,4,1,SLGNVJFTVSAEALESQELCGTEVPSVPEHGRK,"20,Carbamidomethyl[C];",3541.72275,5 2 0 0,H(5)N(2),(N(N(H(H)(H(H)(H))))),2257,0 1 0 0;2 2 0 0;3 2 0 0;4 2 0 0;,1216.42286,6,49.7529,70.12591,11.9173,4,2e-05,0.00443,0.625,0.6875,0.0,0,0,38638.8,40943.4,165133.4,157860.7,0.0,0.0,0,1.909388500803831e-12,2.7478250844679753e-14,-1,0.0,2.7478250844679753e-14,sp|P01023|A2MG_HUMAN,A2M,869,84976200.0,1103320000.0,,,-1.0,-1.0,-1,,0,0,0
MS_UNDEP_PL_LAC_bRPLC_NGP_06A.27896.27896.4.1.dta,MS_UNDEP_PL_LAC_bRPLC_NGP_06A.27896.27896.4.1.dta,MS_UNDEP_PL_LAC_bRPLC_NGP_06A,27896,5069.86836,4758.14558,1190.29185,4,1,SLGNVJFTVSAEALESQELCGTEVPSVPEHGRK,"20,Carbamidomethyl[C];",3541.72275,5 2 0 0,H(5)N(2),(N(N(H(H)(H(H(H)))))),2249,0 1 0 0;0 2 0 0;2 2 0 0;3 2 0 0;4 2 0 0;,1216.42286,6,49.56285,55.80455,37.9711,6,-3e-05,-0.00734,0.875,0.625,0.0,0,0,40170.4,54530.8,178482.7,191031.8,0.0,0.0,0,2.1747525937653768e-48,5.02956587402211e-50,-1,0.0,5.02956587402211e-50,sp|P01023|A2MG_HUMAN,A2M,869,66329300.0,851773000.0,,,-1.0,-1.0,-1,,0,0,0
MS_UNDEP_PL_LAC_bRPLC_NGP_06A.28089.28089.4.1.dta,MS_UNDEP_PL_LAC_bRPLC_NGP_06A.28089.28089.4.1.dta,MS_UNDEP_PL_LAC_bRPLC_NGP_06A,28089,5101.14468,4758.1468,1190.29216,4,1,SLGNVJFTVSAEALESQELCGTEVPSVPEHGRK,"20,Carbamidomethyl[C];",3541.72275,5 2 0 0,H(5)N(2),(N(N(H(H(H))(H(H))))),1637,0 1 0 0;0 2 0 0;2 2 0 0;3 2 0 0;4 2 0 0;,1216.42286,6,32.51006,37.97397,22.3628,5,0.00118,0.24822,0.75,0.46875,0.0,0,0,35812.4,45761.6,175559.7,157468.3,0.0,0.0,0,1.451379523247567e-26,1.5328682791587662e-28,-1,0.0,1.5328682791587662e-28,sp|P01023|A2MG_HUMAN,A2M,869,57630100.0,739478000.0,,,-1.0,-1.0,-1,,0,0,0
MS_UNDEP_PL_LAC_bRPLC_NGP_06A.28267.28267.4.1.dta,MS_UNDEP_PL_LAC_bRPLC_NGP_06A.28267.28267.4.1.dta,MS_UNDEP_PL_LAC_bRPLC_NGP_06A,28267,5129.91024,3745.67948,937.17533,4,1,VDKDLQSLEDILHQVEJK,,2123.09789,5 4 0 0,H(5)N(4),(N(N(H(H(N))(H(N(H(H))))))),2207,0 1 0 0;0 2 0 0;1 2 0 0;2 2 0 0;2 3 0 0;3 2 0 0;3 3 0 0;3 4 0 0;4 3 0 0;4 4 0 0;5 3 0 0;,1622.58161,17,70.47424,53.68173,101.66032,7,-2e-05,-0.00427,1.0,0.64706,0.0,0,0,0.0,1476159.5,1155095.4,2221579.9,0.0,0.0,0,2.697743928935093e-140,1.3058741284055092e-141,-1,0.0,1.3058741284055092e-141,sp|P02679|FIBG_HUMAN,FGG,78,66850300.0,476372000.0,,,-1.0,-1.0,-1,,0,0,0
MS_UNDEP_PL_LAC_bRPLC_NGP_06A.28280.28280.4.1.dta,MS_UNDEP_PL_LAC_bRPLC_NGP_06A.28280.28280.4.1.dta,MS_UNDEP_PL_LAC_bRPLC_NGP_06A,28280,5132.11362,4758.14542,1190.29181,4,1,SLGNVJFTVSAEALESQELCGTEVPSVPEHGRK,"20,Carbamidomethyl[C];",3541.72275,5 2 0 0,H(5)N(2),(N(N(H(H)(H(H)(H))))),2257,0 1 0 0;1 2 0 0;2 2 0 0;3 2 0 0;4 2 0 0;,1216.42286,6,39.11324,48.69355,21.32123,5,-0.00019,-0.04012,0.75,0.54688,0.0,0,0,27492.0,35778.0,140372.3,135701.6,0.0,0.0,0,3.6641822084872663e-25,6.2582871637929555e-27,-1,0.0,6.2582871637929555e-27,sp|P01023|A2MG_HUMAN,A2M,869,51618400.0,660966000.0,,,-1.0,-1.0,-1,,0,0,0
MS_UNDEP_PL_LAC_bRPLC_NGP_06A.28375.28375.4.1.dta,MS_UNDEP_PL_LAC_bRPLC_NGP_06A.28375.28375.4.1.dta,MS_UNDEP_PL_LAC_bRPLC_NGP_06A,28375,5147.4102,3583.62443,896.66156,4,1,VDKDLQSLEDILHQVEJK,,2123.09789,4 4 0 0,H(4)N(4),(N(N(H(H(N))(H(N(H)))))),2218,0 1 0 0;0 2 0 0;1 2 0 0;2 2 0 0;2 3 0 0;3 2 0 0;3 3 0 0;3 4 0 0;4 3 0 0;,1460.52878,17,84.33911,71.68472,107.84012,7,-0.00224,-0.62633,1.0,0.76471,0.0,0,0,0.0,3304405.5,5676548.3,6897588.6,0.0,0.0,0,2.613218442586461e-149,1.550117385141495e-150,-1,0.0,1.550117385141495e-150,sp|P02679|FIBG_HUMAN,FGG,78,178723000.0,1192630000.0,,,-1.0,-1.0,-1,,0,0,0
MS_UNDEP_PL_LAC_bRPLC_NGP_06A.28388.28388.3.1.dta,MS_UNDEP_PL_LAC_bRPLC_NGP_06A.28388.28388.3.1.dta,MS_UNDEP_PL_LAC_bRPLC_NGP_06A,28388,5149.51932,3583.6252,1195.21325,3,1,VDKDLQSLEDILHQVEJK,,2123.09789,4 4 0 0,H(4)N(4),(N(N(H(H(N))(H(N(H)))))),2218,0 1 0 0;0 2 0 0;1 2 0 0;2 2 0 0;2 3 0 0;3 2 0 0;3 3 0 0;3 4 0 0;4 3 0 0;,1460.52878,17,50.13411,36.16016,76.08573,7,-0.00147,-0.40979,1.0,0.58824,0.0,0,0,0.0,405958.0,690494.8,1447086.3,0.0,0.0,0,5.792057578703627e-103,1.0699381811046237e-104,-1,0.0,1.0699381811046237e-104,sp|P02679|FIBG_HUMAN,FGG,78,48159300.0,331693000.0,,,-1.0,-1.0,-1,,0,0,0
MS_UNDEP_PL_LAC_bRPLC_NGP_06A.28393.28393.3.0.dta,MS_UNDEP_PL_LAC_bRPLC_NGP_06A.28393.28393.3.0.dta,MS_UNDEP_PL_LAC_bRPLC_NGP_06A,28393,5150.29374,3218.51598,1073.51018,3,1,VDKDLQSLEDILHQVEJK,,2123.09789,3 3 0 0,H(3)N(3),(N(N(H(H)(H(N))))),2288,0 1 0 0;0 2 0 0;1 2 0 0;2 2 0 0;3 2 0 0;,1095.39659,17,20.93783,12.56931,36.47938,7,0.02151,6.68178,0.875,0.32353,0.0,0,0,0.0,29314.3,254982.1,254005.1,0.0,0.0,0,2.9347774147729155e-46,2.9803041097252703e-48,-1,0.0,2.9803041097252703e-48,sp|P02679|FIBG_HUMAN,FGG,78,2610460.0,14944600.0,,,-1.0,-1.0,-1,,0,0,0
MS_UNDEP_PL_LAC_bRPLC_NGP_06A.28475.28475.4.1.dta,MS_UNDEP_PL_LAC_bRPLC_NGP_06A.28475.28475.4.1.dta,MS_UNDEP_PL_LAC_bRPLC_NGP_06A,28475,5163.89316,4758.1451,1190.29173,4,1,SLGNVJFTVSAEALESQELCGTEVPSVPEHGRK,"20,Carbamidomethyl[C];",3541.72275,5 2 0 0,H(5)N(2),(N(N(H(H)(H(H)(H))))),2257,0 1 0 0;2 2 0 0;3 2 0 0;4 2 0 0;,1216.42286,6,30.52019,40.97098,11.11157,4,-0.00052,-0.10906,0.625,0.51562,0.0,0,0,29614.8,39367.5,127430.8,127853.2,0.0,0.0,0,2.332278305295824e-11,6.30217798052088e-13,-1,0.0,6.30217798052088e-13,sp|P01023|A2MG_HUMAN,A2M,869,46273300.0,591724000.0,,,-1.0,-1.0,-1,,0,0,0
MS_UNDEP_PL_LAC_bRPLC_NGP_06A.28668.28668.4.1.dta,MS_UNDEP_PL_LAC_bRPLC_NGP_06A.28668.28668.4.1.dta,MS_UNDEP_PL_LAC_bRPLC_NGP_06A,28668,5195.28162,5414.3754,1354.34931,4,1,SLGNVJFTVSAEALESQELCGTEVPSVPEHGRK,"20,Carbamidomethyl[C];",3541.72275,6 3 1 0,H(6)N(3)A(1),(N(N(H(H(H)(H))(H(N(H(A))))))),1567,0 1 0 0;0 2 0 0;1 2 0 0;2 2 0 0;3 2 0 0;3 3 1 0;4 2 0 0;4 3 0 0;5 2 0 0;5 3 0 0;5 3 1 0;6 3 0 0;,1872.65047,6,50.44223,43.9385,62.52058,6,0.00217,0.40053,0.76471,0.53125,0.0,0,0,0.0,506667.6,714904.3,835888.3,118857.4,355194.3,0,2.4766645047947312e-83,3.4882677491942053e-85,-1,0.0,3.4882677491942053e-85,sp|P01023|A2MG_HUMAN,A2M,869,12208200.0,218568000.0,,,-1.0,-1.0,-1,,0,0,0
MS_UNDEP_PL_LAC_bRPLC_NGP_06A.28669.28669.4.1.dta,MS_UNDEP_PL_LAC_bRPLC_NGP_06A.28669.28669.4.1.dta,MS_UNDEP_PL_LAC_bRPLC_NGP_06A,28669,5195.43666,4758.1459,1190.29193,4,1,SLGNVJFTVSAEALESQELCGTEVPSVPEHGRK,"20,Carbamidomethyl[C];",3541.72275,5 2 0 0,H(5)N(2),(N(N(H(H)(H(H(H)))))),2249,0 1 0 0;0 2 0 0;2 2 0 0;3 2 0 0;4 2 0 0;,1216.42286,6,46.42357,59.50039,22.13804,5,0.00028,0.05908,0.75,0.65625,0.0,0,0,36868.3,44795.2,139187.1,128261.2,0.0,0.0,0,2.913946989489136e-26,6.328711334977686e-28,-1,0.0,6.328711334977686e-28,sp|P01023|A2MG_HUMAN,A2M,869,43339100.0,550630000.0,,,-1.0,-1.0,-1,,0,0,0
MS_UNDEP_PL_LAC_bRPLC_NGP_06A.28683.28683.5.0.dta,MS_UNDEP_PL_LAC_bRPLC_NGP_06A.28683.28683.5.0.dta,MS_UNDEP_PL_LAC_bRPLC_NGP_06A,28683,5197.79034,5414.37389,1083.6806,5,1,SLGNVJFTVSAEALESQELCGTEVPSVPEHGRK,"20,Carbamidomethyl[C];",3541.72275,6 3 1 0,H(6)N(3)A(1),(N(N(H(H)(H(H)(H(N(H(A)))))))),2255,0 1 0 0;2 2 0 0;3 2 0 0;4 2 0 0;5 2 0 0;6 3 0 0;,1872.65047,6,19.95858,23.34455,13.67035,4,0.00066,0.12164,0.46667,0.35938,0.0,0,0,18859.5,190028.5,240267.8,270599.4,53042.8,176355.8,0,8.006816884830007e-15,1.0398863765990167e-16,-1,0.0,1.0398863765990167e-16,sp|P01023|A2MG_HUMAN,A2M,869,5116470.0,90876700.0,,,-1.0,-1.0,-1,,0,0,0
MS_UNDEP_PL_LAC_bRPLC_NGP_06A.28811.28811.4.1.dta,MS_UNDEP_PL_LAC_bRPLC_NGP_06A.28811.28811.4.1.dta,MS_UNDEP_PL_LAC_bRPLC_NGP_06A,28811,5218.61856,5293.3496,1324.09286,4,1,SLGNVJFTVSAEALESQELCGTEVPSVPEHGRK,"20,Carbamidomethyl[C];",3541.72275,4 4 1 0,H(4)N(4)A(1),(N(N(H(H(N))(H(N(H(A))))))),2205,0 1 0 0;0 2 0 0;1 2 0 0;2 2 0 0;2 3 0 0;3 2 0 0;3 3 0 0;3 3 1 0;3 4 0 0;4 3 0 0;4 3 1 0;4 4 0 0;,1751.6242,6,39.01514,20.75191,72.93259,6,0.00264,0.49929,0.92857,0.35938,0.0,0,0,0.0,262804.6,402013.1,490084.4,59088.2,164120.7,0,2.257489738057516e-98,7.541746869388066e-100,-1,0.0,7.541746869388066e-100,sp|P01023|A2MG_HUMAN,A2M,869,6567390.0,113027000.0,,,-1.0,-1.0,-1,,0,0,0
MS_UNDEP_PL_LAC_bRPLC_NGP_06A.28859.28859.4.1.dta,MS_UNDEP_PL_LAC_bRPLC_NGP_06A.28859.28859.4.1.dta,MS_UNDEP_PL_LAC_bRPLC_NGP_06A,28859,5226.5208,4758.14587,1190.29192,4,1,SLGNVJFTVSAEALESQELCGTEVPSVPEHGRK,"20,Carbamidomethyl[C];",3541.72275,5 2 0 0,H(5)N(2),(N(N(H(H)(H(H)(H))))),2257,0 1 0 0;4 2 0 0;,1216.42286,6,21.6073,32.22158,1.89506,2,0.00026,0.05403,0.375,0.4375,0.0,0,0,27525.1,25943.1,109184.3,113474.9,0.0,0.0,0,0.0648600943100612,0.0085549887275635,-1,0.0,0.0085549887275635,sp|P01023|A2MG_HUMAN,A2M,869,39276900.0,517435000.0,,,-1.0,-1.0,-1,,0,0,0
MS_UNDEP_PL_LAC_bRPLC_NGP_06A.28907.28907.4.3.dta,MS_UNDEP_PL_LAC_bRPLC_NGP_06A.28907.28907.4.3.dta,MS_UNDEP_PL_LAC_bRPLC_NGP_06A,28907,5234.20596,5090.26926,1273.32277,4,1,SLGNVJFTVSAEALESQELCGTEVPSVPEHGRK,"20,Carbamidomethyl[C];",3541.72275,4 3 1 0,H(4)N(3)A(1),(N(N(H(H)(H(N(H(A))))))),2270,0 1 0 0;0 2 0 0;1 2 0 0;2 2 0 0;3 2 0 0;4 3 0 0;,1548.54483,6,16.36657,9.46417,29.18532,6,0.00168,0.32994,0.63636,0.23438,0.0,0,0,0.0,140390.2,203105.0,244747.9,36346.0,100086.1,0,6.669255135430738e-36,7.737259597939666e-38,-1,0.0,7.737259597939666e-38,sp|P01023|A2MG_HUMAN,A2M,869,4895000.0,73362800.0,,,-1.0,-1.0,-1,,0,0,0
MS_UNDEP_PL_LAC_bRPLC_NGP_06A.29049.29049.4.1.dta,MS_UNDEP_PL_LAC_bRPLC_NGP_06A.29049.29049.4.1.dta,MS_UNDEP_PL_LAC_bRPLC_NGP_06A,29049,5257.25442,4758.14486,1190.29167,4,1,SLGNVJFTVSAEALESQELCGTEVPSVPEHGRK,"20,Carbamidomethyl[C];",3541.72275,5 2 0 0,H(5)N(2),(N(N(H(H(H))(H(H))))),1637,0 1 0 0;3 2 0 0;4 2 0 0;,1216.42286,6,28.58203,40.84936,5.79984,3,-0.00076,-0.1595,0.5,0.5,0.0,0,0,19684.3,31789.5,106040.6,100816.1,0.0,0.0,0,2.6561147425593392e-05,8.855184822620153e-07,-1,0.0,8.855184822620153e-07,sp|P01023|A2MG_HUMAN,A2M,869,37473700.0,503081000.0,,,-1.0,-1.0,-1,,0,0,0
MS_UNDEP_PL_LAC_bRPLC_NGP_06A.29150.29150.4.1.dta,MS_UNDEP_PL_LAC_bRPLC_NGP_06A.29150.29150.4.1.dta,MS_UNDEP_PL_LAC_bRPLC_NGP_06A,29150,5273.56902,4630.04975,1158.26789,4,1,SLGNVJFTVSAEALESQELCGTEVPSVPEHGR,"20,Carbamidomethyl[C];",3413.62779,5 2 0 0,H(5)N(2),(N(N(H(H)(H(H)(H))))),2257,0 1 0 0;1 2 0 0;3 2 0 0;,1216.42286,6,11.23332,14.77257,4.66043,4,-0.0009,-0.19523,0.5,0.30645,0.0,0,0,16468.9,16523.8,42146.8,44152.8,0.0,2229.2,0,0.0004013290808843,1.3695191319002536e-05,-1,0.0,1.3695191319002536e-05,sp|P01023|A2MG_HUMAN,A2M,869,38159500.0,461786000.0,,,-1.0,-1.0,-1,,0,0,0
MS_UNDEP_PL_LAC_bRPLC_NGP_06A.29294.29294.4.1.dta,MS_UNDEP_PL_LAC_bRPLC_NGP_06A.29294.29294.4.1.dta,MS_UNDEP_PL_LAC_bRPLC_NGP_06A,29294,5297.05044,4792.10276,1198.78115,4,1,SLGNVJFTVSAEALESQELCGTEVPSVPEHGR,"20,Carbamidomethyl[C];",3413.62779,6 2 0 0,H(6)N(2),(N(N(H(H(H))(H(H)(H))))),1636,0 1 0 0;0 2 0 0;1 2 0 0;2 2 0 0;3 2 0 0;4 2 0 0;5 2 0 0;,1378.47569,6,63.31317,69.36067,52.0821,6,-0.00072,-0.15011,0.88889,0.69355,0.0,0,0,88198.1,48743.5,139116.7,116272.3,0.0,0.0,0,1.8135398372529083e-68,3.160630375717567e-70,-1,0.0,3.160630375717567e-70,sp|P01023|A2MG_HUMAN,A2M,869,6219110.0,86428300.0,,,-1.0,-1.0,-1,,0,0,0
MS_UNDEP_PL_LAC_bRPLC_NGP_06A.29343.29343.4.1.dta,MS_UNDEP_PL_LAC_bRPLC_NGP_06A.29343.29343.4.1.dta,MS_UNDEP_PL_LAC_bRPLC_NGP_06A,29343,5304.99822,4630.04973,1158.26789,4,1,SLGNVJFTVSAEALESQELCGTEVPSVPEHGR,"20,Carbamidomethyl[C];",3413.62779,5 2 0 0,H(5)N(2),(N(N(H(H(H))(H(H))))),1637,0 1 0 0;0 2 0 0;1 2 0 0;2 2 0 0;3 2 0 0;4 2 0 0;,1216.42286,6,113.69234,144.54391,56.39658,6,-0.00092,-0.19955,0.875,0.93548,0.0,0,0,221760.1,175595.0,541751.4,473588.5,0.0,0.0,0,1.3507450813409704e-74,2.2714149664338403e-76,-1,0.0,2.2714149664338403e-76,sp|P01023|A2MG_HUMAN,A2M,869,37812900.0,456746000.0,,,-1.0,-1.0,-1,,0,0,0
MS_UNDEP_PL_LAC_bRPLC_NGP_06A.29444.29444.3.1.dta,MS_UNDEP_PL_LAC_bRPLC_NGP_06A.29444.29444.3.1.dta,MS_UNDEP_PL_LAC_bRPLC_NGP_06A,29444,5321.3922,4631.05091,1544.35515,3,1,SLGNVJFTVSAEALESQELCGTEVPSVPEHGR,"20,Carbamidomethyl[C];17,Deamidated[Q];",3414.61181,5 2 0 0,H(5)N(2),(N(N(H(H)(H(H)(H))))),2257,0 1 0 0;0 2 0 0;1 2 0 0;2 2 0 0;3 2 0 0;4 2 0 0;,1216.42286,6,38.75599,45.33066,26.54589,6,0.01625,3.50786,0.875,0.62903,0.0,0,0,39360.2,67034.4,309215.0,297928.9,0.0,0.0,0,3.049816107091745e-32,5.159389861748858e-34,-1,0.0,5.159389861748858e-34,sp|P01023|A2MG_HUMAN,A2M,869,26962300.0,136657000.0,,,-1.0,-1.0,-1,,0,0,0
MS_UNDEP_PL_LAC_bRPLC_NGP_06A.29445.29445.4.1.dta,MS_UNDEP_PL_LAC_bRPLC_NGP_06A.29445.29445.4.1.dta,MS_UNDEP_PL_LAC_bRPLC_NGP_06A,29445,5321.54718,4758.14475,1190.29164,4,1,SLGNVJFTVSAEALESQELCGTEVPSVPEHGRK,"20,Carbamidomethyl[C];",3541.72275,5 2 0 0,H(5)N(2),(N(N(H(H)(H(H(H)))))),2249,0 1 0 0;0 2 0 0;3 2 0 0;4 2 0 0;,1216.42286,6,11.5559,12.98212,8.9072,4,-0.00087,-0.18219,0.625,0.28125,0.0,0,0,16078.3,18264.1,3647.0,62414.6,0.0,0.0,0,1.5578698894983624e-08,2.9289608630434955e-10,-1,0.0,2.9289608630434955e-10,sp|P01023|A2MG_HUMAN,A2M,869,28410600.0,394547000.0,,,-1.0,-1.0,-1,,0,0,0
MS_UNDEP_PL_LAC_bRPLC_NGP_06A.29538.29538.4.1.dta,MS_UNDEP_PL_LAC_bRPLC_NGP_06A.29538.29538.4.1.dta,MS_UNDEP_PL_LAC_bRPLC_NGP_06A,29538,5336.5863,4630.04932,1158.26779,4,1,SLGNVJFTVSAEALESQELCGTEVPSVPEHGR,"20,Carbamidomethyl[C];",3413.62779,5 2 0 0,H(5)N(2),(N(N(H(H)(H(H(H)))))),2249,0 1 0 0;0 2 0 0;1 2 0 0;2 2 0 0;3 2 0 0;4 2 0 0;,1216.42286,6,53.74818,64.80951,33.20571,6,-0.00134,-0.28853,0.875,0.66129,0.0,0,0,41308.2,33474.5,117377.2,97501.0,0.0,0.0,0,1.3753296038592887e-41,1.4265019809618356e-43,-1,0.0,1.4265019809618356e-43,sp|P01023|A2MG_HUMAN,A2M,869,37812900.0,456746000.0,,,-1.0,-1.0,-1,,0,0,0
MS_UNDEP_PL_LAC_bRPLC_NGP_06A.29638.29638.4.3.dta,MS_UNDEP_PL_LAC_bRPLC_NGP_06A.29638.29638.4.3.dta,MS_UNDEP_PL_LAC_bRPLC_NGP_06A,29638,5352.7713,4759.14525,1190.54177,4,1,SLGNVJFTVSAEALESQELCGTEVPSVPEHGRK,"20,Carbamidomethyl[C];17,Deamidated[Q];",3542.70677,5 2 0 0,H(5)N(2),(N(N(H(H(H))(H(H))))),1637,1 2 0 0;3 2 0 0;,1216.42286,6,5.44877,6.96159,2.63923,3,0.01562,3.28233,0.375,0.15625,0.0,0,0,12814.6,19957.3,50370.9,57418.1,0.0,4150.5,0,0.0439752654903915,0.0024126923412574,-1,0.0,0.0024126923412574,sp|P01023|A2MG_HUMAN,A2M,869,52195100.0,275095000.0,,,-1.0,-1.0,-1,,0,0,0
MS_UNDEP_PL_LAC_bRPLC_NGP_06A.29823.29823.4.1.dta,MS_UNDEP_PL_LAC_bRPLC_NGP_06A.29823.29823.4.1.dta,MS_UNDEP_PL_LAC_bRPLC_NGP_06A,29823,5383.10358,4758.1465,1190.29208,4,1,SLGNVJFTVSAEALESQELCGTEVPSVPEHGRK,"20,Carbamidomethyl[C];",3541.72275,5 2 0 0,H(5)N(2),(N(N(H(H(H))(H(H))))),1637,0 1 0 0;3 2 0 0;,1216.42286,6,13.90853,19.54754,3.43609,3,0.00089,0.18602,0.375,0.34375,0.0,0,0,17584.2,13595.0,65281.6,69590.9,0.0,0.0,0,0.0076831599904628,0.0003362401644996,-1,0.0,0.0003362401644996,sp|P01023|A2MG_HUMAN,A2M,869,24183500.0,341851000.0,,,-1.0,-1.0,-1,,0,0,0
MS_UNDEP_PL_LAC_bRPLC_NGP_06A.30060.30060.3.0.dta,MS_UNDEP_PL_LAC_bRPLC_NGP_06A.30060.30060.3.0.dta,MS_UNDEP_PL_LAC_bRPLC_NGP_06A,30060,5421.66954,3681.52377,1227.84611,3,1,CGLVPVLAENYJK,"1,Carbamidomethyl[C];",1476.75152,5 4 2 0,H(5)N(4)A(2),(N(N(H(H(N(H(A))))(H(N(H(A))))))),1791,0 1 0 0;2 2 0 0;3 3 0 0;3 3 1 0;4 3 0 0;4 3 1 0;5 4 0 0;5 4 1 0;,2204.77244,12,7.75774,7.10373,8.97234,3,-0.00019,-0.05135,0.52941,0.29167,0.0,0,0,0.0,137604.0,156107.3,166603.6,30941.1,82628.1,0,1.3062376371105285e-08,2.4512795252722685e-10,-1,0.0,2.4512795252722685e-10,sp|P02787|TRFE_HUMAN,TF,432,16707100.0,113469000.0,,,-1.0,-1.0,-1,,0,0,0
MS_UNDEP_PL_LAC_bRPLC_NGP_06A.30214.30214.4.1.dta,MS_UNDEP_PL_LAC_bRPLC_NGP_06A.30214.30214.4.1.dta,MS_UNDEP_PL_LAC_bRPLC_NGP_06A,30214,5446.72254,4758.14619,1190.292,4,1,SLGNVJFTVSAEALESQELCGTEVPSVPEHGRK,"20,Carbamidomethyl[C];",3541.72275,5 2 0 0,H(5)N(2),(N(N(H(H)(H(H(H)))))),2249,0 1 0 0;0 2 0 0;1 2 0 0;4 2 0 0;,1216.42286,6,14.23231,17.11208,8.88417,4,0.00057,0.12044,0.625,0.29688,0.0,0,0,17158.2,21723.9,76387.5,80219.6,0.0,5780.6,0,1.6574387080136885e-08,3.4345972293115867e-10,-1,0.0,3.4345972293115867e-10,sp|P01023|A2MG_HUMAN,A2M,869,15897800.0,200708000.0,,,-1.0,-1.0,-1,,0,0,0
MS_UNDEP_PL_LAC_bRPLC_NGP_06A.30406.30406.4.1.dta,MS_UNDEP_PL_LAC_bRPLC_NGP_06A.30406.30406.4.1.dta,MS_UNDEP_PL_LAC_bRPLC_NGP_06A,30406,5477.7567,4758.14541,1190.29181,4,1,SLGNVJFTVSAEALESQELCGTEVPSVPEHGRK,"20,Carbamidomethyl[C];",3541.72275,5 2 0 0,H(5)N(2),(N(N(H(H(H))(H(H))))),1637,0 1 0 0;3 2 0 0;4 2 0 0;,1216.42286,6,7.5544,9.16379,4.56553,3,-0.00021,-0.04349,0.5,0.21875,0.0,0,0,10638.5,23480.6,69630.4,66040.1,0.0,0.0,0,0.0005047680087318,1.9382376688870924e-05,-1,0.0,1.9382376688870924e-05,sp|P01023|A2MG_HUMAN,A2M,869,19609700.0,266535000.0,,,-1.0,-1.0,-1,,0,0,0
MS_UNDEP_PL_LAC_bRPLC_NGP_06A.30606.30606.4.1.dta,MS_UNDEP_PL_LAC_bRPLC_NGP_06A.30606.30606.4.1.dta,MS_UNDEP_PL_LAC_bRPLC_NGP_06A,30606,5510.14644,4758.14138,1190.2908,4,1,SLGNVJFTVSAEALESQELCGTEVPSVPEHGRK,"20,Carbamidomethyl[C];",3541.72275,5 2 0 0,H(5)N(2),(N(N(H(H(H))(H(H))))),1637,0 1 0 0;3 2 0 0;4 2 0 0;,1216.42286,6,9.40318,11.5202,5.47157,3,-0.00424,-0.89088,0.5,0.25,0.0,0,0,21408.5,29397.0,78345.8,88703.8,0.0,9780.5,0,5.757849756330353e-05,2.8609477844890744e-06,-1,0.0,2.8609477844890744e-06,sp|P01023|A2MG_HUMAN,A2M,869,17316300.0,234060000.0,,,-1.0,-1.0,-1,,0,0,0
MS_UNDEP_PL_LAC_bRPLC_NGP_06A.30800.30800.4.1.dta,MS_UNDEP_PL_LAC_bRPLC_NGP_06A.30800.30800.4.1.dta,MS_UNDEP_PL_LAC_bRPLC_NGP_06A,30800,5541.73842,4758.14365,1190.29137,4,1,SLGNVJFTVSAEALESQELCGTEVPSVPEHGRK,"20,Carbamidomethyl[C];",3541.72275,5 2 0 0,H(5)N(2),(N(N(H(H(H))(H(H))))),1637,0 1 0 0;4 2 0 0;,1216.42286,6,11.10783,15.89964,2.20876,2,-0.00197,-0.41338,0.375,0.3125,0.0,0,0,16990.3,27753.3,84272.9,84328.9,0.0,8325.9,0,0.0695634709188515,0.0049739644966899,-1,0.0,0.0049739644966899,sp|P01023|A2MG_HUMAN,A2M,869,17316300.0,234060000.0,,,-1.0,-1.0,-1,,0,0,0
MS_UNDEP_PL_LAC_bRPLC_NGP_06A.30987.30987.4.1.dta,MS_UNDEP_PL_LAC_bRPLC_NGP_06A.30987.30987.4.1.dta,MS_UNDEP_PL_LAC_bRPLC_NGP_06A,30987,5572.18674,4758.14678,1190.29215,4,1,SLGNVJFTVSAEALESQELCGTEVPSVPEHGRK,"20,Carbamidomethyl[C];",3541.72275,5 2 0 0,H(5)N(2),(N(N(H(H(H))(H(H))))),1637,0 1 0 0;0 2 0 0;2 2 0 0;3 2 0 0;4 2 0 0;,1216.42286,6,15.88983,15.95755,15.76406,5,0.00116,0.24402,0.75,0.28125,0.0,0,0,20220.5,21882.7,75351.0,78640.5,0.0,5081.0,0,1.156652937157968e-17,9.585671993816456e-20,-1,0.0,9.585671993816456e-20,sp|P01023|A2MG_HUMAN,A2M,869,18847100.0,254160000.0,,,-1.0,-1.0,-1,,0,0,0
MS_UNDEP_PL_LAC_bRPLC_NGP_06A.31004.31004.4.1.dta,MS_UNDEP_PL_LAC_bRPLC_NGP_06A.31004.31004.4.1.dta,MS_UNDEP_PL_LAC_bRPLC_NGP_06A,31004,5574.9021,4036.77449,1009.94908,4,1,VDKDLQSLEDILHQVEJK,,2123.09789,5 4 1 0,H(5)N(4)A(1),(N(N(H(H(N(H)))(H(N(H(A))))))),2036,0 1 0 0;0 2 0 0;1 2 0 0;2 2 0 0;2 3 0 0;3 2 0 0;3 3 0 0;3 3 1 0;4 3 0 0;4 3 1 0;4 4 0 0;5 4 0 0;,1913.67702,17,81.73027,58.23594,125.36258,7,-0.00042,-0.10516,0.875,0.67647,0.0,0,0,0.0,3137953.9,3130600.8,5130170.7,625483.8,1575082.1,0,7.828016071425895e-175,5.2186773892759685e-176,-1,0.0,5.2186773892759685e-176,sp|P02679|FIBG_HUMAN,FGG,78,104843000.0,880328000.0,,,-1.0,-1.0,-1,,0,0,0
MS_UNDEP_PL_LAC_bRPLC_NGP_06A.31013.31013.3.0.dta,MS_UNDEP_PL_LAC_bRPLC_NGP_06A.31013.31013.3.0.dta,MS_UNDEP_PL_LAC_bRPLC_NGP_06A,31013,5576.28408,3218.4892,1073.50125,3,1,VDKDLQSLEDILHQVEJK,,2123.09789,3 3 0 0,H(3)N(3),(N(N(H(H)(H(N))))),2288,0 1 0 0;0 2 0 0;1 2 0 0;2 2 0 0;,1095.39659,17,9.87929,6.95703,15.30633,5,-0.00527,-1.63822,0.625,0.26471,0.0,0,0,0.0,100183.3,108222.3,224096.0,0.0,0.0,0,4.8268903303949485e-17,8.844712897739945e-19,-1,0.0,8.844712897739945e-19,sp|P02679|FIBG_HUMAN,FGG,78,861154.0,3354710.0,,,-1.0,-1.0,-1,,0,0,0
MS_UNDEP_PL_LAC_bRPLC_NGP_06A.31108.31108.3.3.dta,MS_UNDEP_PL_LAC_bRPLC_NGP_06A.31108.31108.3.3.dta,MS_UNDEP_PL_LAC_bRPLC_NGP_06A,31108,5591.68812,3218.50049,1073.50501,3,1,VDKDLQSLEDILHQVEJK,,2123.09789,3 3 0 0,H(3)N(3),(N(N(H(H)(H(N))))),2288,0 1 0 0;0 2 0 0;1 2 0 0;2 2 0 0;2 3 0 0;3 2 0 0;,1095.39659,17,16.40744,7.43053,33.07884,6,0.00601,1.86746,0.875,0.26471,0.0,0,0,0.0,27071.1,149469.9,163114.0,0.0,0.0,0,2.0847354353016207e-41,2.9160490424668734e-43,-1,0.0,2.9160490424668734e-43,sp|P02679|FIBG_HUMAN,FGG,78,722905.0,2503270.0,,,-1.0,-1.0,-1,,0,0,0
MS_UNDEP_PL_LAC_bRPLC_NGP_06A.31162.31162.4.1.dta,MS_UNDEP_PL_LAC_bRPLC_NGP_06A.31162.31162.4.1.dta,MS_UNDEP_PL_LAC_bRPLC_NGP_06A,31162,5600.44896,3874.72174,969.43589,4,1,VDKDLQSLEDILHQVEJK,,2123.09789,4 4 1 0,H(4)N(4)A(1),(N(N(H(H(N))(H(N(H(A))))))),2205,0 1 0 0;0 2 0 0;1 2 0 0;2 2 0 0;2 3 0 0;3 2 0 0;3 3 0 0;3 3 1 0;3 4 0 0;4 3 0 0;4 3 1 0;4 4 0 0;,1751.6242,17,85.71488,57.13673,138.78858,7,-0.00035,-0.09112,1.0,0.70588,0.0,0,0,0.0,1988592.6,4352890.4,4513580.0,666783.0,1859187.8,0,2.3850702029928347e-194,2.466008777233582e-195,-1,0.0,2.466008777233582e-195,sp|P02679|FIBG_HUMAN,FGG,78,135725000.0,1036900000.0,,,-1.0,-1.0,-1,,0,0,0
MS_UNDEP_PL_LAC_bRPLC_NGP_06A.31168.31168.3.2.dta,MS_UNDEP_PL_LAC_bRPLC_NGP_06A.31168.31168.3.2.dta,MS_UNDEP_PL_LAC_bRPLC_NGP_06A,31168,5601.3612,3218.50901,1073.50786,3,1,VDKDLQSLEDILHQVEJK,,2123.09789,3 3 0 0,H(3)N(3),(N(N(H(H)(H(N))))),2288,0 1 0 0;0 2 0 0;1 2 0 0;2 2 0 0;2 3 0 0;3 2 0 0;,1095.39659,17,43.20145,28.58856,70.33968,7,0.01454,4.51651,1.0,0.52941,0.0,0,0,0.0,47297.9,405638.1,434013.0,0.0,0.0,0,1.3166134515386448e-94,2.080101577432193e-96,-1,0.0,2.080101577432193e-96,sp|P02679|FIBG_HUMAN,FGG,78,572364.0,2035110.0,,,-1.0,-1.0,-1,,0,0,0
MS_UNDEP_PL_LAC_bRPLC_NGP_06A.31179.31179.4.1.dta,MS_UNDEP_PL_LAC_bRPLC_NGP_06A.31179.31179.4.1.dta,MS_UNDEP_PL_LAC_bRPLC_NGP_06A,31179,5603.15418,4758.14626,1190.29202,4,1,SLGNVJFTVSAEALESQELCGTEVPSVPEHGRK,"20,Carbamidomethyl[C];",3541.72275,5 2 0 0,H(5)N(2),(N(N(H(H(H))(H(H))))),1637,0 1 0 0;0 2 0 0;2 2 0 0;4 2 0 0;,1216.42286,6,15.14027,17.7983,10.20394,4,0.00064,0.13474,0.625,0.32812,0.0,0,0,17488.0,30936.4,77688.2,72584.8,0.0,0.0,0,3.747684308472079e-10,5.791916390503504e-12,-1,0.0,5.791916390503504e-12,sp|P01023|A2MG_HUMAN,A2M,869,18195900.0,245917000.0,,,-1.0,-1.0,-1,,0,0,0
MS_UNDEP_PL_LAC_bRPLC_NGP_06A.31258.31258.3.0.dta,MS_UNDEP_PL_LAC_bRPLC_NGP_06A.31258.31258.3.0.dta,MS_UNDEP_PL_LAC_bRPLC_NGP_06A,31258,5615.90958,3874.72272,1292.24576,3,1,VDKDLQSLEDILHQVEJK,,2123.09789,4 4 1 0,H(4)N(4)A(1),(N(N(H(H(N))(H(N(H(A))))))),2205,0 1 0 0;0 2 0 0;1 2 0 0;2 2 0 0;2 3 0 0;3 2 0 0;3 3 0 0;4 3 0 0;4 4 0 0;,1751.6242,17,21.43466,6.32845,49.48906,7,0.00064,0.16412,0.78571,0.23529,0.0,0,0,0.0,134605.1,278388.4,430094.6,24836.2,76130.7,0,8.701586319763394e-65,9.772904293017924e-67,-1,0.0041493775933609,0.0041493775933609,sp|P02679|FIBG_HUMAN,FGG,78,27965400.0,226929000.0,,,-1.0,-1.0,-1,,0,0,0
MS_UNDEP_PL_LAC_bRPLC_NGP_06A.31368.31368.4.1.dta,MS_UNDEP_PL_LAC_bRPLC_NGP_06A.31368.31368.4.1.dta,MS_UNDEP_PL_LAC_bRPLC_NGP_06A,31368,5633.88594,4758.14443,1190.29156,4,1,SLGNVJFTVSAEALESQELCGTEVPSVPEHGRK,"20,Carbamidomethyl[C];",3541.72275,5 2 0 0,H(5)N(2),(N(N(H(H(H))(H(H))))),1637,0 1 0 0;0 2 0 0;3 2 0 0;4 2 0 0;,1216.42286,6,24.03696,31.30455,10.54001,4,-0.00119,-0.24945,0.625,0.4375,0.0,0,0,19026.0,31454.1,86142.9,90697.9,0.0,5179.4,0,1.3520583411395178e-10,2.2153177238733253e-12,-1,0.0,2.2153177238733253e-12,sp|P01023|A2MG_HUMAN,A2M,869,22437700.0,298367000.0,,,-1.0,-1.0,-1,,0,0,0
MS_UNDEP_PL_LAC_bRPLC_NGP_06A.31560.31560.4.1.dta,MS_UNDEP_PL_LAC_bRPLC_NGP_06A.31560.31560.4.1.dta,MS_UNDEP_PL_LAC_bRPLC_NGP_06A,31560,5665.06572,4758.14302,1190.29121,4,1,SLGNVJFTVSAEALESQELCGTEVPSVPEHGRK,"20,Carbamidomethyl[C];",3541.72275,5 2 0 0,H(5)N(2),(N(N(H(H)(H(H)(H))))),2257,0 1 0 0;2 2 0 0;4 2 0 0;,1216.42286,6,17.65343,23.84672,6.1516,3,-0.00259,-0.54536,0.5,0.35938,0.0,0,0,20528.6,26044.9,92676.9,87664.4,0.0,0.0,0,1.1686657326746034e-05,3.288246275410205e-07,-1,0.0,3.288246275410205e-07,sp|P01023|A2MG_HUMAN,A2M,869,18550700.0,246158000.0,,,-1.0,-1.0,-1,,0,0,0
MS_UNDEP_PL_LAC_bRPLC_NGP_06A.31748.31748.4.1.dta,MS_UNDEP_PL_LAC_bRPLC_NGP_06A.31748.31748.4.1.dta,MS_UNDEP_PL_LAC_bRPLC_NGP_06A,31748,5695.6791,4758.14288,1190.29118,4,1,SLGNVJFTVSAEALESQELCGTEVPSVPEHGRK,"20,Carbamidomethyl[C];",3541.72275,5 2 0 0,H(5)N(2),(N(N(H(H(H))(H(H))))),1637,0 1 0 0;4 2 0 0;,1216.42286,6,13.13909,19.03994,2.18036,2,-0.00273,-0.57394,0.375,0.32812,0.0,0,0,19366.5,24111.4,80980.9,88869.2,0.0,0.0,0,0.0699444042919537,0.0055248123155689,-1,0.0,0.0055248123155689,sp|P01023|A2MG_HUMAN,A2M,869,19909700.0,255089000.0,,,-1.0,-1.0,-1,,0,0,0
MS_UNDEP_PL_LAC_bRPLC_NGP_06A.32275.32275.4.1.dta,MS_UNDEP_PL_LAC_bRPLC_NGP_06A.32275.32275.4.1.dta,MS_UNDEP_PL_LAC_bRPLC_NGP_06A,32275,5781.62232,4715.9856,1179.75186,4,1,AALAAFNAQNJGSNFQLEEISR,,2365.15311,5 4 2 1,H(5)N(4)A(2)F(1),(N(F)(N(H(H(N(H(A))))(H(N(H(A))))))),226,0 1 0 0;0 1 0 1;0 2 0 0;1 2 0 0;1 2 0 1;2 2 0 0;2 2 0 1;3 2 0 0;3 2 0 1;3 3 0 0;3 3 0 1;3 3 1 0;4 3 0 0;4 3 0 1;4 3 1 0;4 3 1 1;4 4 0 0;,2350.83035,11,57.96796,55.65491,62.26363,8,0.00214,0.45445,0.57576,0.7619,0.0,0,0,0.0,758258.8,716897.0,775464.9,215313.0,550162.1,0,5.780031346017423e-83,1.146764089992404e-84,-1,0.0,1.146764089992404e-84,sp|P02765|FETUA_HUMAN,AHSG,176,46021500.0,551398000.0,,,-1.0,-1.0,-1,,0,0,0
MS_UNDEP_PL_LAC_bRPLC_NGP_06A.32276.32276.3.0.dta,MS_UNDEP_PL_LAC_bRPLC_NGP_06A.32276.32276.3.0.dta,MS_UNDEP_PL_LAC_bRPLC_NGP_06A,32276,5781.78036,4715.98354,1572.66603,3,1,AALAAFNAQNJGSNFQLEEISR,,2365.15311,5 4 2 1,H(5)N(4)A(2)F(1),(N(F)(N(H(H(N(H(A))))(H(N(H(A))))))),226,0 1 0 0;0 1 0 1;0 2 0 0;2 2 0 0;2 2 0 1;3 2 0 0;3 3 0 0;3 3 0 1;3 3 1 1;4 3 0 0;4 3 0 1;4 3 1 0;4 3 1 1;,2350.83035,11,29.92518,33.19493,23.85278,6,8e-05,0.017,0.42424,0.57143,0.0,0,0,0.0,728212.9,747121.9,795359.7,136147.3,271414.7,0,1.417149617363785e-28,1.2014217929868904e-30,-1,0.0,1.2014217929868904e-30,sp|P02765|FETUA_HUMAN,AHSG,176,19547300.0,234855000.0,,,-1.0,-1.0,-1,,0,0,0
MS_UNDEP_PL_LAC_bRPLC_NGP_06A.32325.32325.4.1.dta,MS_UNDEP_PL_LAC_bRPLC_NGP_06A.32325.32325.4.1.dta,MS_UNDEP_PL_LAC_bRPLC_NGP_06A,32325,5789.82924,4758.14422,1190.29151,4,1,SLGNVJFTVSAEALESQELCGTEVPSVPEHGRK,"20,Carbamidomethyl[C];",3541.72275,5 2 0 0,H(5)N(2),(N(N(H(H(H))(H(H))))),1637,0 1 0 0;4 2 0 0;,1216.42286,6,9.60325,13.81966,1.77279,2,-0.0014,-0.294,0.375,0.28125,0.0,0,0,15686.7,58997.9,107673.1,105751.2,13280.8,32819.5,0,0.0604395213964922,0.0098399139914224,-1,0.0,0.0098399139914224,sp|P01023|A2MG_HUMAN,A2M,869,19405500.0,244246000.0,,,-1.0,-1.0,-1,,0,0,0
MS_UNDEP_PL_LAC_bRPLC_NGP_06A.32355.32355.4.1.dta,MS_UNDEP_PL_LAC_bRPLC_NGP_06A.32355.32355.4.1.dta,MS_UNDEP_PL_LAC_bRPLC_NGP_06A,32355,5794.75506,4569.92572,1143.23689,4,1,AALAAFNAQNJGSNFQLEEISR,,2365.15311,5 4 2 0,H(5)N(4)A(2),(N(N(H(H(N(H(A))))(H(N(H(A))))))),1791,0 1 0 0;0 2 0 0;1 2 0 0;2 2 0 0;2 3 0 0;3 2 0 0;3 3 0 0;3 3 1 0;4 3 0 0;4 3 1 0;5 4 0 0;,2204.77244,11,66.28281,72.98505,53.83578,6,0.00016,0.03588,0.70588,0.78571,0.0,0,0,0.0,1633888.0,1572758.0,1607082.2,471154.7,1147391.5,0,5.873351457113712e-71,1.239995062144405e-72,-1,0.0,1.239995062144405e-72,sp|P02765|FETUA_HUMAN,AHSG,176,62057800.0,657771000.0,,,-1.0,-1.0,-1,,0,0,0
MS_UNDEP_PL_LAC_bRPLC_NGP_06A.32370.32370.3.0.dta,MS_UNDEP_PL_LAC_bRPLC_NGP_06A.32370.32370.3.0.dta,MS_UNDEP_PL_LAC_bRPLC_NGP_06A,32370,5797.17366,4569.9247,1523.97975,3,1,AALAAFNAQNJGSNFQLEEISR,,2365.15311,5 4 2 0,H(5)N(4)A(2),(N(N(H(H(N(H(A))))(H(N(H(A))))))),1791,0 1 0 0;0 2 0 0;1 2 0 0;2 2 0 0;2 3 0 0;3 2 0 0;3 3 0 0;3 3 1 0;4 3 0 0;4 3 1 0;4 4 0 0;5 4 0 0;,2204.77244,11,66.10636,74.25525,50.97272,6,-0.00085,-0.18557,0.76471,0.85714,0.0,0,0,0.0,1382544.8,1407849.2,1508468.0,273823.1,561091.9,0,6.812126235608994e-67,1.499951752248991e-68,-1,0.0,1.499951752248991e-68,sp|P02765|FETUA_HUMAN,AHSG,176,30809400.0,347670000.0,,,-1.0,-1.0,-1,,0,0,0
MS_UNDEP_PL_LAC_bRPLC_NGP_06A.32513.32513.4.3.dta,MS_UNDEP_PL_LAC_bRPLC_NGP_06A.32513.32513.4.3.dta,MS_UNDEP_PL_LAC_bRPLC_NGP_06A,32513,5820.32988,4759.14569,1190.54188,4,1,SLGNVJFTVSAEALESQELCGTEVPSVPEHGRK,"20,Carbamidomethyl[C];17,Deamidated[Q];",3542.70677,5 2 0 0,H(5)N(2),(N(N(H(H)(H(H)(H))))),2257,0 1 0 0;2 2 0 0;3 2 0 0;4 2 0 0;,1216.42286,6,13.89585,16.44713,9.15776,4,0.01606,3.37394,0.625,0.29688,0.0,0,0,18301.2,25362.1,89731.4,87997.5,0.0,7222.4,0,7.852632381729358e-09,7.962777026252753e-11,-1,0.0,7.962777026252753e-11,sp|P01023|A2MG_HUMAN,A2M,869,57727300.0,298178000.0,,,-1.0,-1.0,-1,,0,0,0
MS_UNDEP_PL_LAC_bRPLC_NGP_06A.32545.32545.4.1.dta,MS_UNDEP_PL_LAC_bRPLC_NGP_06A.32545.32545.4.1.dta,MS_UNDEP_PL_LAC_bRPLC_NGP_06A,32545,5825.51964,4569.9248,1143.23666,4,1,AALAAFNAQNJGSNFQLEEISR,,2365.15311,5 4 2 0,H(5)N(4)A(2),(N(N(H(H(N(H(A))))(H(N(H(A))))))),1791,0 1 0 0;1 2 0 0;2 2 0 0;3 2 0 0;4 3 0 0;4 3 1 0;,2204.77244,11,12.33921,15.18509,7.05401,4,-0.00075,-0.16456,0.35294,0.42857,0.0,0,0,0.0,84291.3,85586.6,91592.4,25924.4,60449.9,0,1.4569210386969574e-06,5.2939533097585656e-08,-1,0.0,5.2939533097585656e-08,sp|P02765|FETUA_HUMAN,AHSG,176,23401500.0,255587000.0,,,-1.0,-1.0,-1,,0,0,0
MS_UNDEP_PL_LAC_bRPLC_NGP_06A.32703.32703.4.1.dta,MS_UNDEP_PL_LAC_bRPLC_NGP_06A.32703.32703.4.1.dta,MS_UNDEP_PL_LAC_bRPLC_NGP_06A,32703,5851.1832,4758.14575,1190.29189,4,1,SLGNVJFTVSAEALESQELCGTEVPSVPEHGRK,"20,Carbamidomethyl[C];",3541.72275,5 2 0 0,H(5)N(2),(N(N(H(H(H))(H(H))))),1637,0 1 0 0;4 2 0 0;,1216.42286,6,12.05701,17.35706,2.21405,2,0.00013,0.02797,0.375,0.29688,0.0,0,0,21472.4,29813.6,82524.2,74116.5,0.0,5165.3,0,0.0694694486173841,0.0048629859633184,-1,0.0,0.0048629859633184,sp|P01023|A2MG_HUMAN,A2M,869,14821200.0,193056000.0,,,-1.0,-1.0,-1,,0,0,0
MS_UNDEP_PL_LAC_bRPLC_NGP_06A.32891.32891.4.1.dta,MS_UNDEP_PL_LAC_bRPLC_NGP_06A.32891.32891.4.1.dta,MS_UNDEP_PL_LAC_bRPLC_NGP_06A,32891,5881.7169,4758.14574,1190.29189,4,1,SLGNVJFTVSAEALESQELCGTEVPSVPEHGRK,"20,Carbamidomethyl[C];",3541.72275,5 2 0 0,H(5)N(2),(N(N(H(H(H))(H(H))))),1637,0 1 0 0;3 2 0 0;4 2 0 0;,1216.42286,6,16.05384,21.71304,5.5439,3,0.00013,0.02629,0.5,0.35938,0.0,0,0,18700.3,27367.7,86031.7,90761.2,0.0,4800.5,0,4.852258961170122e-05,2.2307820198625336e-06,-1,0.0,2.2307820198625336e-06,sp|P01023|A2MG_HUMAN,A2M,869,19882300.0,261394000.0,,,-1.0,-1.0,-1,,0,0,0
MS_UNDEP_PL_LAC_bRPLC_NGP_06A.33083.33083.4.1.dta,MS_UNDEP_PL_LAC_bRPLC_NGP_06A.33083.33083.4.1.dta,MS_UNDEP_PL_LAC_bRPLC_NGP_06A,33083,5912.91384,4758.14424,1190.29152,4,1,SLGNVJFTVSAEALESQELCGTEVPSVPEHGRK,"20,Carbamidomethyl[C];",3541.72275,5 2 0 0,H(5)N(2),(N(N(H(H)(H(H)(H))))),2257,0 1 0 0;3 2 0 0;4 2 0 0;,1216.42286,6,21.8624,30.57647,5.67913,3,-0.00137,-0.28812,0.5,0.40625,0.0,0,0,26754.5,39862.0,110934.8,109340.6,0.0,9452.7,0,3.527162357800944e-05,1.120257282633669e-06,-1,0.0,1.120257282633669e-06,sp|P01023|A2MG_HUMAN,A2M,869,21478400.0,282348000.0,,,-1.0,-1.0,-1,,0,0,0
MS_UNDEP_PL_LAC_bRPLC_NGP_06A.33230.33230.4.3.dta,MS_UNDEP_PL_LAC_bRPLC_NGP_06A.33230.33230.4.3.dta,MS_UNDEP_PL_LAC_bRPLC_NGP_06A,33230,5936.87244,4703.02033,1176.51054,4,1,JISDGFDGIPDNVDAALALPAHSYSGR,,2772.32235,6 4 0 1,H(6)N(4)F(1),(N(N(H(H(H))(H(N(H))(N(H)(F)))))),1659,0 1 0 0;1 2 0 0;2 2 0 0;3 2 0 0;3 3 0 0;4 3 0 0;,1930.69234,1,11.82937,12.54716,10.49632,5,0.00563,1.19812,0.28,0.34615,0.0,0,0,0.0,195767.9,127408.2,188514.0,14934.1,36523.2,0,1.5447932596080764e-10,2.7195031816115186e-12,-1,0.0,2.7195031816115186e-12,sp|P04004|VTNC_HUMAN,VTN,242,982741.0,14739800.0,,,-1.0,-1.0,-1,,0,0,0
MS_UNDEP_PL_LAC_bRPLC_NGP_06A.33276.33276.4.1.dta,MS_UNDEP_PL_LAC_bRPLC_NGP_06A.33276.33276.4.1.dta,MS_UNDEP_PL_LAC_bRPLC_NGP_06A,33276,5944.2465,4758.14395,1190.29144,4,1,SLGNVJFTVSAEALESQELCGTEVPSVPEHGRK,"20,Carbamidomethyl[C];",3541.72275,5 2 0 0,H(5)N(2),(N(N(H(H)(H(H(H)))))),2249,0 1 0 0;0 2 0 0;2 2 0 0;3 2 0 0;4 2 0 0;,1216.42286,6,23.56006,25.19526,20.52327,5,-0.00167,-0.35033,0.75,0.40625,0.0,0,0,23422.2,30449.3,93792.8,97764.3,0.0,0.0,0,4.3437494970897155e-24,1.0388989177074022e-25,-1,0.0,1.0388989177074022e-25,sp|P01023|A2MG_HUMAN,A2M,869,24217400.0,317453000.0,,,-1.0,-1.0,-1,,0,0,0
MS_UNDEP_PL_LAC_bRPLC_NGP_06A.33292.33292.4.1.dta,MS_UNDEP_PL_LAC_bRPLC_NGP_06A.33292.33292.4.1.dta,MS_UNDEP_PL_LAC_bRPLC_NGP_06A,33292,5946.90168,4685.99927,1172.25527,4,1,JISDGFDGIPDNVDAALALPAHSYSGR,,2772.32235,5 4 1 0,H(5)N(4)A(1),(N(N(H(H(N(H)))(H(N(H(A))))))),2036,0 1 0 0;0 2 0 0;1 2 0 0;2 2 0 0;2 3 0 0;3 2 0 0;3 3 0 0;3 3 1 0;4 3 0 0;4 3 1 0;5 4 0 0;,1913.67702,1,54.87685,43.64186,75.74182,7,-0.00011,-0.02337,0.8125,0.61538,0.0,0,0,0.0,639859.3,420956.3,593806.4,52832.4,120180.5,0,1.8365362744666456e-102,5.792023920243299e-104,-1,0.0,5.792023920243299e-104,sp|P04004|VTNC_HUMAN,VTN,242,12804200.0,143657000.0,,,-1.0,-1.0,-1,,0,0,0
MS_UNDEP_PL_LAC_bRPLC_NGP_06A.33473.33473.4.1.dta,MS_UNDEP_PL_LAC_bRPLC_NGP_06A.33473.33473.4.1.dta,MS_UNDEP_PL_LAC_bRPLC_NGP_06A,33473,5976.14934,4758.14675,1190.29214,4,1,SLGNVJFTVSAEALESQELCGTEVPSVPEHGRK,"20,Carbamidomethyl[C];",3541.72275,5 2 0 0,H(5)N(2),(N(N(H(H(H))(H(H))))),1637,0 1 0 0;0 2 0 0;1 2 0 0;3 2 0 0;4 2 0 0;,1216.42286,6,25.35482,29.52232,17.61519,5,0.00114,0.23898,0.75,0.42188,0.0,0,0,22727.3,32117.5,98058.0,91623.4,0.0,0.0,0,3.616708413033645e-20,7.137325320486541e-22,-1,0.0,7.137325320486541e-22,sp|P01023|A2MG_HUMAN,A2M,869,30607100.0,395565000.0,,,-1.0,-1.0,-1,,0,0,0
MS_UNDEP_PL_LAC_bRPLC_NGP_06A.33676.33676.4.1.dta,MS_UNDEP_PL_LAC_bRPLC_NGP_06A.33676.33676.4.1.dta,MS_UNDEP_PL_LAC_bRPLC_NGP_06A,33676,6009.2934,4758.14663,1190.29211,4,1,SLGNVJFTVSAEALESQELCGTEVPSVPEHGRK,"20,Carbamidomethyl[C];",3541.72275,5 2 0 0,H(5)N(2),(N(N(H(H(H))(H(H))))),1637,0 1 0 0;4 2 0 0;,1216.42286,6,14.4299,21.18125,1.89168,2,0.00101,0.21292,0.375,0.35938,0.0,0,0,26505.0,31864.9,94598.8,94647.4,0.0,0.0,0,0.0647416886571812,0.0086457588405354,-1,0.0,0.0086457588405354,sp|P01023|A2MG_HUMAN,A2M,869,30503800.0,394363000.0,,,-1.0,-1.0,-1,,0,0,0
MS_UNDEP_PL_LAC_bRPLC_NGP_06A.33868.33868.4.1.dta,MS_UNDEP_PL_LAC_bRPLC_NGP_06A.33868.33868.4.1.dta,MS_UNDEP_PL_LAC_bRPLC_NGP_06A,33868,6040.419,4758.14685,1190.29217,4,1,SLGNVJFTVSAEALESQELCGTEVPSVPEHGRK,"20,Carbamidomethyl[C];",3541.72275,5 2 0 0,H(5)N(2),(N(N(H(H)(H(H)(H))))),2257,0 1 0 0;0 2 0 0;2 2 0 0;3 2 0 0;4 2 0 0;,1216.42286,6,29.87263,35.86847,18.73751,5,0.00124,0.25999,0.75,0.46875,0.0,0,0,24298.5,31862.0,95717.8,103395.3,0.0,6176.0,0,1.1050820367919941e-21,1.463855891308502e-23,-1,0.0,1.463855891308502e-23,sp|P01023|A2MG_HUMAN,A2M,869,28473000.0,373336000.0,,,-1.0,-1.0,-1,,0,0,0
MS_UNDEP_PL_LAC_bRPLC_NGP_06A.34067.34067.4.1.dta,MS_UNDEP_PL_LAC_bRPLC_NGP_06A.34067.34067.4.1.dta,MS_UNDEP_PL_LAC_bRPLC_NGP_06A,34067,6072.9204,4758.14457,1190.2916,4,1,SLGNVJFTVSAEALESQELCGTEVPSVPEHGRK,"20,Carbamidomethyl[C];",3541.72275,5 2 0 0,H(5)N(2),(N(N(H(H(H))(H(H))))),1637,0 1 0 0;0 2 0 0;3 2 0 0;4 2 0 0;,1216.42286,6,23.40852,30.20427,10.78784,4,-0.00104,-0.21918,0.625,0.4375,0.0,0,0,18833.7,25560.8,93211.2,87335.2,0.0,0.0,0,6.328334358602551e-11,9.862431859434305e-13,-1,0.0,9.862431859434305e-13,sp|P01023|A2MG_HUMAN,A2M,869,24547300.0,321124000.0,,,-1.0,-1.0,-1,,0,0,0
MS_UNDEP_PL_LAC_bRPLC_NGP_06A.34257.34257.4.1.dta,MS_UNDEP_PL_LAC_bRPLC_NGP_06A.34257.34257.4.1.dta,MS_UNDEP_PL_LAC_bRPLC_NGP_06A,34257,6104.1336,4758.14498,1190.2917,4,1,SLGNVJFTVSAEALESQELCGTEVPSVPEHGRK,"20,Carbamidomethyl[C];",3541.72275,5 2 0 0,H(5)N(2),(N(N(H(H(H))(H(H))))),1637,0 1 0 0;2 2 0 0;4 2 0 0;,1216.42286,6,13.9757,19.12777,4.40757,3,-0.00063,-0.1326,0.5,0.35938,0.0,0,0,15498.7,15243.4,55304.4,50725.6,0.0,0.0,0,0.0007397832196858,2.6433038237703262e-05,-1,0.0,2.6433038237703262e-05,sp|P01023|A2MG_HUMAN,A2M,869,20789300.0,273635000.0,,,-1.0,-1.0,-1,,0,0,0
MS_UNDEP_PL_LAC_bRPLC_NGP_06A.34258.34258.4.1.dta,MS_UNDEP_PL_LAC_bRPLC_NGP_06A.34258.34258.4.1.dta,MS_UNDEP_PL_LAC_bRPLC_NGP_06A,34258,6104.2878,4342.07355,1086.27384,4,1,LSLHRPALEDLLLGSEAJLTCTLTGLR,"21,Carbamidomethyl[C];",2963.59827,6 2 0 0,H(6)N(2),(N(N(H(H(H))(H(H(H)))))),1628,0 1 0 0;1 2 0 0;5 2 0 0;,1378.47569,18,18.22882,25.97037,3.85165,3,-0.0004,-0.09266,0.44444,0.40385,0.0,0,0,14831.2,13908.3,48570.1,36435.7,0.0,0.0,0,0.0028409238566968,0.0001181341426798,-1,0.0,0.0001181341426798,sp|P01876|IGHA1_HUMAN;sp|P01877|IGHA2_HUMAN,IGHA1;IGHA2,144;131,14390000.0,154107000.0,,,-1.0,-1.0,-1,,0,0,0
MS_UNDEP_PL_LAC_bRPLC_NGP_06A.34336.34336.4.1.dta,MS_UNDEP_PL_LAC_bRPLC_NGP_06A.34336.34336.4.1.dta,MS_UNDEP_PL_LAC_bRPLC_NGP_06A,34336,6117.0186,4504.12636,1126.78705,4,1,LSLHRPALEDLLLGSEAJLTCTLTGLR,"21,Carbamidomethyl[C];",2963.59827,7 2 0 0,H(7)N(2),(N(N(H(H(H)(H))(H(H(H)))))),1546,0 1 0 0;3 2 0 0;,1540.52851,18,10.51443,14.77864,2.59518,3,-0.00042,-0.09364,0.3,0.28846,0.0,0,0,17618.2,14980.3,49203.9,36750.9,0.0,0.0,0,0.0474067301602514,0.0029542952559,-1,0.0,0.0029542952559,sp|P01876|IGHA1_HUMAN;sp|P01877|IGHA2_HUMAN,IGHA1;IGHA2,144;131,5607980.0,61005400.0,,,-1.0,-1.0,-1,,0,0,0
MS_UNDEP_PL_LAC_bRPLC_NGP_06A.34449.34449.4.1.dta,MS_UNDEP_PL_LAC_bRPLC_NGP_06A.34449.34449.4.1.dta,MS_UNDEP_PL_LAC_bRPLC_NGP_06A,34449,6135.4692,4342.07387,1086.27392,4,1,LSLHRPALEDLLLGSEAJLTCTLTGLR,"21,Carbamidomethyl[C];",2963.59827,6 2 0 0,H(6)N(2),(N(N(H(H(H))(H(H(H)))))),1628,0 1 0 0;0 2 0 0;1 2 0 0;2 2 0 0;4 2 0 0;,1378.47569,18,38.0793,48.50135,18.72405,5,-9e-05,-0.01988,0.66667,0.53846,0.0,0,0,29409.6,26467.0,102162.5,65723.2,0.0,0.0,0,1.1522499239166649e-21,1.9762934431119162e-23,-1,0.0,1.9762934431119162e-23,sp|P01876|IGHA1_HUMAN;sp|P01877|IGHA2_HUMAN,IGHA1;IGHA2,144;131,14390000.0,154107000.0,,,-1.0,-1.0,-1,,0,0,0
MS_UNDEP_PL_LAC_bRPLC_NGP_06A.34480.34480.4.1.dta,MS_UNDEP_PL_LAC_bRPLC_NGP_06A.34480.34480.4.1.dta,MS_UNDEP_PL_LAC_bRPLC_NGP_06A,34480,6140.8146,4180.01894,1045.76019,4,1,LSLHRPALEDLLLGSEAJLTCTLTGLR,"21,Carbamidomethyl[C];",2963.59827,5 2 0 0,H(5)N(2),(N(N(H(H)(H(H)(H))))),2257,0 1 0 0;0 2 0 0;1 2 0 0;2 2 0 0;3 2 0 0;4 2 0 0;,1216.42286,18,117.76857,145.25885,66.71517,7,-0.00219,-0.5251,1.0,0.84615,0.0,0,0,79414.4,145989.8,525770.6,307325.8,0.0,0.0,0,2.307024314277544e-89,7.99590450654468e-91,-1,0.0,7.99590450654468e-91,sp|P01876|IGHA1_HUMAN;sp|P01877|IGHA2_HUMAN,IGHA1;IGHA2,144;131,66206300.0,638210000.0,,,-1.0,-1.0,-1,,0,0,0
MS_UNDEP_PL_LAC_bRPLC_NGP_06A.34826.34826.4.1.dta,MS_UNDEP_PL_LAC_bRPLC_NGP_06A.34826.34826.4.1.dta,MS_UNDEP_PL_LAC_bRPLC_NGP_06A,34826,6197.5806,4118.70063,1030.43061,4,1,FEVDSPVYJATWSASLK,,1913.92796,5 4 2 0,H(5)N(4)A(2),(N(N(H(H(N(H(A))))(H(N(H(A))))))),1791,0 1 0 0;2 2 0 0;3 2 0 0;,2204.77244,9,5.6865,7.72083,1.90845,3,0.00023,0.05608,0.17647,0.34375,0.0,0,0,0.0,93572.6,94316.8,103526.9,28349.4,72979.0,0,0.0653237993917622,0.0082795652491892,-1,0.0,0.0082795652491892,sp|P04114|APOB_HUMAN,APOB,3895,3460860.0,26447800.0,,,-1.0,-1.0,-1,,0,0,0
MS_UNDEP_PL_LAC_bRPLC_NGP_06A.34870.34870.3.0.dta,MS_UNDEP_PL_LAC_bRPLC_NGP_06A.34870.34870.3.0.dta,MS_UNDEP_PL_LAC_bRPLC_NGP_06A,34870,6204.8424,4118.70113,1373.5719,3,1,FEVDSPVYJATWSASLK,,1913.92796,5 4 2 0,H(5)N(4)A(2),(N(N(H(H(N(H(A))))(H(N(H(A))))))),1791,0 1 0 0;0 2 0 0;1 2 0 0;2 2 0 0;2 3 0 0;3 3 0 0;3 3 1 0;4 3 0 0;4 3 1 0;5 4 0 0;,2204.77244,9,19.58085,15.72566,26.74049,5,0.00073,0.17772,0.64706,0.46875,0.0,0,0,0.0,340913.3,360698.7,409116.6,86017.5,193799.9,0,1.6475847535540895e-32,2.33538082183963e-34,-1,0.0,2.33538082183963e-34,sp|P04114|APOB_HUMAN,APOB,3895,10443900.0,90373600.0,,,-1.0,-1.0,-1,,0,0,0
MS_UNDEP_PL_LAC_bRPLC_NGP_06A.35014.35014.4.1.dta,MS_UNDEP_PL_LAC_bRPLC_NGP_06A.35014.35014.4.1.dta,MS_UNDEP_PL_LAC_bRPLC_NGP_06A,35014,6228.291,4758.14502,1190.29171,4,1,SLGNVJFTVSAEALESQELCGTEVPSVPEHGRK,"20,Carbamidomethyl[C];",3541.72275,5 2 0 0,H(5)N(2),(N(N(H(H)(H(H)(H))))),2257,0 1 0 0;2 2 0 0;4 2 0 0;,1216.42286,6,25.14192,35.13134,6.59016,3,-0.0006,-0.12587,0.5,0.48438,0.0,0,0,19585.8,29868.5,104119.5,97988.4,0.0,0.0,0,4.238827642666146e-06,1.229429823015917e-07,-1,0.0,1.229429823015917e-07,sp|P01023|A2MG_HUMAN,A2M,869,20875700.0,270858000.0,,,-1.0,-1.0,-1,,0,0,0
MS_UNDEP_PL_LAC_bRPLC_NGP_06A.35411.35411.4.1.dta,MS_UNDEP_PL_LAC_bRPLC_NGP_06A.35411.35411.4.1.dta,MS_UNDEP_PL_LAC_bRPLC_NGP_06A,35411,6293.1144,4758.14568,1190.29188,4,1,SLGNVJFTVSAEALESQELCGTEVPSVPEHGRK,"20,Carbamidomethyl[C];",3541.72275,5 2 0 0,H(5)N(2),(N(N(H(H)(H(H)(H))))),2257,0 1 0 0;0 2 0 0;2 2 0 0;3 2 0 0;4 2 0 0;,1216.42286,6,24.42121,27.6625,18.40167,5,7e-05,0.01368,0.75,0.4375,0.0,0,0,19422.4,24327.7,79185.2,86035.2,0.0,0.0,0,3.136335771740325e-21,3.3738597378694075e-23,-1,0.0,3.3738597378694075e-23,sp|P01023|A2MG_HUMAN,A2M,869,19150600.0,252489000.0,,,-1.0,-1.0,-1,,0,0,0
MS_UNDEP_PL_LAC_bRPLC_NGP_06A.35502.35502.3.0.dta,MS_UNDEP_PL_LAC_bRPLC_NGP_06A.35502.35502.3.0.dta,MS_UNDEP_PL_LAC_bRPLC_NGP_06A,35502,6307.9542,3694.58286,1232.19914,3,1,DLQSLEDILHQVEJK,,1780.90757,5 4 1 0,H(5)N(4)A(1),(N(N(H(H(N(H)))(H(N(H(A))))))),2036,0 1 0 0;0 2 0 0;1 2 0 0;2 2 0 0;2 3 0 0;3 2 0 0;3 3 0 0;3 3 1 0;4 3 0 0;4 3 1 0;4 4 0 0;5 4 0 0;,1913.67702,14,63.26645,40.59786,105.36524,7,-0.00173,-0.46758,0.875,0.71429,0.0,0,0,0.0,1412607.0,1156535.9,1785150.3,220581.2,478215.8,0,1.0625347945948672e-145,4.751519342645697e-147,-1,0.0,4.751519342645697e-147,sp|P02679|FIBG_HUMAN,FGG,78,92456000.0,630474000.0,,,-1.0,-1.0,-1,,0,0,0
MS_UNDEP_PL_LAC_bRPLC_NGP_06A.35603.35603.4.3.dta,MS_UNDEP_PL_LAC_bRPLC_NGP_06A.35603.35603.4.3.dta,MS_UNDEP_PL_LAC_bRPLC_NGP_06A,35603,6324.936,4759.14682,1190.54216,4,1,SLGNVJFTVSAEALESQELCGTEVPSVPEHGRK,"20,Carbamidomethyl[C];17,Deamidated[Q];",3542.70677,5 2 0 0,H(5)N(2),(N(N(H(H)(H(H)(H))))),2257,0 1 0 0;0 2 0 0;1 2 0 0;2 2 0 0;3 2 0 0;4 2 0 0;,1216.42286,6,17.24358,17.0176,17.66327,5,0.01719,3.61096,0.75,0.3125,0.0,0,0,26405.6,31936.4,104849.0,107020.0,0.0,9303.5,0,3.1142694053900005e-20,5.602548195019537e-22,-1,0.0,5.602548195019537e-22,sp|P01023|A2MG_HUMAN,A2M,869,64004800.0,323726000.0,,,-1.0,-1.0,-1,,0,0,0
MS_UNDEP_PL_LAC_bRPLC_NGP_06A.35640.35640.2.0.dta,MS_UNDEP_PL_LAC_bRPLC_NGP_06A.35640.35640.2.0.dta,MS_UNDEP_PL_LAC_bRPLC_NGP_06A,35640,6330.8346,3532.53293,1766.7701,2,1,DLQSLEDILHQVEJK,,1780.90757,4 4 1 0,H(4)N(4)A(1),(N(N(H(H(N))(H(N(H(A))))))),2205,0 1 0 0;0 2 0 0;1 2 0 0;2 2 0 0;2 3 0 0;3 3 0 0;4 3 0 0;4 4 0 0;,1751.6242,14,12.73731,6.42709,24.4563,5,0.00116,0.32921,0.64286,0.21429,0.0,0,0,0.0,126260.8,213847.1,382894.6,0.0,31215.2,0,2.1590928927774097e-29,2.7433804356659846e-31,-1,0.0041493775933609,0.0041493775933609,sp|P02679|FIBG_HUMAN,FGG,78,188762.0,1988300.0,,,-1.0,-1.0,-1,,0,0,0
MS_UNDEP_PL_LAC_bRPLC_NGP_06A.35732.35732.3.0.dta,MS_UNDEP_PL_LAC_bRPLC_NGP_06A.35732.35732.3.0.dta,MS_UNDEP_PL_LAC_bRPLC_NGP_06A,35732,6345.7962,3532.53065,1178.18173,3,1,DLQSLEDILHQVEJK,,1780.90757,4 4 1 0,H(4)N(4)A(1),(N(N(H(H(N))(H(N(H(A))))))),2205,0 1 0 0;0 2 0 0;1 2 0 0;2 2 0 0;2 3 0 0;3 2 0 0;3 3 0 0;3 3 1 0;3 4 0 0;4 3 0 0;4 3 1 0;4 4 0 0;,1751.6242,14,72.53828,56.87819,101.6213,7,-0.00112,-0.31764,1.0,0.82143,0.0,0,0,0.0,782843.0,1282386.6,1300798.3,207768.8,497798.5,0,3.0756193441163404e-140,2.1239385537598952e-141,-1,0.0,2.1239385537598952e-141,sp|P02679|FIBG_HUMAN,FGG,78,116776000.0,732677000.0,,,-1.0,-1.0,-1,,0,0,0
MS_UNDEP_PL_LAC_bRPLC_NGP_06A.35794.35794.4.1.dta,MS_UNDEP_PL_LAC_bRPLC_NGP_06A.35794.35794.4.1.dta,MS_UNDEP_PL_LAC_bRPLC_NGP_06A,35794,6355.8516,4758.14798,1190.29245,4,1,SLGNVJFTVSAEALESQELCGTEVPSVPEHGRK,"20,Carbamidomethyl[C];",3541.72275,5 2 0 0,H(5)N(2),(N(N(H(H)(H(H)(H))))),2257,0 1 0 0;0 2 0 0;3 2 0 0;4 2 0 0;,1216.42286,6,20.85283,26.48077,10.40095,4,0.00237,0.49706,0.625,0.4375,0.0,0,0,25278.8,27430.1,90211.4,92935.9,0.0,0.0,0,2.0649180834568166e-10,4.5821573267110296e-12,-1,0.0,4.5821573267110296e-12,sp|P01023|A2MG_HUMAN,A2M,869,35310400.0,464068000.0,,,-1.0,-1.0,-1,,0,0,0
MS_UNDEP_PL_LAC_bRPLC_NGP_06A.35987.35987.4.1.dta,MS_UNDEP_PL_LAC_bRPLC_NGP_06A.35987.35987.4.1.dta,MS_UNDEP_PL_LAC_bRPLC_NGP_06A,35987,6387.2994,4758.14704,1190.29222,4,1,SLGNVJFTVSAEALESQELCGTEVPSVPEHGRK,"20,Carbamidomethyl[C];",3541.72275,5 2 0 0,H(5)N(2),(N(N(H(H)(H(H)(H))))),2257,0 1 0 0;2 2 0 0;3 2 0 0;4 2 0 0;,1216.42286,6,18.60521,22.57938,11.22461,4,0.00142,0.29866,0.625,0.35938,0.0,0,0,22971.4,29904.4,109471.0,104643.0,0.0,0.0,0,1.6437895211549842e-11,4.1280538332074674e-13,-1,0.0,4.1280538332074674e-13,sp|P01023|A2MG_HUMAN,A2M,869,32850300.0,450230000.0,,,-1.0,-1.0,-1,,0,0,0
MS_UNDEP_PL_LAC_bRPLC_NGP_06A.36179.36179.4.1.dta,MS_UNDEP_PL_LAC_bRPLC_NGP_06A.36179.36179.4.1.dta,MS_UNDEP_PL_LAC_bRPLC_NGP_06A,36179,6418.4208,4758.14644,1190.29207,4,1,SLGNVJFTVSAEALESQELCGTEVPSVPEHGRK,"20,Carbamidomethyl[C];",3541.72275,5 2 0 0,H(5)N(2),(N(N(H(H)(H(H)(H))))),2257,0 1 0 0;2 2 0 0;3 2 0 0;4 2 0 0;,1216.42286,6,21.38826,27.03145,10.90804,4,0.00083,0.17341,0.625,0.42188,0.0,0,0,18893.7,18731.9,77972.7,75978.3,0.0,0.0,0,4.371663221380741e-11,7.757800089161262e-13,-1,0.0,7.757800089161262e-13,sp|P01023|A2MG_HUMAN,A2M,869,24069500.0,318627000.0,,,-1.0,-1.0,-1,,0,0,0
MS_UNDEP_PL_LAC_bRPLC_NGP_06A.36368.36368.4.1.dta,MS_UNDEP_PL_LAC_bRPLC_NGP_06A.36368.36368.4.1.dta,MS_UNDEP_PL_LAC_bRPLC_NGP_06A,36368,6449.0076,4758.14602,1190.29196,4,1,SLGNVJFTVSAEALESQELCGTEVPSVPEHGRK,"20,Carbamidomethyl[C];",3541.72275,5 2 0 0,H(5)N(2),(N(N(H(H)(H(H)(H))))),2257,0 1 0 0;3 2 0 0;4 2 0 0;,1216.42286,6,24.01607,34.04046,5.39935,3,0.0004,0.0843,0.5,0.46875,0.0,0,0,22753.3,24750.1,99647.5,96989.7,0.0,0.0,0,6.83314361273732e-05,3.447508997545285e-06,-1,0.0,3.447508997545285e-06,sp|P01023|A2MG_HUMAN,A2M,869,22001600.0,288107000.0,,,-1.0,-1.0,-1,,0,0,0
MS_UNDEP_PL_LAC_bRPLC_NGP_06A.36570.36570.4.1.dta,MS_UNDEP_PL_LAC_bRPLC_NGP_06A.36570.36570.4.1.dta,MS_UNDEP_PL_LAC_bRPLC_NGP_06A,36570,6481.6962,4758.14535,1190.2918,4,1,SLGNVJFTVSAEALESQELCGTEVPSVPEHGRK,"20,Carbamidomethyl[C];",3541.72275,5 2 0 0,H(5)N(2),(N(N(H(H(H))(H(H))))),1637,0 1 0 0;3 2 0 0;,1216.42286,6,17.66623,25.3999,3.30369,3,-0.00026,-0.05525,0.375,0.39062,0.0,0,0,24422.8,27940.6,103742.7,104520.9,0.0,0.0,0,0.0104956763618574,0.0005110931762067,-1,0.0,0.0005110931762067,sp|P01023|A2MG_HUMAN,A2M,869,11824100.0,173781000.0,,,-1.0,-1.0,-1,,0,0,0
MS_UNDEP_PL_LAC_bRPLC_NGP_06A.36937.36937.4.1.dta,MS_UNDEP_PL_LAC_bRPLC_NGP_06A.36937.36937.4.1.dta,MS_UNDEP_PL_LAC_bRPLC_NGP_06A,36937,6544.0746,4758.14334,1190.29129,4,1,SLGNVJFTVSAEALESQELCGTEVPSVPEHGRK,"20,Carbamidomethyl[C];",3541.72275,5 2 0 0,H(5)N(2),(N(N(H(H(H))(H(H))))),1637,0 1 0 0;3 2 0 0;4 2 0 0;,1216.42286,6,13.26886,19.28317,2.09944,2,-0.00227,-0.47811,0.375,0.34375,0.0,0,0,15255.2,12109.3,68575.3,67944.8,0.0,0.0,0,0.0699464569407288,0.0063910768611062,-1,0.0,0.0063910768611062,sp|P01023|A2MG_HUMAN,A2M,869,37159500.0,524614000.0,,,-1.0,-1.0,-1,,0,0,0
MS_UNDEP_PL_LAC_bRPLC_NGP_06A.37034.37034.4.1.dta,MS_UNDEP_PL_LAC_bRPLC_NGP_06A.37034.37034.4.1.dta,MS_UNDEP_PL_LAC_bRPLC_NGP_06A,37034,6559.7682,4877.27412,1220.07399,4,1,LSLHRPALEDLLLGSEAJLTCTLTGLR,"21,Carbamidomethyl[C];",2963.59827,5 4 1 0,H(5)N(4)A(1),(N(N(H(H(N(H)))(H(N(H(A))))))),2036,0 1 0 0;0 2 0 0;1 2 0 0;2 2 0 0;3 2 0 0;3 3 0 0;4 3 1 0;5 4 0 0;,1913.67702,18,46.07062,45.57639,46.98848,7,-0.00118,-0.24122,0.625,0.51923,0.0,0,0,0.0,775238.9,648935.7,1034580.6,119368.9,322114.5,0,3.101371880297688e-61,6.507352654811328e-63,-1,0.0,6.507352654811328e-63,sp|P01876|IGHA1_HUMAN;sp|P01877|IGHA2_HUMAN,IGHA1;IGHA2,144;131,35957000.0,485448000.0,,,-1.0,-1.0,-1,,0,0,0
MS_UNDEP_PL_LAC_bRPLC_NGP_06A.37138.37138.4.1.dta,MS_UNDEP_PL_LAC_bRPLC_NGP_06A.37138.37138.4.1.dta,MS_UNDEP_PL_LAC_bRPLC_NGP_06A,37138,6576.7512,4758.14474,1190.29164,4,1,SLGNVJFTVSAEALESQELCGTEVPSVPEHGRK,"20,Carbamidomethyl[C];",3541.72275,5 2 0 0,H(5)N(2),(N(N(H(H)(H(H(H)))))),2249,0 1 0 0;0 2 0 0;2 2 0 0;3 2 0 0;4 2 0 0;,1216.42286,6,24.80044,27.77153,19.28269,5,-0.00087,-0.18304,0.75,0.40625,0.0,0,0,26725.4,38504.6,118969.3,106848.0,0.0,0.0,0,2.0345339343807903e-22,1.3538298495711043e-24,-1,0.0,1.3538298495711043e-24,sp|P01023|A2MG_HUMAN,A2M,869,19628900.0,252321000.0,,,-1.0,-1.0,-1,,0,0,0
MS_UNDEP_PL_LAC_bRPLC_NGP_06A.37233.37233.4.1.dta,MS_UNDEP_PL_LAC_bRPLC_NGP_06A.37233.37233.4.1.dta,MS_UNDEP_PL_LAC_bRPLC_NGP_06A,37233,6592.2048,4715.22133,1179.56079,4,1,LSLHRPALEDLLLGSEAJLTCTLTGLR,"21,Carbamidomethyl[C];",2963.59827,4 4 1 0,H(4)N(4)A(1),(N(N(H(H(N))(H(N(H(A))))))),2205,0 1 0 0;0 2 0 0;1 2 0 0;2 2 0 0;2 3 0 0;3 2 0 0;3 3 0 0;3 3 1 0;3 4 0 0;4 3 0 0;4 3 1 0;4 4 0 0;,1751.6242,18,79.69553,57.89052,120.19055,7,-0.00114,-0.242,1.0,0.53846,0.0,0,0,0.0,730664.3,1431597.9,1391859.1,194608.2,548550.3,0,2.6393715410649524e-167,1.6496072620906961e-168,-1,0.0,1.6496072620906961e-168,sp|P01876|IGHA1_HUMAN;sp|P01877|IGHA2_HUMAN,IGHA1;IGHA2,144;131,37357600.0,487503000.0,,,-1.0,-1.0,-1,,0,0,0
MS_UNDEP_PL_LAC_bRPLC_NGP_06A.37329.37329.4.1.dta,MS_UNDEP_PL_LAC_bRPLC_NGP_06A.37329.37329.4.1.dta,MS_UNDEP_PL_LAC_bRPLC_NGP_06A,37329,6607.857,4758.14477,1190.29165,4,1,SLGNVJFTVSAEALESQELCGTEVPSVPEHGRK,"20,Carbamidomethyl[C];",3541.72275,5 2 0 0,H(5)N(2),(N(N(H(H)(H(H)(H))))),2257,0 1 0 0;2 2 0 0;3 2 0 0;4 2 0 0;,1216.42286,6,28.06996,36.2723,12.83703,4,-0.00084,-0.17715,0.625,0.46875,0.0,0,0,29049.3,31603.7,107353.2,114506.8,0.0,0.0,0,1.0824222214626021e-13,1.7060569025858333e-15,-1,0.0,1.7060569025858333e-15,sp|P01023|A2MG_HUMAN,A2M,869,19628900.0,252321000.0,,,-1.0,-1.0,-1,,0,0,0
MS_UNDEP_PL_LAC_bRPLC_NGP_06A.37378.37378.4.1.dta,MS_UNDEP_PL_LAC_bRPLC_NGP_06A.37378.37378.4.1.dta,MS_UNDEP_PL_LAC_bRPLC_NGP_06A,37378,6615.8598,4512.14185,1128.79092,4,1,LSLHRPALEDLLLGSEAJLTCTLTGLR,"21,Carbamidomethyl[C];",2963.59827,4 3 1 0,H(4)N(3)A(1),(N(N(H(H)(H(N(H(A))))))),2270,0 1 0 0;0 2 0 0;1 2 0 0;2 2 0 0;3 2 0 0;3 3 0 0;4 3 0 0;,1548.54483,18,31.09481,32.38067,28.70679,6,-0.00125,-0.27671,0.72727,0.46154,0.0,0,0,0.0,109357.9,133337.0,159740.1,22658.0,77429.2,0,3.1109492224646066e-35,7.522238829171941e-37,-1,0.0,7.522238829171941e-37,sp|P01876|IGHA1_HUMAN;sp|P01877|IGHA2_HUMAN,IGHA1;IGHA2,144;131,4365410.0,51739600.0,,,-1.0,-1.0,-1,,0,0,0
MS_UNDEP_PL_LAC_bRPLC_NGP_06A.37524.37524.4.2.dta,MS_UNDEP_PL_LAC_bRPLC_NGP_06A.37524.37524.4.2.dta,MS_UNDEP_PL_LAC_bRPLC_NGP_06A,37524,6639.78,4758.14682,1190.29216,4,1,SLGNVJFTVSAEALESQELCGTEVPSVPEHGRK,"20,Carbamidomethyl[C];",3541.72275,5 2 0 0,H(5)N(2),(N(N(H(H)(H(H(H)))))),2249,0 1 0 0;0 2 0 0;3 2 0 0;4 2 0 0;,1216.42286,6,10.26145,9.11442,12.39166,4,0.0012,0.25243,0.625,0.20312,0.0,0,0,22212.2,24085.8,83018.4,77123.9,0.0,0.0,0,4.3490571563051366e-13,8.235997338461006e-15,-1,0.0,8.235997338461006e-15,sp|P01023|A2MG_HUMAN,A2M,869,36464300.0,506427000.0,,,-1.0,-1.0,-1,,0,0,0
MS_UNDEP_PL_LAC_bRPLC_NGP_06A.37717.37717.4.2.dta,MS_UNDEP_PL_LAC_bRPLC_NGP_06A.37717.37717.4.2.dta,MS_UNDEP_PL_LAC_bRPLC_NGP_06A,37717,6670.9092,4758.14966,1190.29287,4,1,SLGNVJFTVSAEALESQELCGTEVPSVPEHGRK,"20,Carbamidomethyl[C];",3541.72275,5 2 0 0,H(5)N(2),(N(N(H(H)(H(H)(H))))),2257,0 1 0 0;2 2 0 0;3 2 0 0;4 2 0 0;,1216.42286,6,29.9538,39.84514,11.58417,4,0.00405,0.85014,0.625,0.51562,0.0,0,0,24643.6,31640.5,117903.9,115760.2,0.0,0.0,0,5.385278254991439e-12,1.2391428707603432e-13,-1,0.0,1.2391428707603432e-13,sp|P01023|A2MG_HUMAN,A2M,869,40710200.0,548877000.0,,,-1.0,-1.0,-1,,0,0,0
MS_UNDEP_PL_LAC_bRPLC_NGP_06A.38118.38118.4.2.dta,MS_UNDEP_PL_LAC_bRPLC_NGP_06A.38118.38118.4.2.dta,MS_UNDEP_PL_LAC_bRPLC_NGP_06A,38118,6736.0134,4758.15059,1190.2931,4,1,SLGNVJFTVSAEALESQELCGTEVPSVPEHGRK,"20,Carbamidomethyl[C];",3541.72275,5 2 0 0,H(5)N(2),(N(N(H(H(H))(H(H))))),1637,0 1 0 0;0 2 0 0;4 2 0 0;,1216.42286,6,15.53753,20.97729,5.43513,3,0.00498,1.04601,0.5,0.35938,0.0,0,0,18666.1,33453.7,85508.1,86543.1,0.0,8201.5,0,6.27712435639609e-05,3.004617558540566e-06,-1,0.0,3.004617558540566e-06,sp|P01023|A2MG_HUMAN,A2M,869,26686200.0,372189000.0,,,-1.0,-1.0,-1,,0,0,0
MS_UNDEP_PL_LAC_bRPLC_NGP_06A.38329.38329.4.1.dta,MS_UNDEP_PL_LAC_bRPLC_NGP_06A.38329.38329.4.1.dta,MS_UNDEP_PL_LAC_bRPLC_NGP_06A,38329,6770.1348,4758.14475,1190.29165,4,1,SLGNVJFTVSAEALESQELCGTEVPSVPEHGRK,"20,Carbamidomethyl[C];",3541.72275,5 2 0 0,H(5)N(2),(N(N(H(H(H))(H(H))))),1637,0 1 0 0;3 2 0 0;4 2 0 0;,1216.42286,6,9.74101,12.4988,4.6194,3,-0.00086,-0.18135,0.5,0.26562,0.0,0,0,13609.3,18541.0,3851.9,69067.4,0.0,6263.4,0,0.0004431417327778,1.8301339646458927e-05,-1,0.0,1.8301339646458927e-05,sp|P01023|A2MG_HUMAN,A2M,869,23571900.0,333939000.0,,,-1.0,-1.0,-1,,0,0,0
MS_UNDEP_PL_LAC_bRPLC_NGP_06A.38520.38520.4.3.dta,MS_UNDEP_PL_LAC_bRPLC_NGP_06A.38520.38520.4.3.dta,MS_UNDEP_PL_LAC_bRPLC_NGP_06A,38520,6800.94,5168.37156,1292.84835,4,1,LSLHRPALEDLLLGSEAJLTCTLTGLR,"21,Carbamidomethyl[C];",2963.59827,5 4 2 0,H(5)N(4)A(2),(N(N(H(H(N(H(A))))(H(N(H(A))))))),1791,0 1 0 0;0 2 0 0;2 2 0 0;3 2 0 0;3 3 0 0;3 3 1 0;4 3 0 0;4 3 1 0;5 4 0 0;5 4 1 0;,2204.77244,18,17.43876,11.21168,29.00336,5,0.00085,0.16465,0.64706,0.26923,0.0,0,0,0.0,178095.5,192981.3,250546.3,49296.6,132689.2,0,1.1985332564585762e-35,2.2877444064265574e-37,-1,0.0,2.2877444064265574e-37,sp|P01876|IGHA1_HUMAN;sp|P01877|IGHA2_HUMAN,IGHA1;IGHA2,144;131,1210080.0,13131400.0,,,-1.0,-1.0,-1,,0,0,0
MS_UNDEP_PL_LAC_bRPLC_NGP_06A.38532.38532.4.1.dta,MS_UNDEP_PL_LAC_bRPLC_NGP_06A.38532.38532.4.1.dta,MS_UNDEP_PL_LAC_bRPLC_NGP_06A,38532,6802.893,4758.14482,1190.29166,4,1,SLGNVJFTVSAEALESQELCGTEVPSVPEHGRK,"20,Carbamidomethyl[C];",3541.72275,5 2 0 0,H(5)N(2),(N(N(H(H(H))(H(H))))),1637,0 1 0 0;2 2 0 0;4 2 0 0;,1216.42286,6,17.70715,24.3802,5.31435,3,-0.0008,-0.1679,0.5,0.375,0.0,0,0,19140.6,25739.4,90531.7,89229.7,0.0,0.0,0,8.362526136447318e-05,3.964771041936608e-06,-1,0.0,3.964771041936608e-06,sp|P01023|A2MG_HUMAN,A2M,869,19342800.0,270713000.0,,,-1.0,-1.0,-1,,0,0,0
MS_UNDEP_PL_LAC_bRPLC_NGP_06A.38954.38954.3.0.dta,MS_UNDEP_PL_LAC_bRPLC_NGP_06A.38954.38954.3.0.dta,MS_UNDEP_PL_LAC_bRPLC_NGP_06A,38954,6871.3476,3960.66787,1320.89414,3,1,YLGJATAIFFLPDEGK,,1755.89521,5 4 2 0,H(5)N(4)A(2),(N(N(H(H(N(H(A))))(H(N(H(A))))))),1791,0 1 0 0;0 2 0 0;1 2 0 0;3 2 0 0;3 3 0 0;3 3 1 0;4 3 0 0;4 3 1 0;5 4 0 0;,2204.77244,4,19.06198,17.21684,22.48868,5,0.00022,0.0568,0.58824,0.53333,0.0,0,0,0.0,335577.0,389168.3,412220.1,85912.1,192950.9,0,9.822114520946644e-27,7.770520473398296e-29,-1,0.0,7.770520473398296e-29,sp|P01009|A1AT_HUMAN,SERPINA1,271,5943310.0,42433900.0,,,-1.0,-1.0,-1,,0,0,0
MS_UNDEP_PL_LAC_bRPLC_NGP_06A.38987.38987.4.3.dta,MS_UNDEP_PL_LAC_bRPLC_NGP_06A.38987.38987.4.3.dta,MS_UNDEP_PL_LAC_bRPLC_NGP_06A,38987,6876.6648,3960.66667,990.92213,4,1,YLGJATAIFFLPDEGK,,1755.89521,5 4 2 0,H(5)N(4)A(2),(N(N(H(H(N(H(A))))(H(N(H(A))))))),1791,0 1 0 0;0 2 0 0;1 2 0 0;2 2 0 0;3 2 0 0;3 3 0 0;4 3 0 0;4 3 1 0;,2204.77244,4,22.53695,19.22236,28.69263,6,-0.00097,-0.24593,0.52941,0.56667,0.0,0,0,0.0,166794.3,178149.4,177353.1,46214.2,121447.1,0,3.25574177362921e-35,9.497716708263553e-37,-1,0.0,9.497716708263553e-37,sp|P01009|A1AT_HUMAN,SERPINA1,271,836612.0,7663210.0,,,-1.0,-1.0,-1,,0,0,0
MS_UNDEP_PL_LAC_bRPLC_NGP_06A.39143.39143.4.1.dta,MS_UNDEP_PL_LAC_bRPLC_NGP_06A.39143.39143.4.1.dta,MS_UNDEP_PL_LAC_bRPLC_NGP_06A,39143,6901.8612,4758.14668,1190.29213,4,1,SLGNVJFTVSAEALESQELCGTEVPSVPEHGRK,"20,Carbamidomethyl[C];",3541.72275,5 2 0 0,H(5)N(2),(N(N(H(H(H))(H(H))))),1637,0 1 0 0;2 2 0 0;3 2 0 0;4 2 0 0;,1216.42286,6,20.48977,25.45203,11.27416,4,0.00107,0.22385,0.625,0.39062,0.0,0,0,19170.2,23057.8,100964.0,82473.6,0.0,0.0,0,1.4098526519896475e-11,3.577363461103375e-13,-1,0.0,3.577363461103375e-13,sp|P01023|A2MG_HUMAN,A2M,869,19391900.0,275897000.0,,,-1.0,-1.0,-1,,0,0,0
MS_UNDEP_PL_LAC_bRPLC_NGP_06A.39214.39214.4.1.dta,MS_UNDEP_PL_LAC_bRPLC_NGP_06A.39214.39214.4.1.dta,MS_UNDEP_PL_LAC_bRPLC_NGP_06A,39214,6913.3656,5729.61504,1433.15922,4,1,SSVITLNTNAELFJQSDIVAHLLSSSSSVIDALQYK,,3864.98654,9 2 0 0,H(9)N(2),(N(N(H(H(H(H(H))))(H(H(H(H))))))),1436,0 1 0 0;3 2 0 0;4 2 0 0;5 2 0 0;,1864.63416,14,26.94807,38.84444,4.85482,3,-0.00566,-0.98709,0.41667,0.44286,0.0,0,0,103734.0,66766.3,187018.5,138707.9,0.0,0.0,0,0.0002511774746778,9.977808004092414e-06,-1,0.0,9.977808004092414e-06,sp|P04114|APOB_HUMAN,APOB,3358,639417.0,15065000.0,,,-1.0,-1.0,-1,,0,0,0
MS_UNDEP_PL_LAC_bRPLC_NGP_06A.39335.39335.4.1.dta,MS_UNDEP_PL_LAC_bRPLC_NGP_06A.39335.39335.4.1.dta,MS_UNDEP_PL_LAC_bRPLC_NGP_06A,39335,6932.9772,4758.14544,1190.29182,4,1,SLGNVJFTVSAEALESQELCGTEVPSVPEHGRK,"20,Carbamidomethyl[C];",3541.72275,5 2 0 0,H(5)N(2),(N(N(H(H(H))(H(H))))),1637,0 1 0 0;2 2 0 0;3 2 0 0;4 2 0 0;,1216.42286,6,22.17411,28.34781,10.70867,4,-0.00017,-0.03592,0.625,0.39062,0.0,0,0,22721.8,23305.8,98708.0,93059.3,0.0,0.0,0,8.069642409073986e-11,1.4649304803504281e-12,-1,0.0,1.4649304803504281e-12,sp|P01023|A2MG_HUMAN,A2M,869,17072000.0,256585000.0,,,-1.0,-1.0,-1,,0,0,0
MS_UNDEP_PL_LAC_bRPLC_NGP_06A.39485.39485.5.0.dta,MS_UNDEP_PL_LAC_bRPLC_NGP_06A.39485.39485.5.0.dta,MS_UNDEP_PL_LAC_bRPLC_NGP_06A,39485,6957.1542,5896.60007,1180.12583,5,1,ADTHDEILEGLNFJLTEIPEAQIHEGFQELLR,,3691.82385,5 4 2 0,H(5)N(4)A(2),(N(N(H(H(N(H(A))))(H(N(H(A))))))),1791,0 1 0 0;1 2 0 0;4 3 0 0;4 3 1 0;5 4 1 0;,2204.77244,14,6.02462,6.58207,4.98937,3,0.00378,0.6407,0.35294,0.16129,0.0,0,0,0.0,84441.3,95616.7,107236.4,25745.9,74683.9,0,0.0001817911665866,6.956190996243181e-06,-1,0.0041493775933609,0.0041563267675985,sp|P01009|A1AT_HUMAN,SERPINA1,107,149278.0,5586330.0,,,-1.0,-1.0,-1,,0,0,0
MS_UNDEP_PL_LAC_bRPLC_NGP_06A.39527.39527.4.1.dta,MS_UNDEP_PL_LAC_bRPLC_NGP_06A.39527.39527.4.1.dta,MS_UNDEP_PL_LAC_bRPLC_NGP_06A,39527,6964.1184,4758.14504,1190.29172,4,1,SLGNVJFTVSAEALESQELCGTEVPSVPEHGRK,"20,Carbamidomethyl[C];",3541.72275,5 2 0 0,H(5)N(2),(N(N(H(H)(H(H)(H))))),2257,0 1 0 0;2 2 0 0;3 2 0 0;4 2 0 0;,1216.42286,6,23.52645,25.98874,18.95364,5,-0.00058,-0.12167,0.75,0.40625,0.0,0,0,20704.6,26683.8,93715.7,100047.7,0.0,0.0,0,5.6490019129525095e-22,9.681997649999069e-24,-1,0.0,9.681997649999069e-24,sp|P01023|A2MG_HUMAN,A2M,869,21620700.0,304185000.0,,,-1.0,-1.0,-1,,0,0,0
MS_UNDEP_PL_LAC_bRPLC_NGP_06A.39720.39720.4.3.dta,MS_UNDEP_PL_LAC_bRPLC_NGP_06A.39720.39720.4.3.dta,MS_UNDEP_PL_LAC_bRPLC_NGP_06A,39720,6995.478,4759.14776,1190.5424,4,1,SLGNVJFTVSAEALESQELCGTEVPSVPEHGRK,"20,Carbamidomethyl[C];17,Deamidated[Q];",3542.70677,5 2 0 0,H(5)N(2),(N(N(H(H)(H(H(H)))))),2249,0 2 0 0;1 2 0 0;2 2 0 0;3 2 0 0;4 2 0 0;,1216.42286,6,15.1294,13.74165,17.70665,5,0.01813,3.80847,0.75,0.25,0.0,0,0,21490.2,17794.1,93336.7,4730.2,0.0,0.0,0,2.7211549513028123e-20,4.272876923958753e-22,-1,0.0,4.272876923958753e-22,sp|P01023|A2MG_HUMAN,A2M,869,56210600.0,297283000.0,,,-1.0,-1.0,-1,,0,0,0
MS_UNDEP_PL_LAC_bRPLC_NGP_06A.39915.39915.4.1.dta,MS_UNDEP_PL_LAC_bRPLC_NGP_06A.39915.39915.4.1.dta,MS_UNDEP_PL_LAC_bRPLC_NGP_06A,39915,7026.9828,4758.14388,1190.29143,4,1,SLGNVJFTVSAEALESQELCGTEVPSVPEHGRK,"20,Carbamidomethyl[C];",3541.72275,5 2 0 0,H(5)N(2),(N(N(H(H(H))(H(H))))),1637,0 1 0 0;0 2 0 0;3 2 0 0;4 2 0 0;,1216.42286,6,19.67024,23.92379,11.7708,4,-0.00174,-0.36546,0.625,0.375,0.0,0,0,21841.1,39446.8,98872.7,111744.4,0.0,12213.3,0,3.0133290289029094e-12,4.8285370482422045e-14,-1,0.0,4.8285370482422045e-14,sp|P01023|A2MG_HUMAN,A2M,869,19604200.0,256608000.0,,,-1.0,-1.0,-1,,0,0,0
MS_UNDEP_PL_LAC_bRPLC_NGP_06A.40108.40108.4.1.dta,MS_UNDEP_PL_LAC_bRPLC_NGP_06A.40108.40108.4.1.dta,MS_UNDEP_PL_LAC_bRPLC_NGP_06A,40108,7058.2146,4758.14572,1190.29189,4,1,SLGNVJFTVSAEALESQELCGTEVPSVPEHGRK,"20,Carbamidomethyl[C];",3541.72275,5 2 0 0,H(5)N(2),(N(N(H(H(H))(H(H))))),1637,0 1 0 0;3 2 0 0;4 2 0 0;,1216.42286,6,13.31008,17.45211,5.61772,3,0.00011,0.02293,0.5,0.3125,0.0,0,0,18353.6,71315.2,132532.8,126657.4,12007.1,28414.5,0,4.076242856888388e-05,1.5990796546649958e-06,-1,0.0,1.5990796546649958e-06,sp|P01023|A2MG_HUMAN,A2M,869,25894800.0,348959000.0,,,-1.0,-1.0,-1,,0,0,0
MS_UNDEP_PL_LAC_bRPLC_NGP_06A.40311.40311.4.1.dta,MS_UNDEP_PL_LAC_bRPLC_NGP_06A.40311.40311.4.1.dta,MS_UNDEP_PL_LAC_bRPLC_NGP_06A,40311,7091.2074,4758.14757,1190.29235,4,1,SLGNVJFTVSAEALESQELCGTEVPSVPEHGRK,"20,Carbamidomethyl[C];",3541.72275,5 2 0 0,H(5)N(2),(N(N(H(H(H))(H(H))))),1637,0 1 0 0;3 2 0 0;4 2 0 0;,1216.42286,6,17.22946,23.54987,5.49155,3,0.00196,0.41131,0.5,0.375,0.0,0,0,21565.0,76522.4,136511.7,126523.3,18960.7,46933.7,0,5.4918143032545225e-05,2.599260527920852e-06,-1,0.0,2.599260527920852e-06,sp|P01023|A2MG_HUMAN,A2M,869,19210700.0,247413000.0,,,-1.0,-1.0,-1,,0,0,0
MS_UNDEP_PL_LAC_bRPLC_NGP_06A.40508.40508.4.1.dta,MS_UNDEP_PL_LAC_bRPLC_NGP_06A.40508.40508.4.1.dta,MS_UNDEP_PL_LAC_bRPLC_NGP_06A,40508,7123.1988,4758.14728,1190.29228,4,1,SLGNVJFTVSAEALESQELCGTEVPSVPEHGRK,"20,Carbamidomethyl[C];",3541.72275,5 2 0 0,H(5)N(2),(N(N(H(H)(H(H(H)))))),2249,0 1 0 0;0 2 0 0;3 2 0 0;4 2 0 0;,1216.42286,6,22.25567,28.15768,11.29479,4,0.00167,0.35079,0.625,0.39062,0.0,0,0,19030.8,33347.9,88662.1,101336.5,0.0,7654.9,0,1.3225212084139248e-11,2.191968402271044e-13,-1,0.0,2.191968402271044e-13,sp|P01023|A2MG_HUMAN,A2M,869,25354800.0,333964000.0,,,-1.0,-1.0,-1,,0,0,0
MS_UNDEP_PL_LAC_bRPLC_NGP_06A.40695.40695.4.3.dta,MS_UNDEP_PL_LAC_bRPLC_NGP_06A.40695.40695.4.3.dta,MS_UNDEP_PL_LAC_bRPLC_NGP_06A,40695,7153.7898,4758.14751,1190.29234,4,1,SLGNVJFTVSAEALESQELCGTEVPSVPEHGRK,"20,Carbamidomethyl[C];",3541.72275,5 2 0 0,H(5)N(2),(N(N(H(H)(H(H)(H))))),2257,0 1 0 0;3 2 0 0;4 2 0 0;,1216.42286,6,19.53855,27.04168,5.60416,3,0.0019,0.3987,0.5,0.40625,0.0,0,0,20231.5,52208.0,110787.8,118440.9,8350.0,21520.2,0,4.208720022403612e-05,1.7954232467157156e-06,-1,0.0,1.7954232467157156e-06,sp|P01023|A2MG_HUMAN,A2M,869,18478300.0,242040000.0,,,-1.0,-1.0,-1,,0,0,0
MS_UNDEP_PL_LAC_bRPLC_NGP_06A.40887.40887.4.1.dta,MS_UNDEP_PL_LAC_bRPLC_NGP_06A.40887.40887.4.1.dta,MS_UNDEP_PL_LAC_bRPLC_NGP_06A,40887,7185.0528,4758.14834,1190.29254,4,1,SLGNVJFTVSAEALESQELCGTEVPSVPEHGRK,"20,Carbamidomethyl[C];",3541.72275,5 2 0 0,H(5)N(2),(N(N(H(H(H))(H(H))))),1637,0 1 0 0;3 2 0 0;4 2 0 0;,1216.42286,6,20.04901,27.8138,5.62868,3,0.00272,0.57188,0.5,0.42188,0.0,0,0,22889.8,23250.2,89792.9,80348.0,0.0,0.0,0,3.972257695673058e-05,1.3088853449355098e-06,-1,0.0,1.3088853449355098e-06,sp|P01023|A2MG_HUMAN,A2M,869,20222600.0,264287000.0,,,-1.0,-1.0,-1,,0,0,0
MS_UNDEP_PL_LAC_bRPLC_NGP_06A.41080.41080.4.1.dta,MS_UNDEP_PL_LAC_bRPLC_NGP_06A.41080.41080.4.1.dta,MS_UNDEP_PL_LAC_bRPLC_NGP_06A,41080,7216.1772,4758.14624,1190.29202,4,1,SLGNVJFTVSAEALESQELCGTEVPSVPEHGRK,"20,Carbamidomethyl[C];",3541.72275,5 2 0 0,H(5)N(2),(N(N(H(H)(H(H)(H))))),2257,0 1 0 0;2 2 0 0;4 2 0 0;,1216.42286,6,9.16452,11.60602,4.6303,3,0.00062,0.13053,0.5,0.21875,0.0,0,0,26342.3,21229.0,91056.7,87033.2,0.0,0.0,0,0.0004316240300363,1.64206395068776e-05,-1,0.0,1.64206395068776e-05,sp|P01023|A2MG_HUMAN,A2M,869,16841400.0,224240000.0,,,-1.0,-1.0,-1,,0,0,0
MS_UNDEP_PL_LAC_bRPLC_NGP_06A.41471.41471.4.1.dta,MS_UNDEP_PL_LAC_bRPLC_NGP_06A.41471.41471.4.1.dta,MS_UNDEP_PL_LAC_bRPLC_NGP_06A,41471,7278.969,4758.14203,1190.29096,4,1,SLGNVJFTVSAEALESQELCGTEVPSVPEHGRK,"20,Carbamidomethyl[C];",3541.72275,5 2 0 0,H(5)N(2),(N(N(H(H(H))(H(H))))),1637,0 1 0 0;4 2 0 0;,1216.42286,6,17.98532,26.44991,2.26538,2,-0.00359,-0.75385,0.375,0.4375,0.0,0,0,19933.2,23590.4,77876.6,81692.6,0.0,0.0,0,0.0681764818249981,0.0043068444185525,-1,0.0,0.0043068444185525,sp|P01023|A2MG_HUMAN,A2M,869,22277400.0,289568000.0,,,-1.0,-1.0,-1,,0,0,0
MS_UNDEP_PL_LAC_bRPLC_NGP_06A.41587.41587.4.1.dta,MS_UNDEP_PL_LAC_bRPLC_NGP_06A.41587.41587.4.1.dta,MS_UNDEP_PL_LAC_bRPLC_NGP_06A,41587,7297.4958,4367.94912,1092.74274,4,1,VSJQTLSLFFTVLQDVPVR,,2163.18083,5 4 2 0,H(5)N(4)A(2),(N(N(H(H(N(H(A))))(H(N(H(A))))))),1791,0 1 0 0;0 2 0 0;2 2 0 0;3 2 0 0;4 3 0 0;,2204.77244,3,9.25414,11.25066,5.54631,4,-0.00415,-0.94965,0.29412,0.38889,0.0,0,0,0.0,95700.2,99128.9,95782.6,23192.6,54394.1,0,4.824702171120632e-05,2.1178751720775613e-06,-1,0.0,2.1178751720775613e-06,sp|P01023|A2MG_HUMAN,A2M,1424,556636.0,4380550.0,,,-1.0,-1.0,-1,,0,0,0
MS_UNDEP_PL_LAC_bRPLC_NGP_06A.41662.41662.4.1.dta,MS_UNDEP_PL_LAC_bRPLC_NGP_06A.41662.41662.4.1.dta,MS_UNDEP_PL_LAC_bRPLC_NGP_06A,41662,7309.4988,4758.14235,1190.29104,4,1,SLGNVJFTVSAEALESQELCGTEVPSVPEHGRK,"20,Carbamidomethyl[C];",3541.72275,5 2 0 0,H(5)N(2),(N(N(H(H(H))(H(H))))),1637,0 1 0 0;1 2 0 0;2 2 0 0;3 2 0 0;4 2 0 0;,1216.42286,6,22.1888,24.8605,17.22706,5,-0.00327,-0.68659,0.75,0.42188,0.0,0,0,15453.0,20461.9,69087.2,68895.5,0.0,0.0,0,1.2102728503893992e-19,1.5923344810235184e-21,-1,0.0,1.5923344810235184e-21,sp|P01023|A2MG_HUMAN,A2M,869,20654500.0,268158000.0,,,-1.0,-1.0,-1,,0,0,0
MS_UNDEP_PL_LAC_bRPLC_NGP_06A.42049.42049.4.1.dta,MS_UNDEP_PL_LAC_bRPLC_NGP_06A.42049.42049.4.1.dta,MS_UNDEP_PL_LAC_bRPLC_NGP_06A,42049,7371.3918,4758.13871,1190.29013,4,1,SLGNVJFTVSAEALESQELCGTEVPSVPEHGRK,"20,Carbamidomethyl[C];",3541.72275,5 2 0 0,H(5)N(2),(N(N(H(H(H))(H(H))))),1637,0 1 0 0;2 2 0 0;3 2 0 0;4 2 0 0;,1216.42286,6,11.08884,12.49128,8.48432,4,-0.0069,-1.45076,0.625,0.29688,0.0,0,0,15976.1,17439.7,64557.4,57809.2,0.0,0.0,0,4.727837924400644e-08,1.0822596762918072e-09,-1,0.0,1.0822596762918072e-09,sp|P01023|A2MG_HUMAN,A2M,869,14328400.0,184466000.0,,,-1.0,-1.0,-1,,0,0,0
MS_UNDEP_PL_LAC_bRPLC_NGP_06A.42255.42255.4.2.dta,MS_UNDEP_PL_LAC_bRPLC_NGP_06A.42255.42255.4.2.dta,MS_UNDEP_PL_LAC_bRPLC_NGP_06A,42255,7404.2484,4758.13843,1190.29006,4,1,SLGNVJFTVSAEALESQELCGTEVPSVPEHGRK,"20,Carbamidomethyl[C];",3541.72275,5 2 0 0,H(5)N(2),(N(N(H(H(H))(H(H))))),1637,0 1 0 0;4 2 0 0;,1216.42286,6,12.21481,17.82413,1.79751,2,-0.00719,-1.51045,0.375,0.3125,0.0,0,0,13812.2,14743.5,61656.4,57872.8,0.0,4424.7,0,0.0613341685281974,0.0095158397210794,-1,0.0,0.0095158397210794,sp|P01023|A2MG_HUMAN,A2M,869,11392200.0,144309000.0,,,-1.0,-1.0,-1,,0,0,0
MS_UNDEP_PL_LAC_bRPLC_NGP_06A.42658.42658.4.1.dta,MS_UNDEP_PL_LAC_bRPLC_NGP_06A.42658.42658.4.1.dta,MS_UNDEP_PL_LAC_bRPLC_NGP_06A,42658,7468.5318,4758.14144,1190.29082,4,1,SLGNVJFTVSAEALESQELCGTEVPSVPEHGRK,"20,Carbamidomethyl[C];",3541.72275,5 2 0 0,H(5)N(2),(N(N(H(H(H))(H(H))))),1637,0 1 0 0;4 2 0 0;,1216.42286,6,11.66004,16.78027,2.15103,2,-0.00417,-0.87658,0.375,0.29688,0.0,0,0,14443.4,19908.2,59848.3,60688.7,0.0,0.0,0,0.0701238556480979,0.0058524978354582,-1,0.0,0.0058524978354582,sp|P01023|A2MG_HUMAN,A2M,869,14633900.0,186153000.0,,,-1.0,-1.0,-1,,0,0,0
MS_UNDEP_PL_LAC_bRPLC_NGP_05C.5728.5728.3.0.dta,MS_UNDEP_PL_LAC_bRPLC_NGP_05C.5728.5728.3.0.dta,MS_UNDEP_PL_LAC_bRPLC_NGP_05C,5728,1456.21878,3001.11774,1001.0441,3,1,NEEYJK,,796.34716,5 4 2 0,H(5)N(4)A(2),(N(N(H(H(N(H(A))))(H(N(H(A))))))),1791,0 1 0 0;0 2 0 0;1 2 0 0;2 2 0 0;3 2 0 0;3 3 0 0;3 3 1 0;4 3 0 0;4 3 1 0;4 4 1 0;5 4 0 0;5 4 1 0;,2204.77244,5,37.45134,17.31067,74.85543,7,-0.00187,-0.62145,0.82353,1.0,0.0,0,0,0.0,233353.0,218978.9,236536.0,70445.1,174911.0,0,8.67299480105327e-49,1.9811272558809326e-50,-1,0.0,1.9811272558809326e-50,sp|P02763|A1AG1_HUMAN;sp|P19652|A1AG2_HUMAN,ORM1;ORM2,56;56,102366000.0,468270000.0,,,-1.0,-1.0,-1,,0,0,0
MS_UNDEP_PL_LAC_bRPLC_NGP_05C.6728.6728.2.0.dta,MS_UNDEP_PL_LAC_bRPLC_NGP_05C.6728.6728.2.0.dta,MS_UNDEP_PL_LAC_bRPLC_NGP_05C,6728,1629.97236,2634.04531,1317.52629,2,1,EEQYJSTYR,,1189.51199,3 4 0 1,H(3)N(4)F(1),(N(F)(N(H(H(N))(H(N))))),679,0 1 0 0;0 1 0 1;0 2 0 0;0 2 0 1;1 2 0 0;1 2 0 1;2 2 0 0;2 2 0 1;2 3 0 0;2 3 0 1;3 2 0 0;3 2 0 1;3 3 0 0;3 3 0 1;3 4 0 0;,1444.53387,5,49.2966,9.45236,123.29305,9,-0.00055,-0.20915,1.0,0.5625,0.0,0,0,0.0,80160.6,475139.3,367590.4,0.0,0.0,0,4.750038955776816e-80,1.3694889283943598e-81,-1,0.0,1.3694889283943598e-81,sp|P01857|IGHG1_HUMAN,IGHG1,180,17176700.0,68978000.0,,,-1.0,-1.0,-1,,0,0,0
MS_UNDEP_PL_LAC_bRPLC_NGP_05C.8893.8893.3.1.dta,MS_UNDEP_PL_LAC_bRPLC_NGP_05C.8893.8893.3.1.dta,MS_UNDEP_PL_LAC_bRPLC_NGP_05C,8893,1984.13784,2723.09877,908.37111,3,1,EEQFJSTFR,,1157.52218,5 3 0 1,H(5)N(3)F(1),(N(F)(N(H(H)(H(N(H(H))))))),702,0 1 0 0;0 1 0 1;0 2 0 0;0 2 0 1;1 2 0 0;1 2 0 1;2 2 0 0;2 2 0 1;2 3 0 0;3 2 0 0;3 2 0 1;3 3 0 0;3 3 0 1;,1565.56014,5,53.25594,35.74425,85.77766,9,0.01645,6.04119,0.78947,1.0,0.0,0,0,0.0,983759.6,1419135.3,1879605.5,0.0,0.0,0,9.065445854452947e-56,1.8847494257826132e-57,-1,0.0,1.8847494257826132e-57,sp|P01859|IGHG2_HUMAN,IGHG2,176,105008000.0,252941000.0,,,-1.0,-1.0,-1,,0,0,0
MS_UNDEP_PL_LAC_bRPLC_NGP_05C.8925.8925.3.0.dta,MS_UNDEP_PL_LAC_bRPLC_NGP_05C.8925.8925.3.0.dta,MS_UNDEP_PL_LAC_bRPLC_NGP_05C,8925,1989.3219,3803.40442,1268.47299,3,1,NEEYJK,,796.34716,6 5 3 1,H(6)N(5)A(3)F(1),(N(N(H(H(N(F)(H(A))))(H(N(H(A)))(N(H(A))))))),1686,0 1 0 0;0 2 0 0;1 2 0 0;2 2 0 0;3 3 0 0;3 3 1 0;4 3 0 0;4 4 1 0;5 4 0 0;5 4 1 0;5 4 1 1;5 4 2 0;5 4 2 1;5 5 1 0;,3007.05796,5,18.64454,13.93808,27.38511,6,-0.0007,-0.18518,0.31373,0.9,0.0,0,0,0.0,198138.2,194505.6,195083.5,83988.3,169031.4,0,1.270983518270355e-18,3.019007367341194e-20,-1,0.0,3.019007367341194e-20,sp|P02763|A1AG1_HUMAN;sp|P19652|A1AG2_HUMAN,ORM1;ORM2,56;56,5945140.0,41198300.0,,,-1.0,-1.0,-1,,0,0,0
MS_UNDEP_PL_LAC_bRPLC_NGP_05C.9053.9053.3.3.dta,MS_UNDEP_PL_LAC_bRPLC_NGP_05C.9053.9053.3.3.dta,MS_UNDEP_PL_LAC_bRPLC_NGP_05C,9053,2010.0402,2764.1255,922.04668,3,1,EEQFJSTFR,,1157.52218,4 4 0 1,H(4)N(4)F(1),(N(F)(N(H(H)(N)(H(N(H)))))),746,0 1 0 0;0 1 0 1;0 2 0 0;0 2 0 1;1 2 0 0;1 3 0 0;2 2 0 0;2 2 0 1;2 3 0 0;2 3 0 1;2 4 0 0;2 4 0 1;3 4 0 0;3 4 0 1;4 3 0 0;,1606.58669,5,21.18461,7.39191,46.79962,8,0.01663,6.01624,0.68,0.4375,0.0,0,0,0.0,45078.5,342587.9,212525.4,0.0,0.0,0,1.2195731898127308e-30,1.2784821439297952e-32,-1,0.006787330316742,0.006787330316742,sp|P01859|IGHG2_HUMAN,IGHG2,176,17557000.0,45744300.0,,,-1.0,-1.0,-1,,0,0,0
MS_UNDEP_PL_LAC_bRPLC_NGP_05C.9055.9055.3.0.dta,MS_UNDEP_PL_LAC_bRPLC_NGP_05C.9055.9055.3.0.dta,MS_UNDEP_PL_LAC_bRPLC_NGP_05C,9055,2010.34578,2780.10324,927.3726,3,1,EEQFJSTYR,,1173.51708,4 4 0 1,H(4)N(4)F(1),(N(F)(N(H(H(N))(H(N(H)))))),670,0 1 0 0;0 1 0 1;0 2 0 0;0 2 0 1;1 2 0 0;1 2 0 1;2 2 0 0;2 2 0 1;2 3 0 0;2 3 0 1;3 2 0 0;3 2 0 1;3 3 0 0;3 3 0 1;4 3 0 0;4 3 0 1;,1606.58669,5,46.16317,10.20425,112.94403,9,-0.00053,-0.19221,0.85714,0.5,0.0,0,0,0.0,481561.7,890975.8,760005.6,0.0,0.0,0,2.537809003099524e-73,6.820159386179816e-75,-1,0.0,6.820159386179816e-75,sp|P01861|IGHG4_HUMAN,IGHG4,177,25953300.0,110868000.0,,,-1.0,-1.0,-1,,0,0,0
MS_UNDEP_PL_LAC_bRPLC_NGP_05C.9930.9930.3.0.dta,MS_UNDEP_PL_LAC_bRPLC_NGP_05C.9930.9930.3.0.dta,MS_UNDEP_PL_LAC_bRPLC_NGP_05C,9930,2152.03764,3723.48209,1241.83221,3,1,HYTJSSQDVTVPCR,"13,Carbamidomethyl[C];",1663.74929,5 4 1 1,H(5)N(4)A(1)F(1),(N(F)(N(H(H(N(H)))(H(N(H(A))))))),490,0 1 0 0;0 1 0 1;0 2 0 0;0 2 0 1;1 2 0 0;1 2 0 1;2 2 0 0;2 2 0 1;2 3 0 0;2 3 0 1;3 2 0 0;3 2 0 1;3 3 0 0;3 3 0 1;3 3 1 1;4 3 0 0;4 3 0 1;4 3 1 0;4 3 1 1;4 4 0 1;5 4 0 1;,2059.73493,4,39.5182,10.28024,93.81728,9,-0.00213,-0.57186,0.74194,0.42308,0.0,0,0,0.0,245443.0,194602.6,309512.9,36592.3,88972.9,0,6.255694712552944e-61,1.5391271208427627e-62,-1,0.0,1.5391271208427627e-62,sp|P01877|IGHA2_HUMAN,IGHA2,92,12409400.0,86770600.0,,,-1.0,-1.0,-1,,0,0,0
MS_UNDEP_PL_LAC_bRPLC_NGP_05C.9945.9945.4.1.dta,MS_UNDEP_PL_LAC_bRPLC_NGP_05C.9945.9945.4.1.dta,MS_UNDEP_PL_LAC_bRPLC_NGP_05C,9945,2154.43896,3723.48288,931.62618,4,1,HYTJSSQDVTVPCR,"13,Carbamidomethyl[C];",1663.74929,5 4 1 1,H(5)N(4)A(1)F(1),(N(F)(N(H(H(N(H)))(H(N(H(A))))))),490,0 1 0 0;0 1 0 1;0 2 0 0;1 2 0 0;1 2 0 1;2 2 0 0;2 2 0 1;3 2 0 0;3 2 0 1;3 3 0 1;4 3 0 0;4 3 0 1;,2059.73493,4,13.61599,10.91234,18.63705,6,-0.00134,-0.35969,0.3871,0.5,0.0,0,0,0.0,129591.2,92435.3,135578.4,22459.0,54367.4,0,9.94629699840499e-13,2.1791486537999132e-14,-1,0.0,2.1791486537999132e-14,sp|P01877|IGHA2_HUMAN,IGHA2,92,2276910.0,14773500.0,,,-1.0,-1.0,-1,,0,0,0
MS_UNDEP_PL_LAC_bRPLC_NGP_05C.9967.9967.3.2.dta,MS_UNDEP_PL_LAC_bRPLC_NGP_05C.9967.9967.3.2.dta,MS_UNDEP_PL_LAC_bRPLC_NGP_05C,9967,2158.1061,2823.22819,941.74758,3,1,FVEGSHJSTVSLTTK,,1606.80713,5 2 0 0,H(5)N(2),(N(N(H(H)(H(H)(H))))),2257,0 1 0 0;0 2 0 0;1 2 0 0;2 2 0 0;3 2 0 0;4 2 0 0;,1216.42286,7,34.04155,15.52737,68.42504,7,-0.0018,-0.63789,1.0,0.42857,0.0,0,0,57012.9,43385.5,112108.9,136936.4,0.0,0.0,0,1.1419953362017138e-44,1.6583451881366064e-46,-1,0.0,1.6583451881366064e-46,sp|P04114|APOB_HUMAN,APOB,3411,24814700.0,107767000.0,,,-1.0,-1.0,-1,,0,0,0
MS_UNDEP_PL_LAC_bRPLC_NGP_05C.11053.11053.3.0.dta,MS_UNDEP_PL_LAC_bRPLC_NGP_05C.11053.11053.3.0.dta,MS_UNDEP_PL_LAC_bRPLC_NGP_05C,11053,2332.9263,2764.10791,922.04082,3,1,EEQFJSTFR,,1157.52218,4 4 0 1,H(4)N(4)F(1),(N(F)(N(H(H(N))(H(N(H)))))),670,0 1 0 0;0 1 0 1;0 2 0 0;0 2 0 1;1 2 0 0;1 2 0 1;2 2 0 0;2 2 0 1;2 3 0 0;2 3 0 1;3 2 0 0;3 2 0 1;3 3 0 0;3 3 0 1;4 3 0 0;4 3 0 1;,1606.58669,5,48.86251,11.18062,118.84315,9,-0.00096,-0.34816,0.85714,0.5625,0.0,0,0,0.0,563356.8,1096826.1,918998.2,0.0,0.0,0,3.714092054073698e-77,1.3634435463917896e-78,-1,0.0,1.3634435463917896e-78,sp|P01859|IGHG2_HUMAN,IGHG2,176,59336900.0,249901000.0,,,-1.0,-1.0,-1,,0,0,0
MS_UNDEP_PL_LAC_bRPLC_NGP_05C.11165.11165.3.0.dta,MS_UNDEP_PL_LAC_bRPLC_NGP_05C.11165.11165.3.0.dta,MS_UNDEP_PL_LAC_bRPLC_NGP_05C,11165,2351.09922,2602.05481,868.02312,3,1,EEQFJSTFR,,1157.52218,3 4 0 1,H(3)N(4)F(1),(N(F)(N(H(H(N))(H(N))))),679,0 1 0 0;0 1 0 1;0 2 0 0;0 2 0 1;1 2 0 0;1 2 0 1;2 2 0 0;2 2 0 1;2 3 0 0;2 3 0 1;3 2 0 0;3 2 0 1;3 3 0 0;3 3 0 1;,1444.53387,5,64.96719,29.73058,130.40662,9,-0.00124,-0.47613,0.94118,0.875,0.0,0,0,0.0,287219.7,2913083.6,1603899.2,0.0,0.0,0,1.12268711429205e-84,3.81078570720407e-86,-1,0.0,3.81078570720407e-86,sp|P01859|IGHG2_HUMAN,IGHG2,176,54075300.0,214869000.0,,,-1.0,-1.0,-1,,0,0,0
MS_UNDEP_PL_LAC_bRPLC_NGP_05C.11241.11241.2.1.dta,MS_UNDEP_PL_LAC_bRPLC_NGP_05C.11241.11241.2.1.dta,MS_UNDEP_PL_LAC_bRPLC_NGP_05C,11241,2363.3121,2535.99644,1268.50186,2,1,EEQFJSTFR,,1157.52218,6 2 0 0,H(6)N(2),(N(N(H(H(H))(H(H)(H))))),1636,0 1 0 0;0 2 0 0;1 2 0 0;2 2 0 0;3 2 0 0;4 2 0 0;5 2 0 0;,1378.47569,5,39.70229,24.69796,67.56749,7,-0.00143,-0.56283,1.0,0.75,0.0,0,0,161820.3,194232.3,772708.7,569160.8,0.0,0.0,0,4.0606614670828204e-44,1.1930330289531225e-45,-1,0.0,1.1930330289531225e-45,sp|P01859|IGHG2_HUMAN,IGHG2,176,5229310.0,21556700.0,,,-1.0,-1.0,-1,,0,0,0
MS_UNDEP_PL_LAC_bRPLC_NGP_05C.11245.11245.3.0.dta,MS_UNDEP_PL_LAC_bRPLC_NGP_05C.11245.11245.3.0.dta,MS_UNDEP_PL_LAC_bRPLC_NGP_05C,11245,2364.03348,2780.10174,927.3721,3,1,EEQFJSTFR,,1157.52218,5 4 0 0,H(5)N(4),(N(N(H(H(N(H)))(H(N(H)))))),2054,0 1 0 0;0 2 0 0;1 2 0 0;2 2 0 0;2 3 0 0;3 2 0 0;3 3 0 0;4 3 0 0;,1622.58161,5,26.69724,9.26816,59.06553,7,-0.00205,-0.73594,0.83333,0.5625,0.0,0,0,0.0,637263.4,544784.8,825642.9,0.0,0.0,0,1.253557994968653e-38,2.719186102085486e-40,-1,0.0,2.719186102085486e-40,sp|P01859|IGHG2_HUMAN,IGHG2,176,5710080.0,378013000.0,,,-1.0,-1.0,-1,,0,0,0
MS_UNDEP_PL_LAC_bRPLC_NGP_05C.11247.11247.3.0.dta,MS_UNDEP_PL_LAC_bRPLC_NGP_05C.11247.11247.3.0.dta,MS_UNDEP_PL_LAC_bRPLC_NGP_05C,11247,2364.3408,2780.10174,927.3721,3,1,EEQFJSTFR,,1157.52218,5 4 0 0,H(5)N(4),(N(N(H(H(H))(H(N)(N(H)))))),1666,0 1 0 0;0 2 0 0;1 2 0 0;2 2 0 0;2 3 0 0;3 2 0 0;3 3 0 0;4 2 0 0;4 3 0 0;4 4 0 0;5 3 0 0;,1622.58161,5,34.8291,12.13857,76.96867,7,-0.00205,-0.73594,0.86667,0.625,0.0,0,0,0.0,757187.2,602611.9,946726.4,0.0,0.0,0,3.8679001624739595e-50,6.892500389872794e-52,-1,0.0,6.892500389872794e-52,sp|P01859|IGHG2_HUMAN,IGHG2,176,5710080.0,378013000.0,,,-1.0,-1.0,-1,,0,0,0
MS_UNDEP_PL_LAC_bRPLC_NGP_05C.11255.11255.3.0.dta,MS_UNDEP_PL_LAC_bRPLC_NGP_05C.11255.11255.3.0.dta,MS_UNDEP_PL_LAC_bRPLC_NGP_05C,11255,2365.5543,2535.99727,846.00394,3,1,EEQFJSTFR,,1157.52218,6 2 0 0,H(6)N(2),(N(N(H(H(H))(H(H(H)))))),1628,0 1 0 0;0 2 0 0;1 2 0 0;2 2 0 0;3 2 0 0;4 2 0 0;5 2 0 0;,1378.47569,5,37.16716,20.48483,68.14862,7,-0.00059,-0.23357,1.0,0.8125,0.0,0,0,118083.9,47798.4,139566.7,107882.6,0.0,0.0,0,1.7187088510225406e-44,4.441257941110524e-46,-1,0.0,4.441257941110524e-46,sp|P01859|IGHG2_HUMAN,IGHG2,176,2224000.0,7757290.0,,,-1.0,-1.0,-1,,0,0,0
MS_UNDEP_PL_LAC_bRPLC_NGP_05C.11261.11261.2.0.dta,MS_UNDEP_PL_LAC_bRPLC_NGP_05C.11261.11261.2.0.dta,MS_UNDEP_PL_LAC_bRPLC_NGP_05C,11261,2366.68278,2602.05416,1301.53072,2,1,EEQFJSTFR,,1157.52218,3 4 0 1,H(3)N(4)F(1),(N(F)(N(H(H(N))(H(N))))),679,0 1 0 0;0 1 0 1;0 2 0 0;0 2 0 1;1 2 0 0;1 2 0 1;2 2 0 0;2 2 0 1;2 3 0 0;2 3 0 1;3 2 0 0;3 2 0 1;3 3 0 0;3 3 0 1;3 4 0 0;,1444.53387,5,51.26588,9.84467,128.19098,9,-0.00188,-0.7244,1.0,0.5625,0.0,0,0,0.0,92490.1,590136.8,455648.3,0.0,0.0,0,3.101037417133812e-83,1.0939199746214546e-84,-1,0.0,1.0939199746214546e-84,sp|P01859|IGHG2_HUMAN,IGHG2,176,53323200.0,217917000.0,,,-1.0,-1.0,-1,,0,0,0
MS_UNDEP_PL_LAC_bRPLC_NGP_05C.11272.11272.2.0.dta,MS_UNDEP_PL_LAC_bRPLC_NGP_05C.11272.11272.2.0.dta,MS_UNDEP_PL_LAC_bRPLC_NGP_05C,11272,2368.38102,2373.94448,1187.47588,2,1,EEQFJSTFR,,1157.52218,5 2 0 0,H(5)N(2),(N(N(H(H)(H(H)(H))))),2257,0 1 0 0;0 2 0 0;1 2 0 0;2 2 0 0;3 2 0 0;4 2 0 0;,1216.42286,5,31.18761,18.65639,54.45988,7,-0.00056,-0.23586,1.0,0.75,0.0,0,0,45882.3,66821.1,301581.9,228339.5,0.0,0.0,0,1.244756929522011e-35,1.161728390852048e-37,-1,0.0,1.161728390852048e-37,sp|P01859|IGHG2_HUMAN,IGHG2,176,4848570.0,15690700.0,,,-1.0,-1.0,-1,,0,0,0
MS_UNDEP_PL_LAC_bRPLC_NGP_05C.11282.11282.3.0.dta,MS_UNDEP_PL_LAC_bRPLC_NGP_05C.11282.11282.3.0.dta,MS_UNDEP_PL_LAC_bRPLC_NGP_05C,11282,2369.94762,2926.16026,976.05827,3,1,EEQFJSTFR,,1157.52218,5 4 0 1,H(5)N(4)F(1),(N(F)(N(H(H(N))(H(N(H(H))))))),659,0 1 0 0;0 1 0 1;0 2 0 0;0 2 0 1;1 2 0 0;1 2 0 1;2 2 0 0;2 2 0 1;2 3 0 0;2 3 0 1;3 2 0 0;3 2 0 1;3 3 0 0;3 3 0 1;4 3 0 0;4 3 0 1;4 4 0 0;4 4 0 1;5 3 0 0;5 3 0 1;5 4 0 0;,1768.63952,5,70.64972,22.26202,160.5126,9,-0.00143,-0.48965,0.92,0.6875,0.0,0,0,0.0,5542127.7,3784273.7,6706836.4,0.0,0.0,0,2.844155824817468e-104,2.4777929609248844e-105,-1,0.0,2.4777929609248844e-105,sp|P01859|IGHG2_HUMAN,IGHG2,176,115898000.0,530499000.0,,,-1.0,-1.0,-1,,0,0,0
MS_UNDEP_PL_LAC_bRPLC_NGP_05C.11283.11283.2.10.dta,MS_UNDEP_PL_LAC_bRPLC_NGP_05C.11283.11283.2.10.dta,MS_UNDEP_PL_LAC_bRPLC_NGP_05C,11283,2370.10362,2821.12843,1411.06785,2,1,EEQFJSTFR,,1157.52218,4 5 0 0,H(4)N(5),(N(N(H(H(N))(H(N)(N(H)))))),2224,0 1 0 0;0 2 0 0;1 2 0 0;2 2 0 0;2 3 0 0;3 2 0 0;3 3 0 0;3 4 0 0;3 5 0 0;4 3 0 0;4 4 0 0;,1663.60816,5,39.47487,9.45957,95.21758,7,-0.00191,-0.67564,0.92857,0.5625,0.0,0,0,0.0,1099998.5,744840.9,1251997.2,0.0,0.0,0,7.831321183627977e-62,1.3725515834524717e-63,-1,0.0,1.3725515834524717e-63,sp|P01859|IGHG2_HUMAN,IGHG2,176,22618300.0,101833000.0,,,-1.0,-1.0,-1,,0,0,0
MS_UNDEP_PL_LAC_bRPLC_NGP_05C.11285.11285.3.0.dta,MS_UNDEP_PL_LAC_bRPLC_NGP_05C.11285.11285.3.0.dta,MS_UNDEP_PL_LAC_bRPLC_NGP_05C,11285,2370.41274,2618.0498,873.35478,3,1,EEQFJSTFR,,1157.52218,4 4 0 0,H(4)N(4),(N(N(H(H(N))(H(N(H)))))),2218,0 1 0 0;0 2 0 0;1 2 0 0;2 2 0 0;2 3 0 0;3 2 0 0;3 3 0 0;4 3 0 0;,1460.52878,5,34.0127,14.54808,70.16127,7,-0.00116,-0.44252,0.90909,0.625,0.0,0,0,0.0,605893.0,1134358.1,1058920.2,0.0,0.0,0,8.78024409880729e-46,1.3686612310820444e-47,-1,0.0,1.3686612310820444e-47,sp|P01859|IGHG2_HUMAN,IGHG2,176,41708100.0,164989000.0,,,-1.0,-1.0,-1,,0,0,0
MS_UNDEP_PL_LAC_bRPLC_NGP_05C.11294.11294.2.0.dta,MS_UNDEP_PL_LAC_bRPLC_NGP_05C.11294.11294.2.0.dta,MS_UNDEP_PL_LAC_bRPLC_NGP_05C,11294,2371.99212,2618.04928,1309.52828,2,1,EEQFJSTFR,,1157.52218,4 4 0 0,H(4)N(4),(N(N(H(H(N))(H(N(H)))))),2218,0 1 0 0;0 2 0 0;1 2 0 0;2 2 0 0;2 3 0 0;3 2 0 0;3 3 0 0;3 4 0 0;4 3 0 0;,1460.52878,5,39.47116,14.57128,85.71379,7,-0.00168,-0.64305,1.0,0.625,0.0,0,0,0.0,696886.1,489158.8,923092.5,0.0,0.0,0,9.960241367384058e-56,2.7572285708545595e-57,-1,0.0,2.7572285708545595e-57,sp|P01859|IGHG2_HUMAN,IGHG2,176,23243600.0,97659100.0,,,-1.0,-1.0,-1,,0,0,0
MS_UNDEP_PL_LAC_bRPLC_NGP_05C.11305.11305.2.0.dta,MS_UNDEP_PL_LAC_bRPLC_NGP_05C.11305.11305.2.0.dta,MS_UNDEP_PL_LAC_bRPLC_NGP_05C,11305,2373.70146,2561.03105,1281.01916,2,1,EEQFJSTFR,,1157.52218,4 3 0 1,H(4)N(3)F(1),(N(F)(N(H(H(H))(H(N))))),90,0 1 0 0;0 1 0 1;0 2 0 0;0 2 0 1;1 2 0 0;1 2 0 1;2 2 0 0;2 2 0 1;2 3 0 0;2 3 0 1;3 2 0 0;3 2 0 1;3 3 0 0;3 3 0 1;4 2 0 0;4 2 0 1;4 3 0 0;,1403.50732,5,57.37164,21.20665,124.5352,9,0.00155,0.60686,1.0,0.75,0.0,0,0,0.0,976647.4,611304.4,1174601.6,0.0,0.0,0,7.396078795431323e-81,3.1936078814999575e-82,-1,0.0,3.1936078814999575e-82,sp|P01859|IGHG2_HUMAN,IGHG2,176,13080700.0,42856800.0,,,-1.0,-1.0,-1,,0,0,0
MS_UNDEP_PL_LAC_bRPLC_NGP_05C.11316.11316.2.0.dta,MS_UNDEP_PL_LAC_bRPLC_NGP_05C.11316.11316.2.0.dta,MS_UNDEP_PL_LAC_bRPLC_NGP_05C,11316,2375.51616,2398.97269,1199.98998,2,1,EEQFJSTFR,,1157.52218,3 3 0 1,H(3)N(3)F(1),(N(F)(N(H(H)(H(N))))),720,0 1 0 0;0 1 0 1;0 2 0 0;0 2 0 1;1 2 0 0;1 2 0 1;2 2 0 0;2 2 0 1;2 3 0 0;2 3 0 1;3 2 0 0;3 2 0 1;3 3 0 0;,1241.4545,5,50.37532,15.14416,115.80463,9,-0.00398,-1.65921,1.0,0.625,0.0,0,0,0.0,632372.3,715239.6,898127.6,0.0,0.0,0,3.508513681715222e-75,5.703249494589704e-77,-1,0.0,5.703249494589704e-77,sp|P01859|IGHG2_HUMAN,IGHG2,176,126771000.0,441129000.0,,,-1.0,-1.0,-1,,0,0,0
MS_UNDEP_PL_LAC_bRPLC_NGP_05C.11374.11374.3.0.dta,MS_UNDEP_PL_LAC_bRPLC_NGP_05C.11374.11374.3.0.dta,MS_UNDEP_PL_LAC_bRPLC_NGP_05C,11374,2385.03534,2455.9967,819.33708,3,1,EEQFJSTFR,,1157.52218,3 4 0 0,H(3)N(4),(N(N(H(H(N))(H(N))))),2226,0 1 0 0;0 2 0 0;1 2 0 0;2 2 0 0;2 3 0 0;3 2 0 0;3 3 0 0;,1298.47596,5,32.6633,14.61576,66.18016,7,-0.00144,-0.58677,1.0,0.6875,0.0,0,0,0.0,71041.3,753434.3,471892.3,0.0,0.0,0,3.1684849194641965e-43,5.755672332128225e-45,-1,0.0,5.755672332128225e-45,sp|P01859|IGHG2_HUMAN,IGHG2,176,74435300.0,274163000.0,,,-1.0,-1.0,-1,,0,0,0
MS_UNDEP_PL_LAC_bRPLC_NGP_05C.11406.11406.2.0.dta,MS_UNDEP_PL_LAC_bRPLC_NGP_05C.11406.11406.2.0.dta,MS_UNDEP_PL_LAC_bRPLC_NGP_05C,11406,2390.37468,2764.10673,1382.557,2,1,EEQFJSTFR,,1157.52218,4 4 0 1,H(4)N(4)F(1),(N(F)(N(H(H(N))(H(N(H)))))),670,0 1 0 0;0 1 0 1;0 2 0 0;0 2 0 1;1 2 0 0;1 2 0 1;2 2 0 0;2 2 0 1;2 3 0 0;2 3 0 1;3 2 0 0;3 2 0 1;3 3 0 0;3 3 0 1;3 4 0 0;3 4 0 1;4 3 0 0;4 3 0 1;4 4 0 0;,1606.58669,5,91.88292,29.10718,208.46646,9,-0.00214,-0.77289,1.0,0.6875,0.0,0,0,0.0,24591387.1,20734885.3,29660608.8,0.0,0.0,0,3.737560808199365e-135,1.8687806245382675e-135,-1,0.0,1.8687806245382675e-135,sp|P01859|IGHG2_HUMAN,IGHG2,176,1005990000.0,5477380000.0,,,-1.0,-1.0,-1,,0,0,0
MS_UNDEP_PL_LAC_bRPLC_NGP_05C.11430.11430.3.0.dta,MS_UNDEP_PL_LAC_bRPLC_NGP_05C.11430.11430.3.0.dta,MS_UNDEP_PL_LAC_bRPLC_NGP_05C,11430,2394.2832,2618.04981,873.35479,3,1,EEQFJSTFR,,1157.52218,4 4 0 0,H(4)N(4),(N(N(H(H(N))(H(N(H)))))),2218,0 1 0 0;0 2 0 0;1 2 0 0;2 2 0 0;2 3 0 0;3 2 0 0;3 3 0 0;,1460.52878,5,29.40015,13.19147,59.50198,7,-0.00115,-0.43908,0.81818,0.5625,0.0,0,0,0.0,205312.2,1370586.1,851539.4,0.0,0.0,0,6.531261083497941e-39,9.088470298022984e-41,-1,0.0,9.088470298022984e-41,sp|P01859|IGHG2_HUMAN,IGHG2,176,41708100.0,164989000.0,,,-1.0,-1.0,-1,,0,0,0
MS_UNDEP_PL_LAC_bRPLC_NGP_05C.11442.11442.3.0.dta,MS_UNDEP_PL_LAC_bRPLC_NGP_05C.11442.11442.3.0.dta,MS_UNDEP_PL_LAC_bRPLC_NGP_05C,11442,2396.20662,2764.106,922.04018,3,1,EEQFJSTFR,,1157.52218,4 4 0 1,H(4)N(4)F(1),(N(F)(N(H(H(N))(H(N(H)))))),670,0 1 0 0;0 1 0 1;0 2 0 0;0 2 0 1;1 2 0 0;1 2 0 1;2 2 0 0;2 2 0 1;2 3 0 0;2 3 0 1;3 2 0 0;3 2 0 1;3 3 0 0;3 3 0 1;3 4 0 0;3 4 0 1;4 3 0 0;4 3 0 1;4 4 0 0;,1606.58669,5,96.24345,52.4363,177.59959,9,-0.00287,-1.03844,1.0,1.125,0.0,0,0,0.0,8860662.0,15143170.8,14685199.7,0.0,0.0,0,2.39225812042644e-115,3.2297648798701527e-116,-1,0.0,3.2297648798701527e-116,sp|P01859|IGHG2_HUMAN,IGHG2,176,2382110000.0,10027200000.0,,,-1.0,-1.0,-1,,0,0,0
MS_UNDEP_PL_LAC_bRPLC_NGP_05C.11453.11453.2.0.dta,MS_UNDEP_PL_LAC_bRPLC_NGP_05C.11453.11453.2.0.dta,MS_UNDEP_PL_LAC_bRPLC_NGP_05C,11453,2397.91938,2252.91328,1126.96028,2,1,EEQFJSTFR,,1157.52218,3 3 0 0,H(3)N(3),(N(N(H(H)(H(N))))),2288,0 1 0 0;0 2 0 0;1 2 0 0;2 2 0 0;2 3 0 0;3 2 0 0;,1095.39659,5,26.33135,8.49418,59.45752,7,-0.00548,-2.434,1.0,0.5,0.0,0,0,0.0,61018.6,281421.6,216561.0,0.0,0.0,0,6.979648259326574e-39,1.258530459058458e-40,-1,0.0,1.258530459058458e-40,sp|P01859|IGHG2_HUMAN,IGHG2,176,138178.0,976732.0,,,-1.0,-1.0,-1,,0,0,0
MS_UNDEP_PL_LAC_bRPLC_NGP_05C.11457.11457.2.0.dta,MS_UNDEP_PL_LAC_bRPLC_NGP_05C.11457.11457.2.0.dta,MS_UNDEP_PL_LAC_bRPLC_NGP_05C,11457,2398.64892,2602.05299,1301.53013,2,1,EEQFJSTFR,,1157.52218,3 4 0 1,H(3)N(4)F(1),(N(F)(N(H(H(N))(H(N))))),679,0 1 0 0;0 1 0 1;0 2 0 0;0 2 0 1;1 2 0 0;1 2 0 1;2 2 0 0;2 2 0 1;2 3 0 0;2 3 0 1;3 2 0 0;3 2 0 1;3 3 0 0;3 3 0 1;3 4 0 0;,1444.53387,5,91.65504,39.59611,188.33593,9,-0.00306,-1.17558,1.0,0.8125,0.0,0,0,0.0,5410801.8,30659707.6,18348655.9,0.0,0.0,0,2.8720154263423663e-122,8.544092040782465e-123,-1,0.0,8.544092040782465e-123,sp|P01859|IGHG2_HUMAN,IGHG2,176,4227920000.0,20702700000.0,,,-1.0,-1.0,-1,,0,0,0
MS_UNDEP_PL_LAC_bRPLC_NGP_05C.11505.11505.2.0.dta,MS_UNDEP_PL_LAC_bRPLC_NGP_05C.11505.11505.2.0.dta,MS_UNDEP_PL_LAC_bRPLC_NGP_05C,11505,2406.49374,2398.97462,1199.99095,2,1,EEQFJSTFR,,1157.52218,3 3 0 1,H(3)N(3)F(1),(N(F)(N(H(H)(H(N))))),720,0 1 0 0;0 1 0 1;0 2 0 0;0 2 0 1;1 2 0 0;1 2 0 1;2 2 0 0;2 2 0 1;2 3 0 0;2 3 0 1;3 2 0 0;3 2 0 1;3 3 0 0;,1241.4545,5,66.32071,35.07732,124.34416,9,-0.00205,-0.85553,1.0,1.0,0.0,0,0,0.0,267787.0,1266827.7,945815.0,0.0,0.0,0,9.845251591727488e-81,4.99094576896741e-82,-1,0.0,4.99094576896741e-82,sp|P01859|IGHG2_HUMAN,IGHG2,176,128728000.0,449977000.0,,,-1.0,-1.0,-1,,0,0,0
MS_UNDEP_PL_LAC_bRPLC_NGP_05C.11543.11543.3.0.dta,MS_UNDEP_PL_LAC_bRPLC_NGP_05C.11543.11543.3.0.dta,MS_UNDEP_PL_LAC_bRPLC_NGP_05C,11543,2412.66426,2602.05337,868.02264,3,1,EEQFJSTFR,,1157.52218,3 4 0 1,H(3)N(4)F(1),(N(F)(N(H(H(N))(H(N))))),679,0 1 0 0;0 1 0 1;0 2 0 0;0 2 0 1;1 2 0 0;1 2 0 1;2 2 0 0;2 2 0 1;2 3 0 0;2 3 0 1;3 2 0 0;3 2 0 1;3 3 0 0;3 3 0 1;3 4 0 0;,1444.53387,5,84.71793,40.30305,167.20269,9,-0.00268,-1.03069,1.0,0.8125,0.0,0,0,0.0,4266129.9,46740993.9,25844497.0,0.0,0.0,0,1.2877874939111653e-108,8.576250597810294e-110,-1,0.0,8.576250597810294e-110,sp|P01859|IGHG2_HUMAN,IGHG2,176,5669010000.0,22336700000.0,,,-1.0,-1.0,-1,,0,0,0
MS_UNDEP_PL_LAC_bRPLC_NGP_05C.11565.11565.2.0.dta,MS_UNDEP_PL_LAC_bRPLC_NGP_05C.11565.11565.2.0.dta,MS_UNDEP_PL_LAC_bRPLC_NGP_05C,11565,2416.29528,2455.99546,1228.50137,2,1,EEQFJSTFR,,1157.52218,3 4 0 0,H(3)N(4),(N(N(H(H(N))(H(N))))),2226,0 1 0 0;0 2 0 0;1 2 0 0;2 2 0 0;2 3 0 0;3 2 0 0;3 3 0 0;,1298.47596,5,30.57865,9.37085,69.96455,7,-0.00268,-1.08962,1.0,0.5625,0.0,0,0,0.0,60015.5,389618.6,281077.4,0.0,0.0,0,1.1739854195533208e-45,2.668461553000609e-47,-1,0.0,2.668461553000609e-47,sp|P01859|IGHG2_HUMAN,IGHG2,176,75190800.0,283466000.0,,,-1.0,-1.0,-1,,0,0,0
MS_UNDEP_PL_LAC_bRPLC_NGP_05C.11599.11599.2.0.dta,MS_UNDEP_PL_LAC_bRPLC_NGP_05C.11599.11599.2.0.dta,MS_UNDEP_PL_LAC_bRPLC_NGP_05C,11599,2421.82968,2764.10851,1382.55789,2,1,EEQFJSTFR,,1157.52218,4 4 0 1,H(4)N(4)F(1),(N(F)(N(H(H(N))(H(N(H)))))),670,0 1 0 0;0 1 0 1;0 2 0 0;0 2 0 1;1 2 0 0;1 2 0 1;2 2 0 0;2 2 0 1;2 3 0 0;2 3 0 1;3 2 0 0;3 2 0 1;3 3 0 0;3 3 0 1;3 4 0 0;3 4 0 1;4 3 0 0;4 3 0 1;4 4 0 0;,1606.58669,5,82.46261,25.73075,187.82177,9,-0.00036,-0.13109,1.0,0.6875,0.0,0,0,0.0,7124776.3,6003641.4,8614370.8,0.0,0.0,0,6.149902274483425e-122,1.610908214136129e-122,-1,0.0,1.610908214136129e-122,sp|P01859|IGHG2_HUMAN,IGHG2,176,1005990000.0,5477380000.0,,,-1.0,-1.0,-1,,0,0,0
MS_UNDEP_PL_LAC_bRPLC_NGP_05C.11627.11627.3.0.dta,MS_UNDEP_PL_LAC_bRPLC_NGP_05C.11627.11627.3.0.dta,MS_UNDEP_PL_LAC_bRPLC_NGP_05C,11627,2426.59242,2764.10717,922.04057,3,1,EEQFJSTFR,,1157.52218,4 4 0 1,H(4)N(4)F(1),(N(F)(N(H(H(N))(H(N(H)))))),670,0 1 0 0;0 1 0 1;0 2 0 0;0 2 0 1;1 2 0 0;1 2 0 1;2 2 0 0;2 2 0 1;2 3 0 0;2 3 0 1;3 2 0 0;3 2 0 1;3 3 0 0;3 3 0 1;3 4 0 0;3 4 0 1;4 3 0 0;4 3 0 1;4 4 0 0;,1606.58669,5,83.54819,32.3202,178.68587,9,-0.0017,-0.61407,1.0,0.75,0.0,0,0,0.0,4094147.9,7043445.9,7505385.0,0.0,0.0,0,4.7548818523916953e-116,8.379942501735708e-117,-1,0.0,8.379942501735708e-117,sp|P01859|IGHG2_HUMAN,IGHG2,176,2382110000.0,10027200000.0,,,-1.0,-1.0,-1,,0,0,0
MS_UNDEP_PL_LAC_bRPLC_NGP_05C.11642.11642.2.0.dta,MS_UNDEP_PL_LAC_bRPLC_NGP_05C.11642.11642.2.0.dta,MS_UNDEP_PL_LAC_bRPLC_NGP_05C,11642,2429.06604,2602.05327,1301.53027,2,1,EEQFJSTFR,,1157.52218,3 4 0 1,H(3)N(4)F(1),(N(F)(N(H(H(N))(H(N))))),679,0 1 0 0;0 1 0 1;0 2 0 0;0 2 0 1;1 2 0 0;1 2 0 1;2 2 0 0;2 2 0 1;2 3 0 0;2 3 0 1;3 2 0 0;3 2 0 1;3 3 0 0;3 3 0 1;3 4 0 0;,1444.53387,5,95.85995,44.54486,191.1594,9,-0.00278,-1.06797,1.0,0.9375,0.0,0,0,0.0,6641007.4,35566337.3,19964715.9,0.0,0.0,0,4.4019291854546156e-124,2.0083085938649988e-124,-1,0.0,2.0083085938649988e-124,sp|P01859|IGHG2_HUMAN,IGHG2,176,4227920000.0,20702700000.0,,,-1.0,-1.0,-1,,0,0,0
MS_UNDEP_PL_LAC_bRPLC_NGP_05C.11685.11685.2.0.dta,MS_UNDEP_PL_LAC_bRPLC_NGP_05C.11685.11685.2.0.dta,MS_UNDEP_PL_LAC_bRPLC_NGP_05C,11685,2436.11802,2603.055,1302.03114,2,1,EEQFJSTFR,"3,Deamidated[Q];",1158.50619,3 4 0 1,H(3)N(4)F(1),(N(F)(N(H(H(N))(H(N))))),679,0 1 0 0;0 2 0 0;0 2 0 1;1 2 0 0;2 2 0 0;2 3 0 1;,1444.53387,5,6.70796,7.01533,6.13713,5,0.01494,5.73829,0.35294,0.5,0.0,0,0,0.0,202966.4,981900.4,548644.4,0.0,0.0,0,0.0001530495347333,7.077511524573863e-06,-1,0.006787330316742,0.006787330316742,sp|P01859|IGHG2_HUMAN,IGHG2,176,7621550000.0,16455200000.0,,,-1.0,-1.0,-1,,0,0,0
MS_UNDEP_PL_LAC_bRPLC_NGP_05C.11696.11696.3.0.dta,MS_UNDEP_PL_LAC_bRPLC_NGP_05C.11696.11696.3.0.dta,MS_UNDEP_PL_LAC_bRPLC_NGP_05C,11696,2437.83804,2805.13368,935.71608,3,1,EEQFJSTFR,,1157.52218,3 5 0 1,H(3)N(5)F(1),(N(F)(N(H(H(N))(H(N)(N))))),678,0 1 0 0;0 1 0 1;0 2 0 0;0 2 0 1;1 2 0 0;1 2 0 1;,1647.61324,5,11.98999,7.37957,20.55218,7,-0.00174,-0.62152,0.38095,0.4375,0.0,0,0,0.0,79269.4,162348.9,159016.9,0.0,0.0,0,5.4347566646725077e-14,6.76539245319962e-16,-1,0.006787330316742,0.006787330316742,sp|P01859|IGHG2_HUMAN,IGHG2,176,1025890000.0,4475570000.0,,,-1.0,-1.0,-1,,0,0,0
MS_UNDEP_PL_LAC_bRPLC_NGP_05C.11701.11701.2.0.dta,MS_UNDEP_PL_LAC_bRPLC_NGP_05C.11701.11701.2.0.dta,MS_UNDEP_PL_LAC_bRPLC_NGP_05C,11701,2438.72112,2398.97535,1199.99131,2,1,EEQFJSTFR,,1157.52218,3 3 0 1,H(3)N(3)F(1),(N(F)(N(H(H)(H(N))))),720,0 1 0 0;0 1 0 1;0 2 0 0;0 2 0 1;1 2 0 0;1 2 0 1;2 2 0 0;2 2 0 1;2 3 0 0;2 3 0 1;3 2 0 0;3 2 0 1;3 3 0 0;,1241.4545,5,64.83426,32.01286,125.78828,9,-0.00132,-0.5504,1.0,0.8125,0.0,0,0,0.0,358318.1,2004264.4,1518999.2,0.0,0.0,0,1.1327701534751629e-81,5.030300915533728e-83,-1,0.0,5.030300915533728e-83,sp|P01859|IGHG2_HUMAN,IGHG2,176,128728000.0,449977000.0,,,-1.0,-1.0,-1,,0,0,0
MS_UNDEP_PL_LAC_bRPLC_NGP_05C.11710.11710.3.0.dta,MS_UNDEP_PL_LAC_bRPLC_NGP_05C.11710.11710.3.0.dta,MS_UNDEP_PL_LAC_bRPLC_NGP_05C,11710,2440.22202,2398.97521,800.32992,3,1,EEQFJSTFR,,1157.52218,3 3 0 1,H(3)N(3)F(1),(N(F)(N(H(H)(H(N))))),720,0 1 0 0;0 1 0 1;0 2 0 0;0 2 0 1;1 2 0 0;1 2 0 1;2 2 0 0;2 2 0 1;3 2 0 0;3 2 0 1;,1241.4545,5,25.88516,9.52915,56.2606,9,-0.00146,-0.60876,0.8,0.5,0.0,0,0,0.0,30884.2,291124.5,175758.4,0.0,0.0,0,8.34554144043959e-37,2.167000346184589e-38,-1,0.0,2.167000346184589e-38,sp|P01859|IGHG2_HUMAN,IGHG2,176,42467100.0,153105000.0,,,-1.0,-1.0,-1,,0,0,0
MS_UNDEP_PL_LAC_bRPLC_NGP_05C.11733.11733.3.0.dta,MS_UNDEP_PL_LAC_bRPLC_NGP_05C.11733.11733.3.0.dta,MS_UNDEP_PL_LAC_bRPLC_NGP_05C,11733,2443.9797,2602.05368,868.02274,3,1,EEQFJSTFR,,1157.52218,3 4 0 1,H(3)N(4)F(1),(N(F)(N(H(H(N))(H(N))))),679,0 1 0 0;0 1 0 1;0 2 0 0;0 2 0 1;1 2 0 0;1 2 0 1;2 2 0 0;2 2 0 1;2 3 0 0;2 3 0 1;3 2 0 0;3 2 0 1;3 3 0 0;3 3 0 1;3 4 0 0;,1444.53387,5,86.12302,41.83888,168.365,9,-0.00236,-0.90848,1.0,0.8125,0.0,0,0,0.0,3018396.7,32599022.9,18083385.4,0.0,0.0,0,2.2701831735991254e-109,1.5055153746746346e-110,-1,0.0,1.5055153746746346e-110,sp|P01859|IGHG2_HUMAN,IGHG2,176,5669010000.0,22336700000.0,,,-1.0,-1.0,-1,,0,0,0
MS_UNDEP_PL_LAC_bRPLC_NGP_05C.11746.11746.2.0.dta,MS_UNDEP_PL_LAC_bRPLC_NGP_05C.11746.11746.2.0.dta,MS_UNDEP_PL_LAC_bRPLC_NGP_05C,11746,2446.15224,2602.05307,1301.53018,2,1,EEQFJSTFR,,1157.52218,3 4 0 1,H(3)N(4)F(1),(N(F)(N(H(H(N))(H(N))))),679,0 1 0 0;0 1 0 1;0 2 0 0;1 2 0 1;2 2 0 0;3 3 0 1;,1444.53387,5,17.60963,17.19734,18.37533,6,-0.00297,-1.14253,0.47059,0.6875,0.0,0,0,0.0,458949.5,2324504.5,1712692.2,0.0,0.0,0,1.475647854424878e-12,3.5902011620985853e-14,-1,0.0,3.5902011620985853e-14,sp|P01859|IGHG2_HUMAN,IGHG2,176,4227920000.0,20702700000.0,,,-1.0,-1.0,-1,,0,0,0
MS_UNDEP_PL_LAC_bRPLC_NGP_05C.11778.11778.3.0.dta,MS_UNDEP_PL_LAC_bRPLC_NGP_05C.11778.11778.3.0.dta,MS_UNDEP_PL_LAC_bRPLC_NGP_05C,11778,2451.44766,2967.18653,989.73369,3,1,EEQFJSTFR,,1157.52218,4 5 0 1,H(4)N(5)F(1),(N(F)(N(H(N)(H(N))(H(N(H)))))),1333,0 1 0 0;0 1 0 1;0 2 0 0;0 2 0 1;1 2 0 0;1 2 0 1;1 3 0 0;1 3 0 1;2 2 0 1;2 3 0 0;2 3 0 1;2 4 0 0;2 4 0 1;3 2 0 0;3 3 0 0;3 3 0 1;3 4 0 0;3 4 0 1;4 3 0 1;4 4 0 0;4 4 0 1;,1809.66607,5,45.4128,9.20407,112.65759,8,-0.00171,-0.57728,0.7931,0.5625,0.0,0,0,0.0,503296.4,1050756.7,895875.2,0.0,0.0,0,3.895985719901637e-73,1.5836889989556246e-74,-1,0.0,1.5836889989556246e-74,sp|P01859|IGHG2_HUMAN,IGHG2,176,247005000.0,1166770000.0,,,-1.0,-1.0,-1,,0,0,0
MS_UNDEP_PL_LAC_bRPLC_NGP_05C.11813.11813.3.0.dta,MS_UNDEP_PL_LAC_bRPLC_NGP_05C.11813.11813.3.0.dta,MS_UNDEP_PL_LAC_bRPLC_NGP_05C,11813,2457.22836,2764.10708,922.04054,3,1,EEQFJSTFR,,1157.52218,4 4 0 1,H(4)N(4)F(1),(N(F)(N(H(H(N))(H(N(H)))))),670,0 1 0 0;0 1 0 1;0 2 0 0;0 2 0 1;1 2 0 0;1 2 0 1;2 2 0 0;2 2 0 1;2 3 0 0;2 3 0 1;3 2 0 0;3 2 0 1;3 3 0 0;3 3 0 1;3 4 0 0;3 4 0 1;4 3 0 0;4 3 0 1;4 4 0 0;,1606.58669,5,74.90465,23.42449,170.51067,9,-0.00179,-0.6488,1.0,0.6875,0.0,0,0,0.0,2111322.9,3575910.3,3793720.0,0.0,0.0,0,9.233388412715577e-111,6.250566230031882e-112,-1,0.0,6.250566230031882e-112,sp|P01859|IGHG2_HUMAN,IGHG2,176,2382110000.0,10027200000.0,,,-1.0,-1.0,-1,,0,0,0
MS_UNDEP_PL_LAC_bRPLC_NGP_05C.11829.11829.2.0.dta,MS_UNDEP_PL_LAC_bRPLC_NGP_05C.11829.11829.2.0.dta,MS_UNDEP_PL_LAC_bRPLC_NGP_05C,11829,2459.82528,2602.05304,1301.53016,2,1,EEQFJSTFR,,1157.52218,3 4 0 1,H(3)N(4)F(1),(N(F)(N(H(H(N))(H(N))))),679,0 1 0 0;0 1 0 1;0 2 0 0;0 2 0 1;1 2 0 0;1 2 0 1;2 2 0 0;2 2 0 1;2 3 0 0;2 3 0 1;3 2 0 0;3 2 0 1;3 3 0 0;3 3 0 1;3 4 0 0;,1444.53387,5,88.05759,32.47115,191.28954,9,-0.003,-1.15406,1.0,0.6875,0.0,0,0,0.0,4742648.8,24398045.0,14557257.4,0.0,0.0,0,3.631305189968002e-124,1.210435063335126e-124,-1,0.0,1.210435063335126e-124,sp|P01859|IGHG2_HUMAN,IGHG2,176,4227920000.0,20702700000.0,,,-1.0,-1.0,-1,,0,0,0
MS_UNDEP_PL_LAC_bRPLC_NGP_05C.11842.11842.2.0.dta,MS_UNDEP_PL_LAC_bRPLC_NGP_05C.11842.11842.2.0.dta,MS_UNDEP_PL_LAC_bRPLC_NGP_05C,11842,2462.01282,2967.19027,1484.09877,2,1,EEQFJSTFR,,1157.52218,4 5 0 1,H(4)N(5)F(1),(N(F)(N(H(N)(H(N))(H(N(H)))))),1333,0 1 0 0;0 1 0 1;0 2 0 0;0 2 0 1;1 2 0 0;1 2 0 1;1 3 0 0;1 3 0 1;2 2 0 1;2 3 0 0;2 3 0 1;2 4 0 0;2 4 0 1;3 2 0 0;3 3 0 0;3 3 0 1;3 4 0 0;3 4 0 1;3 5 0 1;4 3 0 1;4 4 0 0;4 4 0 1;4 5 0 0;,1809.66607,5,53.49307,12.81504,129.03798,8,0.00202,0.68183,0.86207,0.625,0.0,0,0,0.0,807731.3,725385.7,1122962.1,0.0,0.0,0,8.721206509330188e-84,4.291098813610843e-85,-1,0.0,4.291098813610843e-85,sp|P01859|IGHG2_HUMAN,IGHG2,176,27227700.0,142736000.0,,,-1.0,-1.0,-1,,0,0,0
MS_UNDEP_PL_LAC_bRPLC_NGP_05C.11860.11860.2.0.dta,MS_UNDEP_PL_LAC_bRPLC_NGP_05C.11860.11860.2.0.dta,MS_UNDEP_PL_LAC_bRPLC_NGP_05C,11860,2464.89978,2764.10816,1382.55772,2,1,EEQFJSTFR,,1157.52218,4 4 0 1,H(4)N(4)F(1),(N(F)(N(H(H(N))(H(N(H)))))),670,0 1 0 0;0 1 0 1;0 2 0 0;0 2 0 1;1 2 0 1;2 2 0 0;2 2 0 1;2 3 0 0;,1606.58669,5,15.89864,12.96572,21.34548,7,-0.00071,-0.25772,0.47619,0.625,0.0,0,0,0.0,988099.6,766876.9,1340073.0,0.0,0.0,0,1.5983611529494817e-14,1.907717029854013e-16,-1,0.0,1.907717029854013e-16,sp|P01859|IGHG2_HUMAN,IGHG2,176,1059700000.0,5711400000.0,,,-1.0,-1.0,-1,,0,0,0
MS_UNDEP_PL_LAC_bRPLC_NGP_05C.11887.11887.2.0.dta,MS_UNDEP_PL_LAC_bRPLC_NGP_05C.11887.11887.2.0.dta,MS_UNDEP_PL_LAC_bRPLC_NGP_05C,11887,2469.32784,2398.97453,1199.9909,2,1,EEQFJSTFR,,1157.52218,3 3 0 1,H(3)N(3)F(1),(N(F)(N(H(H)(H(N))))),720,0 1 0 0;0 1 0 1;0 2 0 0;0 2 0 1;1 2 0 0;1 2 0 1;2 2 0 0;2 2 0 1;2 3 0 0;2 3 0 1;3 2 0 0;3 2 0 1;3 3 0 0;,1241.4545,5,59.25869,29.65321,114.24028,9,-0.00214,-0.89388,1.0,0.875,0.0,0,0,0.0,176875.4,1088451.2,795029.1,0.0,0.0,0,3.647245777067693e-74,7.098290959830854e-76,-1,0.0,7.098290959830854e-76,sp|P01859|IGHG2_HUMAN,IGHG2,176,128728000.0,449977000.0,,,-1.0,-1.0,-1,,0,0,0
MS_UNDEP_PL_LAC_bRPLC_NGP_05C.11889.11889.2.1.dta,MS_UNDEP_PL_LAC_bRPLC_NGP_05C.11889.11889.2.1.dta,MS_UNDEP_PL_LAC_bRPLC_NGP_05C,11889,2469.64434,2764.10816,1382.55772,2,1,EEQFJSTFR,,1157.52218,4 4 0 1,H(4)N(4)F(1),(N(F)(N(H(H(N))(H(N(H)))))),670,0 1 0 0;0 1 0 1;0 2 0 0;0 2 0 1;1 2 0 0;1 2 0 1;2 2 0 0;2 2 0 1;2 3 0 0;2 3 0 1;3 2 0 0;3 2 0 1;3 3 0 0;3 3 0 1;3 4 0 0;3 4 0 1;4 3 0 0;4 3 0 1;4 4 0 0;,1606.58669,5,80.12907,27.28482,178.26839,9,-0.00071,-0.25772,1.0,0.9375,0.0,0,0,0.0,2504790.1,2094070.4,3597279.4,0.0,0.0,0,8.846425482138315e-116,1.5053635195039662e-116,-1,0.0,1.5053635195039662e-116,sp|P01859|IGHG2_HUMAN,IGHG2,176,1059700000.0,5711400000.0,,,-1.0,-1.0,-1,,0,0,0
MS_UNDEP_PL_LAC_bRPLC_NGP_05C.11903.11903.3.0.dta,MS_UNDEP_PL_LAC_bRPLC_NGP_05C.11903.11903.3.0.dta,MS_UNDEP_PL_LAC_bRPLC_NGP_05C,11903,2471.98878,2805.13376,935.7161,3,1,EEQFJSTFR,,1157.52218,3 5 0 1,H(3)N(5)F(1),(N(F)(N(H(N)(H(N))(H(N))))),1341,0 1 0 0;0 1 0 1;0 2 0 0;0 2 0 1;1 2 0 0;1 2 0 1;1 3 0 0;1 3 0 1;2 2 0 0;2 2 0 1;2 3 0 0;2 3 0 1;2 4 0 0;2 4 0 1;3 2 0 0;3 2 0 1;3 3 0 0;3 3 0 1;3 4 0 0;3 4 0 1;,1647.61324,5,72.18354,19.50877,170.0081,9,-0.00166,-0.59051,0.95652,0.6875,0.0,0,0,0.0,263307.7,3124511.8,1648045.2,0.0,0.0,0,1.9543446989727452e-110,1.8074560209234552e-111,-1,0.0,1.8074560209234552e-111,sp|P01859|IGHG2_HUMAN,IGHG2,176,1030970000.0,4498380000.0,,,-1.0,-1.0,-1,,0,0,0
MS_UNDEP_PL_LAC_bRPLC_NGP_05C.11919.11919.3.0.dta,MS_UNDEP_PL_LAC_bRPLC_NGP_05C.11919.11919.3.0.dta,MS_UNDEP_PL_LAC_bRPLC_NGP_05C,11919,2474.58546,2602.05396,868.02284,3,1,EEQFJSTFR,,1157.52218,3 4 0 1,H(3)N(4)F(1),(N(F)(N(H(H(N))(H(N))))),679,0 1 0 0;0 1 0 1;0 2 0 0;0 2 0 1;1 2 0 0;1 2 0 1;2 2 0 0;2 2 0 1;2 3 0 0;2 3 0 1;3 2 0 0;3 2 0 1;3 3 0 0;3 3 0 1;3 4 0 0;,1444.53387,5,97.47558,60.58855,165.98006,9,-0.00208,-0.80011,1.0,1.125,0.0,0,0,0.0,1725630.9,19064433.0,10466293.1,0.0,0.0,0,7.999581112849813e-108,5.855950603349646e-109,-1,0.0,5.855950603349646e-109,sp|P01859|IGHG2_HUMAN,IGHG2,176,5669010000.0,22336700000.0,,,-1.0,-1.0,-1,,0,0,0
MS_UNDEP_PL_LAC_bRPLC_NGP_05C.11969.11969.3.0.dta,MS_UNDEP_PL_LAC_bRPLC_NGP_05C.11969.11969.3.0.dta,MS_UNDEP_PL_LAC_bRPLC_NGP_05C,11969,2482.68408,2967.18664,989.73373,3,1,EEQFJSTFR,,1157.52218,4 5 0 1,H(4)N(5)F(1),(N(F)(N(H(N)(H(N))(H(N(H)))))),1333,0 1 0 0;0 1 0 1;0 2 0 0;0 2 0 1;1 2 0 0;1 2 0 1;1 3 0 0;1 3 0 1;2 2 0 0;2 2 0 1;2 3 0 0;2 3 0 1;2 4 0 0;2 4 0 1;3 2 0 1;3 3 0 0;3 3 0 1;3 4 0 0;3 4 0 1;4 3 0 0;4 3 0 1;4 4 0 0;4 4 0 1;,1809.66607,5,61.24824,15.12732,146.9014,8,-0.0016,-0.53987,0.86207,0.625,0.0,0,0,0.0,1493616.9,3039133.2,2510016.8,0.0,0.0,0,2.0505339813211778e-95,1.3580740486749005e-96,-1,0.0,1.3580740486749005e-96,sp|P01859|IGHG2_HUMAN,IGHG2,176,247005000.0,1166770000.0,,,-1.0,-1.0,-1,,0,0,0
MS_UNDEP_PL_LAC_bRPLC_NGP_05C.12001.12001.3.0.dta,MS_UNDEP_PL_LAC_bRPLC_NGP_05C.12001.12001.3.0.dta,MS_UNDEP_PL_LAC_bRPLC_NGP_05C,12001,2487.8583,2764.10743,922.04066,3,1,EEQFJSTFR,,1157.52218,4 4 0 1,H(4)N(4)F(1),(N(F)(N(H(H(N))(H(N(H)))))),670,0 1 0 0;0 1 0 1;0 2 0 0;0 2 0 1;1 2 0 0;1 2 0 1;2 2 0 0;2 2 0 1;2 3 0 0;2 3 0 1;3 2 0 0;3 2 0 1;3 3 0 0;3 3 0 1;3 4 0 0;3 4 0 1;4 3 0 0;4 3 0 1;,1606.58669,5,58.68571,17.41904,135.32381,9,-0.00144,-0.51964,0.95238,0.6875,0.0,0,0,0.0,591138.6,1019769.9,1087360.0,0.0,0.0,0,7.088927249102185e-88,3.833788684750299e-89,-1,0.0,3.833788684750299e-89,sp|P01859|IGHG2_HUMAN,IGHG2,176,2405810000.0,10131200000.0,,,-1.0,-1.0,-1,,0,0,0
MS_UNDEP_PL_LAC_bRPLC_NGP_05C.12017.12017.2.0.dta,MS_UNDEP_PL_LAC_bRPLC_NGP_05C.12017.12017.2.0.dta,MS_UNDEP_PL_LAC_bRPLC_NGP_05C,12017,2490.46962,2602.0535,1301.53039,2,1,EEQFJSTFR,,1157.52218,3 4 0 1,H(3)N(4)F(1),(N(F)(N(H(H)(H(N)(N))))),719,0 1 0 0;0 1 0 1;0 2 0 0;0 2 0 1;1 2 0 0;1 2 0 1;2 2 0 0;2 2 0 1;2 3 0 0;2 3 0 1;2 4 0 0;2 4 0 1;3 2 0 0;3 2 0 1;3 3 0 0;3 3 0 1;3 4 0 0;,1444.53387,5,97.00202,48.28684,187.47308,9,-0.00254,-0.97728,1.0,1.0,0.0,0,0,0.0,1806896.9,9755710.4,5623293.6,0.0,0.0,0,1.0307925236734175e-121,2.6980353419608847e-122,-1,0.0,2.6980353419608847e-122,sp|P01859|IGHG2_HUMAN,IGHG2,176,4227920000.0,20702700000.0,,,-1.0,-1.0,-1,,0,0,0
MS_UNDEP_PL_LAC_bRPLC_NGP_05C.12018.12018.2.0.dta,MS_UNDEP_PL_LAC_bRPLC_NGP_05C.12018.12018.2.0.dta,MS_UNDEP_PL_LAC_bRPLC_NGP_05C,12018,2490.62568,2805.13459,1403.07093,2,1,EEQFJSTFR,,1157.52218,3 5 0 1,H(3)N(5)F(1),(N(F)(N(H(N)(H(N))(H(N))))),1341,0 1 0 0;0 1 0 1;0 2 0 0;0 2 0 1;1 2 0 0;1 2 0 1;1 3 0 0;1 3 0 1;2 2 0 0;2 2 0 1;2 3 0 0;2 3 0 1;2 4 0 0;2 4 0 1;3 2 0 1;3 3 0 0;3 3 0 1;3 4 0 0;3 4 0 1;3 5 0 0;,1647.61324,5,78.75216,31.31283,166.85378,8,-0.00083,-0.29427,0.95652,0.75,0.0,0,0,0.0,858929.7,5165197.4,2628626.7,0.0,0.0,0,2.168594986243625e-108,1.9538526809734097e-109,-1,0.0,1.9538526809734097e-109,sp|P01859|IGHG2_HUMAN,IGHG2,176,294430000.0,1784650000.0,,,-1.0,-1.0,-1,,0,0,0
MS_UNDEP_PL_LAC_bRPLC_NGP_05C.12081.12081.2.0.dta,MS_UNDEP_PL_LAC_bRPLC_NGP_05C.12081.12081.2.0.dta,MS_UNDEP_PL_LAC_bRPLC_NGP_05C,12081,2500.86648,2764.10924,1382.55826,2,1,EEQFJSTFR,,1157.52218,4 4 0 1,H(4)N(4)F(1),(N(F)(N(H(H(N))(H(N(H)))))),670,0 1 0 0;0 1 0 1;0 2 0 0;0 2 0 1;1 2 0 0;1 2 0 1;2 2 0 0;2 2 0 1;2 3 0 0;2 3 0 1;3 2 0 0;3 2 0 1;3 3 0 0;3 3 0 1;3 4 0 0;3 4 0 1;4 3 0 0;4 3 0 1;4 4 0 0;,1606.58669,5,61.70743,15.52488,147.475,9,0.00037,0.13518,1.0,0.6875,0.0,0,0,0.0,751042.4,622642.2,983620.7,0.0,0.0,0,8.675803524470705e-96,3.337178472530145e-97,-1,0.0,3.337178472530145e-97,sp|P01859|IGHG2_HUMAN,IGHG2,176,935870000.0,4914520000.0,,,-1.0,-1.0,-1,,0,0,0
MS_UNDEP_PL_LAC_bRPLC_NGP_05C.12083.12083.2.0.dta,MS_UNDEP_PL_LAC_bRPLC_NGP_05C.12083.12083.2.0.dta,MS_UNDEP_PL_LAC_bRPLC_NGP_05C,12083,2501.1795,2398.9746,1199.99094,2,1,EEQFJSTFR,,1157.52218,3 3 0 1,H(3)N(3)F(1),(N(F)(N(H(H)(H)(N)))),721,0 1 0 0;0 1 0 1;0 2 0 0;0 2 0 1;1 2 0 0;1 2 0 1;1 3 0 0;1 3 0 1;2 2 0 0;2 2 0 1;2 3 0 0;2 3 0 1;3 2 0 0;3 2 0 1;3 3 0 0;,1241.4545,5,47.3121,12.35594,112.23067,9,-0.00208,-0.86553,1.0,0.625,0.0,0,0,0.0,88671.3,474195.4,351485.6,0.0,0.0,0,7.380139527585243e-73,2.6008397915879746e-74,-1,0.0,2.6008397915879746e-74,sp|P01859|IGHG2_HUMAN,IGHG2,176,128728000.0,449977000.0,,,-1.0,-1.0,-1,,0,0,0
MS_UNDEP_PL_LAC_bRPLC_NGP_05C.12097.12097.3.0.dta,MS_UNDEP_PL_LAC_bRPLC_NGP_05C.12097.12097.3.0.dta,MS_UNDEP_PL_LAC_bRPLC_NGP_05C,12097,2503.45758,2805.13312,935.71589,3,1,EEQFJSTFR,,1157.52218,3 5 0 1,H(3)N(5)F(1),(N(F)(N(H(N)(H(N))(H(N))))),1341,0 1 0 0;0 1 0 1;0 2 0 0;0 2 0 1;1 2 0 0;1 2 0 1;1 3 0 0;1 3 0 1;2 2 0 0;2 2 0 1;2 3 0 0;2 3 0 1;2 4 0 0;2 4 0 1;3 2 0 0;3 2 0 1;3 3 0 0;3 3 0 1;3 4 0 0;3 4 0 1;,1647.61324,5,80.19072,21.85744,188.52395,9,-0.0023,-0.82044,0.95652,0.6875,0.0,0,0,0.0,1183226.0,14773652.9,7483198.6,0.0,0.0,0,2.1741074543725127e-122,4.5088795962542245e-123,-1,0.0,4.5088795962542245e-123,sp|P01859|IGHG2_HUMAN,IGHG2,176,1030970000.0,4498380000.0,,,-1.0,-1.0,-1,,0,0,0
MS_UNDEP_PL_LAC_bRPLC_NGP_05C.12099.12099.2.0.dta,MS_UNDEP_PL_LAC_bRPLC_NGP_05C.12099.12099.2.0.dta,MS_UNDEP_PL_LAC_bRPLC_NGP_05C,12099,2503.77072,2967.18834,1484.09781,2,1,EEQFJSTFR,,1157.52218,4 5 0 1,H(4)N(5)F(1),(N(F)(N(H(N)(H(N))(H(N(H)))))),1333,0 1 0 0;0 1 0 1;0 2 0 0;0 2 0 1;1 2 0 0;1 2 0 1;1 3 0 0;1 3 0 1;2 2 0 0;2 2 0 1;2 3 0 0;2 3 0 1;2 4 0 0;2 4 0 1;3 2 0 1;3 3 0 0;3 3 0 1;3 4 0 0;3 4 0 1;3 5 0 1;4 3 0 1;4 4 0 0;4 4 0 1;4 5 0 0;,1809.66607,5,65.13841,16.39601,155.66002,8,9e-05,0.03138,0.89655,0.6875,0.0,0,0,0.0,1843322.0,1566249.4,1931173.4,0.0,0.0,0,4.071262589686834e-101,1.7281313911705174e-102,-1,0.0,1.7281313911705174e-102,sp|P01859|IGHG2_HUMAN,IGHG2,176,27227700.0,142736000.0,,,-1.0,-1.0,-1,,0,0,0
MS_UNDEP_PL_LAC_bRPLC_NGP_05C.12113.12113.3.0.dta,MS_UNDEP_PL_LAC_bRPLC_NGP_05C.12113.12113.3.0.dta,MS_UNDEP_PL_LAC_bRPLC_NGP_05C,12113,2506.05882,2602.05443,868.023,3,1,EEQFJSTFR,,1157.52218,3 4 0 1,H(3)N(4)F(1),(N(F)(N(H(H(N))(H(N))))),679,0 1 0 0;0 1 0 1;0 2 0 0;0 2 0 1;1 2 0 0;1 2 0 1;2 2 0 0;2 2 0 1;2 3 0 0;2 3 0 1;3 2 0 0;3 2 0 1;3 3 0 0;3 3 0 1;3 4 0 0;,1444.53387,5,77.99703,42.88313,143.20856,9,-0.00161,-0.62025,1.0,1.0,0.0,0,0,0.0,374563.8,4397230.0,2391307.2,0.0,0.0,0,5.210540357416612e-93,2.254954948438571e-94,-1,0.0,2.254954948438571e-94,sp|P01859|IGHG2_HUMAN,IGHG2,176,5669010000.0,22336700000.0,,,-1.0,-1.0,-1,,0,0,0
MS_UNDEP_PL_LAC_bRPLC_NGP_05C.12160.12160.3.0.dta,MS_UNDEP_PL_LAC_bRPLC_NGP_05C.12160.12160.3.0.dta,MS_UNDEP_PL_LAC_bRPLC_NGP_05C,12160,2513.71584,2967.18667,989.73374,3,1,EEQFJSTFR,,1157.52218,4 5 0 1,H(4)N(5)F(1),(N(F)(N(H(N)(H(N))(H(N(H)))))),1333,0 1 0 0;0 1 0 1;0 2 0 0;0 2 0 1;1 2 0 0;1 2 0 1;1 3 0 0;1 3 0 1;2 2 0 0;2 2 0 1;2 3 0 0;2 3 0 1;2 4 0 0;2 4 0 1;3 2 0 0;3 2 0 1;3 3 0 0;3 3 0 1;3 4 0 0;3 4 0 1;4 3 0 0;4 3 0 1;4 4 0 0;4 4 0 1;,1809.66607,5,68.6849,19.20772,160.57108,9,-0.00157,-0.52875,0.89655,0.8125,0.0,0,0,0.0,810730.2,1668040.6,1362362.3,0.0,0.0,0,2.605817499096608e-104,1.2414231853415608e-105,-1,0.0,1.2414231853415608e-105,sp|P01859|IGHG2_HUMAN,IGHG2,176,247005000.0,1166770000.0,,,-1.0,-1.0,-1,,0,0,0
MS_UNDEP_PL_LAC_bRPLC_NGP_05C.12206.12206.2.0.dta,MS_UNDEP_PL_LAC_bRPLC_NGP_05C.12206.12206.2.0.dta,MS_UNDEP_PL_LAC_bRPLC_NGP_05C,12206,2521.24656,2805.13436,1403.07082,2,1,EEQFJSTFR,,1157.52218,3 5 0 1,H(3)N(5)F(1),(N(F)(N(H(N)(H(N))(H(N))))),1341,0 1 0 0;0 1 0 1;0 2 0 0;0 2 0 1;1 2 0 0;1 2 0 1;1 3 0 0;1 3 0 1;2 2 0 0;2 2 0 1;2 3 0 0;2 3 0 1;2 4 0 0;2 4 0 1;3 2 0 0;3 2 0 1;3 3 0 0;3 3 0 1;3 4 0 0;3 4 0 1;3 5 0 0;,1647.61324,5,98.07736,32.76612,219.36967,9,-0.00106,-0.37626,1.0,0.8125,0.0,0,0,0.0,1788739.1,11043039.1,5797417.7,0.0,0.0,0,4.408771697704203e-142,4.408771697704203e-142,-1,0.0,4.408771697704203e-142,sp|P01859|IGHG2_HUMAN,IGHG2,176,294430000.0,1784650000.0,,,-1.0,-1.0,-1,,0,0,0
MS_UNDEP_PL_LAC_bRPLC_NGP_05C.12222.12222.2.0.dta,MS_UNDEP_PL_LAC_bRPLC_NGP_05C.12222.12222.2.0.dta,MS_UNDEP_PL_LAC_bRPLC_NGP_05C,12222,2523.8385,2602.05465,1301.53096,2,1,EEQFJSTFR,,1157.52218,3 4 0 1,H(3)N(4)F(1),(N(F)(N(H(H)(N)(H(N))))),753,0 1 0 0;0 1 0 1;0 2 0 0;0 2 0 1;1 2 0 0;1 2 0 1;1 3 0 0;1 3 0 1;2 2 0 0;2 2 0 1;2 3 0 0;2 3 0 1;2 4 0 0;2 4 0 1;3 2 0 0;3 2 0 1;3 3 0 0;3 3 0 1;3 4 0 0;,1444.53387,5,79.91826,26.71275,178.72849,9,-0.0014,-0.53685,1.0,0.8125,0.0,0,0,0.0,338376.9,2127149.7,1515496.5,0.0,0.0,0,4.462892193401576e-116,4.463054899517584e-117,-1,0.0,4.463054899517584e-117,sp|P01859|IGHG2_HUMAN,IGHG2,176,3820570000.0,18673800000.0,,,-1.0,-1.0,-1,,0,0,0
MS_UNDEP_PL_LAC_bRPLC_NGP_05C.12270.12270.2.0.dta,MS_UNDEP_PL_LAC_bRPLC_NGP_05C.12270.12270.2.0.dta,MS_UNDEP_PL_LAC_bRPLC_NGP_05C,12270,2531.68512,2764.10914,1382.55821,2,1,EEQFJSTFR,,1157.52218,4 4 0 1,H(4)N(4)F(1),(N(F)(N(H(H(N))(H(N(H)))))),670,0 1 0 0;0 1 0 1;0 2 0 0;0 2 0 1;1 2 0 0;1 2 0 1;2 2 0 0;2 2 0 1;2 3 0 0;2 3 0 1;3 2 0 0;3 2 0 1;3 3 0 0;3 3 0 1;3 4 0 1;4 3 0 0;4 3 0 1;4 4 0 0;,1606.58669,5,53.26278,12.22556,129.47475,9,0.00027,0.09828,0.95238,0.625,0.0,0,0,0.0,418070.3,397736.4,672375.9,0.0,0.0,0,4.533818264974369e-84,2.406531398163319e-85,-1,0.0,2.406531398163319e-85,sp|P01859|IGHG2_HUMAN,IGHG2,176,391712000.0,1796180000.0,,,-1.0,-1.0,-1,,0,0,0
MS_UNDEP_PL_LAC_bRPLC_NGP_05C.12286.12286.3.0.dta,MS_UNDEP_PL_LAC_bRPLC_NGP_05C.12286.12286.3.0.dta,MS_UNDEP_PL_LAC_bRPLC_NGP_05C,12286,2534.25564,2805.13262,935.71573,3,1,EEQFJSTFR,,1157.52218,3 5 0 1,H(3)N(5)F(1),(N(F)(N(H(N)(H(N))(H(N))))),1341,0 1 0 0;0 1 0 1;0 2 0 0;0 2 0 1;1 2 0 0;1 2 0 1;1 3 0 0;1 3 0 1;2 2 0 0;2 2 0 1;2 3 0 0;2 3 0 1;2 4 0 0;2 4 0 1;3 2 0 0;3 2 0 1;3 3 0 0;3 3 0 1;3 4 0 0;3 4 0 1;,1647.61324,5,80.40323,23.70104,185.70729,9,-0.0028,-0.99691,0.95652,0.6875,0.0,0,0,0.0,973048.3,12585723.6,6247695.4,0.0,0.0,0,1.4112183327254987e-120,1.8078457334248547e-121,-1,0.0,1.8078457334248547e-121,sp|P01859|IGHG2_HUMAN,IGHG2,176,1030970000.0,4498380000.0,,,-1.0,-1.0,-1,,0,0,0
MS_UNDEP_PL_LAC_bRPLC_NGP_05C.12303.12303.3.0.dta,MS_UNDEP_PL_LAC_bRPLC_NGP_05C.12303.12303.3.0.dta,MS_UNDEP_PL_LAC_bRPLC_NGP_05C,12303,2536.9767,2602.05494,868.02316,3,1,EEQFJSTFR,,1157.52218,3 4 0 1,H(3)N(4)F(1),(N(F)(N(H(H(N))(H(N))))),679,0 1 0 0;0 1 0 1;0 2 0 0;0 2 0 1;1 2 0 0;1 2 0 1;2 2 0 0;2 2 0 1;2 3 0 0;2 3 0 1;3 2 0 0;3 2 0 1;3 3 0 0;3 3 0 1;,1444.53387,5,63.70838,30.0561,126.20547,9,-0.00111,-0.42656,0.94118,0.9375,0.0,0,0,0.0,184625.9,1976494.0,1097093.4,0.0,0.0,0,6.065057365273095e-82,2.82118429447286e-83,-1,0.0,2.82118429447286e-83,sp|P01859|IGHG2_HUMAN,IGHG2,176,3909820000.0,15299400000.0,,,-1.0,-1.0,-1,,0,0,0
MS_UNDEP_PL_LAC_bRPLC_NGP_05C.12382.12382.3.0.dta,MS_UNDEP_PL_LAC_bRPLC_NGP_05C.12382.12382.3.0.dta,MS_UNDEP_PL_LAC_bRPLC_NGP_05C,12382,2549.7849,2764.10757,922.04071,3,1,EEQFJSTFR,,1157.52218,4 4 0 1,H(4)N(4)F(1),(N(F)(N(H(H(N))(H(N(H)))))),670,0 1 0 0;0 1 0 1;0 2 0 0;0 2 0 1;1 2 0 0;1 2 0 1;2 2 0 0;2 2 0 1;2 3 0 0;2 3 0 1;3 2 0 0;3 2 0 1;3 3 0 0;3 3 0 1;4 3 0 0;4 3 0 1;,1606.58669,5,46.82856,11.22995,112.94027,9,-0.0013,-0.4708,0.85714,0.5625,0.0,0,0,0.0,415811.2,721983.7,727697.6,0.0,0.0,0,2.5521288901854617e-73,1.042005401853295e-74,-1,0.0,1.042005401853295e-74,sp|P01859|IGHG2_HUMAN,IGHG2,176,119257000.0,537879000.0,,,-1.0,-1.0,-1,,0,0,0
MS_UNDEP_PL_LAC_bRPLC_NGP_05C.12401.12401.3.2.dta,MS_UNDEP_PL_LAC_bRPLC_NGP_05C.12401.12401.3.2.dta,MS_UNDEP_PL_LAC_bRPLC_NGP_05C,12401,2552.88078,3183.2928,1061.76912,3,1,IDSTGJVTNELR,,1318.65973,9 2 0 0,H(9)N(2),(N(N(H(H(H)(H))(H(H(H(H(H)))))))),1540,0 1 0 0;0 2 0 0;1 2 0 0;2 2 0 0;3 2 0 0;4 2 0 0;5 2 0 0;6 2 0 0;,1864.63416,6,17.86419,10.18434,32.12677,6,-0.00109,-0.34355,0.75,0.5,0.0,0,0,76717.2,25406.4,60337.1,53705.9,0.0,0.0,0,1.1891322925001282e-21,2.660828994639279e-23,-1,0.0,2.660828994639279e-23,sp|O75882|ATRN_HUMAN,ATRN,416,5061100.0,22488800.0,,,-1.0,-1.0,-1,,0,0,0
MS_UNDEP_PL_LAC_bRPLC_NGP_05C.12416.12416.2.0.dta,MS_UNDEP_PL_LAC_bRPLC_NGP_05C.12416.12416.2.0.dta,MS_UNDEP_PL_LAC_bRPLC_NGP_05C,12416,2555.27784,2602.0549,1301.53109,2,1,EEQFJSTFR,,1157.52218,3 4 0 1,H(3)N(4)F(1),(N(F)(N(H(H(N))(H(N))))),679,0 1 0 0;0 1 0 1;0 2 0 0;0 2 0 1;1 2 0 0;1 2 0 1;2 2 0 0;2 2 0 1;2 3 0 0;2 3 0 1;3 2 0 0;3 2 0 1;3 3 0 0;3 3 0 1;3 4 0 0;,1444.53387,5,62.27641,16.40714,147.46219,9,-0.00115,-0.44231,1.0,0.6875,0.0,0,0,0.0,233064.3,1333675.0,906648.2,0.0,0.0,0,8.844069521107055e-96,6.489160573957567e-97,-1,0.0,6.489160573957567e-97,sp|P01859|IGHG2_HUMAN,IGHG2,176,1655940000.0,7990620000.0,,,-1.0,-1.0,-1,,0,0,0
MS_UNDEP_PL_LAC_bRPLC_NGP_05C.12435.12435.2.0.dta,MS_UNDEP_PL_LAC_bRPLC_NGP_05C.12435.12435.2.0.dta,MS_UNDEP_PL_LAC_bRPLC_NGP_05C,12435,2558.35038,2805.13492,1403.0711,2,1,EEQFJSTFR,,1157.52218,3 5 0 1,H(3)N(5)F(1),(N(F)(N(H(N)(H(N))(H(N))))),1341,0 1 0 0;0 1 0 1;0 2 0 0;0 2 0 1;1 2 0 0;1 3 0 0;1 3 0 1;2 2 0 0;2 2 0 1;2 3 0 0;2 3 0 1;2 4 0 0;2 4 0 1;3 3 0 0;3 3 0 1;3 4 0 0;3 4 0 1;3 5 0 0;,1647.61324,5,37.61292,7.85756,92.87286,8,-0.0005,-0.17876,0.86957,0.4375,0.0,0,0,0.0,78537.4,435727.9,303926.8,0.0,0.0,0,2.5369563745155126e-60,4.138678773736665e-62,-1,0.0047846889952153,0.0047846889952153,sp|P01859|IGHG2_HUMAN,IGHG2,176,296485000.0,1795520000.0,,,-1.0,-1.0,-1,,0,0,0
MS_UNDEP_PL_LAC_bRPLC_NGP_05C.12484.12484.3.0.dta,MS_UNDEP_PL_LAC_bRPLC_NGP_05C.12484.12484.3.0.dta,MS_UNDEP_PL_LAC_bRPLC_NGP_05C,12484,2566.22892,2805.13383,935.71613,3,1,EEQFJSTFR,,1157.52218,3 5 0 1,H(3)N(5)F(1),(N(F)(N(H(N)(H(N))(H(N))))),1341,0 1 0 0;0 1 0 1;0 2 0 0;0 2 0 1;1 2 0 0;1 2 0 1;1 3 0 0;1 3 0 1;2 2 0 0;2 2 0 1;2 3 0 0;2 3 0 1;2 4 0 0;2 4 0 1;3 2 0 0;3 2 0 1;3 3 0 0;3 3 0 1;3 4 0 0;3 4 0 1;,1647.61324,5,52.68645,8.16868,135.3623,9,-0.00159,-0.56805,0.95652,0.5,0.0,0,0,0.0,79111.2,854449.7,422767.2,0.0,0.0,0,6.691574313797909e-88,2.0214783116078245e-89,-1,0.0024096385542168,0.0024096385542168,sp|P01859|IGHG2_HUMAN,IGHG2,176,1030970000.0,4498380000.0,,,-1.0,-1.0,-1,,0,0,0
MS_UNDEP_PL_LAC_bRPLC_NGP_05C.12494.12494.3.0.dta,MS_UNDEP_PL_LAC_bRPLC_NGP_05C.12494.12494.3.0.dta,MS_UNDEP_PL_LAC_bRPLC_NGP_05C,12494,2567.95932,2602.05487,868.02314,3,1,EEQFJSTFR,,1157.52218,3 4 0 1,H(3)N(4)F(1),(N(F)(N(H(H(N))(H(N))))),679,0 1 0 0;0 1 0 1;0 2 0 0;0 2 0 1;1 2 0 0;1 2 0 1;2 2 0 0;2 2 0 1;2 3 0 0;2 3 0 1;3 2 0 0;3 2 0 1;3 3 0 0;3 3 0 1;,1444.53387,5,53.23826,16.5907,121.29802,9,-0.00117,-0.45077,0.94118,0.625,0.0,0,0,0.0,168119.9,1872673.6,1005322.8,0.0,0.0,0,9.41561293995726e-79,2.2386333619073754e-80,-1,0.0,2.2386333619073754e-80,sp|P01859|IGHG2_HUMAN,IGHG2,176,1468280000.0,5715150000.0,,,-1.0,-1.0,-1,,0,0,0
MS_UNDEP_PL_LAC_bRPLC_NGP_05C.12606.12606.2.0.dta,MS_UNDEP_PL_LAC_bRPLC_NGP_05C.12606.12606.2.0.dta,MS_UNDEP_PL_LAC_bRPLC_NGP_05C,12606,2586.2718,2602.05483,1301.53105,2,1,EEQFJSTFR,,1157.52218,3 4 0 1,H(3)N(4)F(1),(N(F)(N(H(H(N))(H(N))))),679,0 1 0 0;0 1 0 1;0 2 0 0;0 2 0 1;1 2 0 0;1 2 0 1;2 2 0 0;2 2 0 1;2 3 0 0;2 3 0 1;3 2 0 0;3 2 0 1;3 3 0 0;3 3 0 1;3 4 0 0;,1444.53387,5,63.47784,18.7827,146.48312,9,-0.00122,-0.46768,1.0,0.6875,0.0,0,0,0.0,209062.4,1293662.3,840386.1,0.0,0.0,0,3.839510058923229e-95,2.6352128949010173e-96,-1,0.0,2.6352128949010173e-96,sp|P01859|IGHG2_HUMAN,IGHG2,176,214834000.0,927877000.0,,,-1.0,-1.0,-1,,0,0,0
MS_UNDEP_PL_LAC_bRPLC_NGP_05C.12679.12679.3.0.dta,MS_UNDEP_PL_LAC_bRPLC_NGP_05C.12679.12679.3.0.dta,MS_UNDEP_PL_LAC_bRPLC_NGP_05C,12679,2598.16848,2602.05504,868.0232,3,1,EEQFJSTFR,,1157.52218,3 4 0 1,H(3)N(4)F(1),(N(F)(N(H(H(N))(H(N))))),679,0 1 0 0;0 1 0 1;0 2 0 0;0 2 0 1;1 2 0 0;1 2 0 1;2 2 0 0;2 2 0 1;2 3 0 0;2 3 0 1;3 2 0 0;3 2 0 1;3 3 0 0;3 3 0 1;3 4 0 0;,1444.53387,5,63.76131,26.69599,132.59691,9,-0.00101,-0.38736,1.0,0.6875,0.0,0,0,0.0,201033.4,2421539.5,1083589.5,0.0,0.0,0,4.2189574438199385e-86,1.1191388240616537e-87,-1,0.0,1.1191388240616537e-87,sp|P01859|IGHG2_HUMAN,IGHG2,176,250305000.0,1020110000.0,,,-1.0,-1.0,-1,,0,0,0
MS_UNDEP_PL_LAC_bRPLC_NGP_05C.12680.12680.3.1.dta,MS_UNDEP_PL_LAC_bRPLC_NGP_05C.12680.12680.3.1.dta,MS_UNDEP_PL_LAC_bRPLC_NGP_05C,12680,2598.32244,2805.13452,935.71636,3,1,EEQFJSTFR,,1157.52218,3 5 0 1,H(3)N(5)F(1),(N(F)(N(H(N)(H(N))(H(N))))),1341,0 1 0 0;0 1 0 1;0 2 0 0;0 2 0 1;1 2 0 0;1 2 0 1;1 3 0 0;1 3 0 1;2 2 0 1;2 3 0 0;2 3 0 1;2 4 0 0;2 4 0 1;3 2 0 1;3 3 0 0;3 3 0 1;3 4 0 0;3 4 0 1;,1647.61324,5,31.93632,10.52716,71.69619,7,-0.0009,-0.321,0.86957,0.5625,0.0,0,0,0.0,47995.7,558612.6,274125.3,0.0,0.0,0,9.116221822381168e-47,1.3729733543492038e-48,-1,0.0,1.3729733543492038e-48,sp|P01859|IGHG2_HUMAN,IGHG2,176,999921000.0,4357380000.0,,,-1.0,-1.0,-1,,0,0,0
MS_UNDEP_PL_LAC_bRPLC_NGP_05C.12713.12713.2.0.dta,MS_UNDEP_PL_LAC_bRPLC_NGP_05C.12713.12713.2.0.dta,MS_UNDEP_PL_LAC_bRPLC_NGP_05C,12713,2603.60382,2697.13663,1349.07195,2,1,IDSTGJVTNELR,,1318.65973,6 2 0 0,H(6)N(2),(N(N(H(H(H))(H(H)(H))))),1636,0 1 0 0;0 2 0 0;1 2 0 0;3 2 0 0;4 2 0 0;5 2 0 0;,1378.47569,6,27.44854,20.87857,39.6499,6,0.00121,0.44813,0.88889,0.68182,0.0,0,0,48465.0,52001.5,224511.4,193033.8,0.0,0.0,0,3.5153795519465984e-26,6.401990439909135e-28,-1,0.0,6.401990439909135e-28,sp|O75882|ATRN_HUMAN,ATRN,416,8833680.0,33483400.0,,,-1.0,-1.0,-1,,0,0,0
MS_UNDEP_PL_LAC_bRPLC_NGP_05C.12778.12778.3.0.dta,MS_UNDEP_PL_LAC_bRPLC_NGP_05C.12778.12778.3.0.dta,MS_UNDEP_PL_LAC_bRPLC_NGP_05C,12778,2614.08234,2764.10879,922.04111,3,1,EEQFJSTFR,,1157.52218,4 4 0 1,H(4)N(4)F(1),(N(F)(N(H(H(N))(H(N(H)))))),670,0 1 0 0;0 1 0 1;0 2 0 0;2 2 0 0;2 2 0 1;2 3 0 1;3 2 0 0;3 2 0 1;3 3 0 0;3 3 0 1;4 3 0 1;,1606.58669,5,18.8996,8.21392,38.74443,7,-8e-05,-0.02907,0.61905,0.5625,0.0,0,0,0.0,261528.8,487945.5,472784.0,0.0,0.0,0,1.2271898104205215e-25,1.824628424733648e-27,-1,0.0024096385542168,0.0024096385542168,sp|P01859|IGHG2_HUMAN,IGHG2,176,128324000.0,587667000.0,,,-1.0,-1.0,-1,,0,0,0
MS_UNDEP_PL_LAC_bRPLC_NGP_05C.12807.12807.2.0.dta,MS_UNDEP_PL_LAC_bRPLC_NGP_05C.12807.12807.2.0.dta,MS_UNDEP_PL_LAC_bRPLC_NGP_05C,12807,2618.83092,2602.05543,1301.53135,2,1,EEQFJSTFR,,1157.52218,3 4 0 1,H(3)N(4)F(1),(N(F)(N(H(H(N))(H(N))))),679,0 1 0 0;0 1 0 1;0 2 0 0;0 2 0 1;1 2 0 0;1 2 0 1;2 2 0 0;2 2 0 1;2 3 0 0;2 3 0 1;3 2 0 0;3 2 0 1;3 3 0 0;3 3 0 1;3 4 0 0;,1444.53387,5,52.27431,12.39609,126.33385,9,-0.00062,-0.23863,1.0,0.625,0.0,0,0,0.0,87123.3,582628.9,412845.0,0.0,0.0,0,5.0043229731788153e-82,1.6164053495091492e-83,-1,0.0,1.6164053495091492e-83,sp|P01859|IGHG2_HUMAN,IGHG2,176,270808000.0,1168120000.0,,,-1.0,-1.0,-1,,0,0,0
MS_UNDEP_PL_LAC_bRPLC_NGP_05C.12871.12871.3.0.dta,MS_UNDEP_PL_LAC_bRPLC_NGP_05C.12871.12871.3.0.dta,MS_UNDEP_PL_LAC_bRPLC_NGP_05C,12871,2629.1355,2602.05569,868.02341,3,1,EEQFJSTFR,,1157.52218,3 4 0 1,H(3)N(4)F(1),(N(F)(N(H(H(N))(H(N))))),679,0 1 0 0;0 1 0 1;0 2 0 0;0 2 0 1;1 2 0 0;1 2 0 1;2 2 0 0;2 2 0 1;2 3 0 0;2 3 0 1;3 2 0 0;3 2 0 1;3 3 0 0;3 3 0 1;,1444.53387,5,47.48926,16.73902,104.59683,9,-0.00035,-0.13602,0.94118,0.6875,0.0,0,0,0.0,75803.0,824902.4,458796.6,0.0,0.0,0,6.691496913238699e-68,8.784092487037128e-70,-1,0.0,8.784092487037128e-70,sp|P01859|IGHG2_HUMAN,IGHG2,176,301634000.0,1223640000.0,,,-1.0,-1.0,-1,,0,0,0
MS_UNDEP_PL_LAC_bRPLC_NGP_05C.13049.13049.2.0.dta,MS_UNDEP_PL_LAC_bRPLC_NGP_05C.13049.13049.2.0.dta,MS_UNDEP_PL_LAC_bRPLC_NGP_05C,13049,2657.68104,2093.9102,1047.45874,2,1,JGTLVAFR,,877.48903,5 2 0 0,H(5)N(2),(N(N(H(H(H))(H(H))))),1637,0 1 0 0;0 2 0 0;1 2 0 0;2 2 0 0;3 2 0 0;4 2 0 0;,1216.42286,1,29.79994,18.16812,51.4019,7,-0.00169,-0.80515,1.0,0.92857,0.0,0,0,26060.1,47916.9,167720.2,118469.5,0.0,0.0,0,1.2354902842427709e-33,9.328093143762969e-36,-1,0.0,9.328093143762969e-36,sp|Q92954|PRG4_HUMAN,PRG4,1159,15427800.0,45351700.0,,,-1.0,-1.0,-1,,0,0,0
MS_UNDEP_PL_LAC_bRPLC_NGP_05C.13063.13063.3.0.dta,MS_UNDEP_PL_LAC_bRPLC_NGP_05C.13063.13063.3.0.dta,MS_UNDEP_PL_LAC_bRPLC_NGP_05C,13063,2659.9347,2602.05519,868.02325,3,1,EEQFJSTFR,,1157.52218,3 4 0 1,H(3)N(4)F(1),(N(F)(N(H(H(N))(H(N))))),679,0 1 0 0;0 1 0 1;0 2 0 0;0 2 0 1;1 2 0 0;1 2 0 1;2 2 0 0;2 2 0 1;2 3 0 0;2 3 0 1;3 2 0 0;3 2 0 1;3 3 0 0;3 3 0 1;,1444.53387,5,38.80329,8.87981,94.37546,9,-0.00085,-0.3274,0.94118,0.5625,0.0,0,0,0.0,43501.6,490535.0,266478.5,0.0,0.0,0,2.733236902721557e-61,4.2656488035450603e-63,-1,0.0,4.2656488035450603e-63,sp|P01859|IGHG2_HUMAN,IGHG2,176,210331000.0,881389000.0,,,-1.0,-1.0,-1,,0,0,0
MS_UNDEP_PL_LAC_bRPLC_NGP_05C.15207.15207.5.1.dta,MS_UNDEP_PL_LAC_bRPLC_NGP_05C.15207.15207.5.1.dta,MS_UNDEP_PL_LAC_bRPLC_NGP_05C,15207,3004.37892,5159.16549,1032.63892,5,1,SRYPHKPEIJSTTHPGADLQEJFCR,"24,Carbamidomethyl[C];",2954.39621,5 4 2 0,H(5)N(4)A(2),(N(N(H(H(N(H(A))))(H(N(H(A))))))),1791,0 1 0 0;0 2 0 0;1 2 0 0;2 2 0 0;2 3 0 0;3 2 0 0;3 3 0 0;4 3 0 0;4 3 1 0;5 4 0 0;,2204.77244,10,18.59868,12.73571,29.48705,5,-0.00316,-0.61251,0.58824,0.3125,0.0,0,0,0.0,68838.8,87781.9,177725.4,17222.1,70389.6,0,5.43452647334913e-20,1.4194786991566786e-21,-1,0.0,1.4194786991566786e-21,sp|P00734|THRB_HUMAN,F2,143,8756630.0,138090000.0,,,-1.0,-1.0,-1,,0,0,0
MS_UNDEP_PL_LAC_bRPLC_NGP_05C.16911.16911.2.0.dta,MS_UNDEP_PL_LAC_bRPLC_NGP_05C.16911.16911.2.0.dta,MS_UNDEP_PL_LAC_bRPLC_NGP_05C,16911,3278.86614,2312.01472,1156.511,2,1,JVVFVIDK,,933.54039,6 2 0 0,H(6)N(2),(N(N(H(H(H))(H(H(H)))))),1628,0 1 0 0;0 2 0 0;1 2 0 0;2 2 0 0;3 2 0 0;4 2 0 0;,1378.47569,1,13.88163,8.17007,24.48881,6,-0.00136,-0.58622,0.77778,0.5,0.0,0,0,17553.2,23286.4,55262.2,42082.2,0.0,0.0,0,1.1426072241311772e-16,2.2562139116337097e-18,-1,0.0024096385542168,0.0024096385542168,sp|Q14624|ITIH4_HUMAN,ITIH4,274,41769100.0,142991000.0,,,-1.0,-1.0,-1,,0,0,0
MS_UNDEP_PL_LAC_bRPLC_NGP_05C.16953.16953.3.1.dta,MS_UNDEP_PL_LAC_bRPLC_NGP_05C.16953.16953.3.1.dta,MS_UNDEP_PL_LAC_bRPLC_NGP_05C,16953,3285.6504,2312.01529,771.34328,3,1,JVVFVIDK,,933.54039,6 2 0 0,H(6)N(2),(N(N(H(H(H))(H(H(H)))))),1628,0 1 0 0;0 2 0 0;1 2 0 0;2 2 0 0;3 2 0 0;,1378.47569,1,16.8772,15.38603,19.64652,6,-0.00079,-0.34098,0.66667,0.85714,0.0,0,0,22466.7,6932.8,30869.7,18867.2,0.0,0.0,0,2.1630627844531187e-13,4.605721989454401e-15,-1,0.0,4.605721989454401e-15,sp|Q14624|ITIH4_HUMAN,ITIH4,274,3758070.0,12369100.0,,,-1.0,-1.0,-1,,0,0,0
MS_UNDEP_PL_LAC_bRPLC_NGP_05C.17112.17112.2.0.dta,MS_UNDEP_PL_LAC_bRPLC_NGP_05C.17112.17112.2.0.dta,MS_UNDEP_PL_LAC_bRPLC_NGP_05C,17112,3311.14608,2312.01497,1156.51112,2,1,JVVFVIDK,,933.54039,6 2 0 0,H(6)N(2),(N(N(H(H(H))(H(H(H)))))),1628,0 1 0 0;0 2 0 0;1 2 0 0;2 2 0 0;3 2 0 0;4 2 0 0;5 2 0 0;,1378.47569,1,35.26578,27.18233,50.27791,7,-0.00111,-0.48155,1.0,1.0,0.0,0,0,38218.4,30510.0,105743.9,68730.8,0.0,0.0,0,6.695901506470057e-33,9.8887343599369e-35,-1,0.0,9.8887343599369e-35,sp|Q14624|ITIH4_HUMAN,ITIH4,274,41769100.0,142991000.0,,,-1.0,-1.0,-1,,0,0,0
MS_UNDEP_PL_LAC_bRPLC_NGP_05C.19283.19283.3.0.dta,MS_UNDEP_PL_LAC_bRPLC_NGP_05C.19283.19283.3.0.dta,MS_UNDEP_PL_LAC_bRPLC_NGP_05C,19283,3662.96058,3487.5787,1163.19775,3,1,TVLTPATNHMGJVTFTIPANR,"10,Oxidation[M];",2271.15503,5 2 0 0,H(5)N(2),(N(N(H(H)(H(H(H)))))),2249,0 1 0 0;0 2 0 0;1 2 0 0;2 2 0 0;3 2 0 0;4 2 0 0;,1216.42286,12,19.10463,16.04791,24.78141,6,0.00081,0.23199,0.875,0.375,0.0,0,0,13748.3,30388.8,75199.0,70203.4,0.0,4191.2,0,7.208551585815181e-17,1.298631895128279e-18,-1,0.0,1.298631895128279e-18,sp|P01024|CO3_HUMAN,C3,85,2099400.0,15578800.0,,,-1.0,-1.0,-1,,0,0,0
MS_UNDEP_PL_LAC_bRPLC_NGP_05C.19802.19802.5.0.dta,MS_UNDEP_PL_LAC_bRPLC_NGP_05C.19802.19802.5.0.dta,MS_UNDEP_PL_LAC_bRPLC_NGP_05C,19802,3746.2305,5838.42794,1168.49141,5,1,PYTFHSHGITYYKEHEGAIYPDJTTDFQR,,3487.59778,5 4 2 1,H(5)N(4)A(2)F(1),(N(F)(N(H(H(N(H(A))))(H(N(H(A))))))),226,0 1 0 0;0 1 0 1;0 2 0 0;0 2 0 1;1 2 0 0;1 2 0 1;2 2 0 0;2 2 0 1;3 2 0 0;3 2 0 1;3 3 0 0;3 3 0 1;3 3 1 1;4 3 0 0;4 3 0 1;4 3 1 0;4 3 1 1;4 4 0 1;5 4 0 0;5 4 0 1;5 4 1 1;,2350.83035,23,50.75217,24.36515,99.75665,8,-0.00019,-0.03269,0.66667,0.30357,0.0,0,0,0.0,730500.0,783104.1,907824.6,214062.7,526195.2,0,9.155120279206368e-65,2.269483816579923e-66,-1,0.0,2.269483816579923e-66,sp|P00450|CERU_HUMAN,CP,138,23073000.0,498171000.0,,,-1.0,-1.0,-1,,0,0,0
MS_UNDEP_PL_LAC_bRPLC_NGP_05C.19810.19810.6.2.dta,MS_UNDEP_PL_LAC_bRPLC_NGP_05C.19810.19810.6.2.dta,MS_UNDEP_PL_LAC_bRPLC_NGP_05C,19810,3747.44364,5838.42691,973.91055,6,1,PYTFHSHGITYYKEHEGAIYPDJTTDFQR,,3487.59778,5 4 2 1,H(5)N(4)A(2)F(1),(N(F)(N(H(H(N(H(A))))(H(N(H(A))))))),226,0 1 0 0;0 1 0 1;0 2 0 0;0 2 0 1;1 2 0 0;1 2 0 1;2 2 0 0;2 2 0 1;3 2 0 0;3 2 0 1;3 3 0 0;3 3 0 1;4 3 0 0;4 3 0 1;,2350.83035,23,49.47558,32.65022,80.72268,9,-0.00122,-0.20876,0.48485,0.42857,0.0,0,0,0.0,380293.2,377432.7,441206.5,117968.4,297237.5,0,1.5462227763288684e-52,3.2618170877116946e-54,-1,0.0,3.2618170877116946e-54,sp|P00450|CERU_HUMAN,CP,138,10760900.0,229558000.0,,,-1.0,-1.0,-1,,0,0,0
MS_UNDEP_PL_LAC_bRPLC_NGP_05C.19950.19950.5.0.dta,MS_UNDEP_PL_LAC_bRPLC_NGP_05C.19950.19950.5.0.dta,MS_UNDEP_PL_LAC_bRPLC_NGP_05C,19950,3770.17866,5692.36944,1139.27971,5,1,PYTFHSHGITYYKEHEGAIYPDJTTDFQR,,3487.59778,5 4 2 0,H(5)N(4)A(2),(N(N(H(H(N(H(A))))(H(N(H(A))))))),1791,0 1 0 0;0 2 0 0;2 2 0 0;3 2 0 0;3 3 0 0;3 3 1 0;4 3 0 0;4 3 1 0;4 4 1 0;5 4 0 0;5 4 1 0;,2204.77244,23,25.68746,18.04739,39.87614,5,-0.00078,-0.13738,0.70588,0.26786,0.0,0,0,0.0,274114.1,270633.0,305633.8,72562.2,178330.4,0,2.569306133984065e-26,3.0787623201528733e-28,-1,0.0,3.0787623201528733e-28,sp|P00450|CERU_HUMAN,CP,138,19381100.0,392432000.0,,,-1.0,-1.0,-1,,0,0,0
MS_UNDEP_PL_LAC_bRPLC_NGP_05C.19969.19969.6.2.dta,MS_UNDEP_PL_LAC_bRPLC_NGP_05C.19969.19969.6.2.dta,MS_UNDEP_PL_LAC_bRPLC_NGP_05C,19969,3773.17662,5692.37003,949.56773,6,1,PYTFHSHGITYYKEHEGAIYPDJTTDFQR,,3487.59778,5 4 2 0,H(5)N(4)A(2),(N(N(H(H(N(H(A))))(H(N(H(A))))))),1791,0 1 0 0;0 2 0 0;1 2 0 0;2 2 0 0;3 2 0 0;,2204.77244,23,12.41246,7.80195,20.97484,6,-0.00019,-0.03303,0.35294,0.19643,0.0,0,0,0.0,127663.3,125207.4,142541.4,39002.0,95599.0,0,2.8362348575502804e-14,3.6070723405470823e-16,-1,0.006787330316742,0.006787330316742,sp|P00450|CERU_HUMAN,CP,138,8563460.0,162451000.0,,,-1.0,-1.0,-1,,0,0,0
MS_UNDEP_PL_LAC_bRPLC_NGP_05C.20266.20266.4.3.dta,MS_UNDEP_PL_LAC_bRPLC_NGP_05C.20266.20266.4.3.dta,MS_UNDEP_PL_LAC_bRPLC_NGP_05C,20266,3821.26506,3360.51371,840.88388,4,1,VFHIHJESWVLLTPK,,1819.98537,7 2 0 0,H(7)N(2),(N(N(H(H(H))(H(H(H(H))))))),1622,0 1 0 0;0 2 0 0;1 2 0 0;2 2 0 0;3 2 0 0;4 2 0 0;5 2 0 0;,1540.52851,6,23.31463,7.34649,52.96973,7,-0.00016,-0.04844,0.9,0.28571,0.0,0,0,83088.8,12695.1,28451.6,37970.5,0.0,0.0,0,1.1688202396485264e-34,1.3391157922146948e-36,-1,0.006787330316742,0.006787330316742,sp|O75882|ATRN_HUMAN,ATRN,428,9354950.0,55329600.0,,,-1.0,-1.0,-1,,0,0,0
MS_UNDEP_PL_LAC_bRPLC_NGP_05C.20359.20359.4.1.dta,MS_UNDEP_PL_LAC_bRPLC_NGP_05C.20359.20359.4.1.dta,MS_UNDEP_PL_LAC_bRPLC_NGP_05C,20359,3836.24052,3036.40308,759.85623,4,1,VFHIHJESWVLLTPK,,1819.98537,5 2 0 0,H(5)N(2),(N(N(H(H)(H(H(H)))))),2249,0 1 0 0;0 2 0 0;1 2 0 0;2 2 0 0;3 2 0 0;4 2 0 0;,1216.42286,6,19.31067,10.10662,36.4039,6,-0.00514,-1.69408,0.875,0.32143,0.0,0,0,34293.5,7725.3,33347.6,43584.1,0.0,0.0,0,3.060109144684505e-24,2.766378249479371e-26,-1,0.0,2.766378249479371e-26,sp|O75882|ATRN_HUMAN,ATRN,428,127101000.0,707609000.0,,,-1.0,-1.0,-1,,0,0,0
MS_UNDEP_PL_LAC_bRPLC_NGP_05C.20466.20466.2.0.dta,MS_UNDEP_PL_LAC_bRPLC_NGP_05C.20466.20466.2.0.dta,MS_UNDEP_PL_LAC_bRPLC_NGP_05C,20466,3854.70234,3036.40549,1518.70638,2,1,VFHIHJESWVLLTPK,,1819.98537,5 2 0 0,H(5)N(2),(N(N(H(H(H))(H(H))))),1637,0 1 0 0;0 2 0 0;2 2 0 0;3 2 0 0;4 2 0 0;,1216.42286,6,14.2125,8.21723,25.34656,6,-0.00274,-0.90301,0.875,0.32143,0.0,0,0,8325.8,6452.8,45306.0,69311.2,0.0,0.0,0,2.969724316585313e-17,6.209459336077056e-19,-1,0.0024096385542168,0.0024096385542168,sp|O75882|ATRN_HUMAN,ATRN,428,20312600.0,99310700.0,,,-1.0,-1.0,-1,,0,0,0
MS_UNDEP_PL_LAC_bRPLC_NGP_05C.20493.20493.3.0.dta,MS_UNDEP_PL_LAC_bRPLC_NGP_05C.20493.20493.3.0.dta,MS_UNDEP_PL_LAC_bRPLC_NGP_05C,20493,3859.21362,3649.62849,1217.21435,3,1,TVLTPATNHMGJVTFTIPANR,"10,Oxidation[M];",2271.15503,6 2 0 0,H(6)N(2),(N(N(H(H(H))(H(H(H)))))),1628,0 1 0 0;0 2 0 0;1 2 0 0;2 2 0 0;3 2 0 0;4 2 0 0;5 2 0 0;,1378.47569,12,17.45207,9.72295,31.80617,6,-0.00223,-0.61084,0.88889,0.275,0.0,0,0,16557.0,16864.2,47739.3,39910.2,0.0,0.0,0,1.878018048455973e-21,5.114627718382328e-23,-1,0.0,5.114627718382328e-23,sp|P01024|CO3_HUMAN,C3,85,23563200.0,172547000.0,,,-1.0,-1.0,-1,,0,0,0
MS_UNDEP_PL_LAC_bRPLC_NGP_05C.20542.20542.4.1.dta,MS_UNDEP_PL_LAC_bRPLC_NGP_05C.20542.20542.4.1.dta,MS_UNDEP_PL_LAC_bRPLC_NGP_05C,20542,3867.84948,3036.40497,759.8567,4,1,VFHIHJESWVLLTPK,,1819.98537,5 2 0 0,H(5)N(2),(N(N(H(H(H))(H(H))))),1637,0 1 0 0;0 2 0 0;1 2 0 0;2 2 0 0;3 2 0 0;4 2 0 0;,1216.42286,6,66.37665,59.59635,78.96864,7,-0.00326,-1.07361,1.0,0.67857,0.0,0,0,200977.0,53966.3,190761.6,222171.3,0.0,0.0,0,2.0406876113333195e-51,3.1690182362525487e-53,-1,0.0,3.1690182362525487e-53,sp|O75882|ATRN_HUMAN,ATRN,428,125607000.0,701016000.0,,,-1.0,-1.0,-1,,0,0,0
MS_UNDEP_PL_LAC_bRPLC_NGP_05C.20549.20549.3.0.dta,MS_UNDEP_PL_LAC_bRPLC_NGP_05C.20549.20549.3.0.dta,MS_UNDEP_PL_LAC_bRPLC_NGP_05C,20549,3869.02134,3036.40533,1012.80663,3,1,VFHIHJESWVLLTPK,,1819.98537,5 2 0 0,H(5)N(2),(N(N(H(H(H))(H(H))))),1637,0 1 0 0;0 2 0 0;1 2 0 0;2 2 0 0;3 2 0 0;4 2 0 0;,1216.42286,6,62.08403,53.63772,77.77003,7,-0.0029,-0.95571,1.0,0.67857,0.0,0,0,95523.8,44807.3,143491.9,161854.6,0.0,0.0,0,1.1898111733000934e-50,1.2024556706878226e-52,-1,0.0,1.2024556706878226e-52,sp|O75882|ATRN_HUMAN,ATRN,428,103279000.0,551303000.0,,,-1.0,-1.0,-1,,0,0,0
MS_UNDEP_PL_LAC_bRPLC_NGP_05C.20675.20675.3.0.dta,MS_UNDEP_PL_LAC_bRPLC_NGP_05C.20675.20675.3.0.dta,MS_UNDEP_PL_LAC_bRPLC_NGP_05C,20675,3890.31636,3649.62856,1217.21437,3,1,TVLTPATNHMGJVTFTIPANR,"10,Oxidation[M];",2271.15503,6 2 0 0,H(6)N(2),(N(N(H(H(H))(H(H(H)))))),1628,0 1 0 0;0 2 0 0;1 2 0 0;2 2 0 0;3 2 0 0;4 2 0 0;5 2 0 0;,1378.47569,12,23.65702,16.37717,37.17674,6,-0.00215,-0.59029,0.88889,0.375,0.0,0,0,20202.8,19363.9,58794.9,56353.4,0.0,0.0,0,1.058328306973403e-24,1.2597689618465612e-26,-1,0.0,1.2597689618465612e-26,sp|P01024|CO3_HUMAN,C3,85,31926300.0,226266000.0,,,-1.0,-1.0,-1,,0,0,0
MS_UNDEP_PL_LAC_bRPLC_NGP_05C.20896.20896.3.0.dta,MS_UNDEP_PL_LAC_bRPLC_NGP_05C.20896.20896.3.0.dta,MS_UNDEP_PL_LAC_bRPLC_NGP_05C,20896,3926.63862,3433.38741,1145.13399,3,1,EJISDPTSPLR,,1228.61681,5 4 2 0,H(5)N(4)A(2),(N(N(H(H(N(H(A))))(H(N(H(A))))))),1791,0 1 0 0;0 2 0 0;1 2 0 0;2 2 0 0;3 2 0 0;3 3 0 0;3 3 1 0;4 3 0 0;4 3 1 0;4 4 0 0;5 4 0 0;5 4 1 0;,2204.77244,2,37.66437,13.2024,83.09375,7,-0.00183,-0.53418,0.82353,0.6,0.0,0,0,0.0,677570.0,663989.7,688798.1,162843.3,390683.3,0,4.721669618182726e-54,9.984129070052998e-56,-1,0.0,9.984129070052998e-56,sp|P01591|IGJ_HUMAN,JCHAIN,71,50187700.0,294625000.0,,,-1.0,-1.0,-1,,0,0,0
MS_UNDEP_PL_LAC_bRPLC_NGP_05C.22275.22275.3.0.dta,MS_UNDEP_PL_LAC_bRPLC_NGP_05C.22275.22275.3.0.dta,MS_UNDEP_PL_LAC_bRPLC_NGP_05C,22275,4149.4332,3795.68779,1265.90078,3,1,TVLTPATNHMGJVTFTIPANR,,2255.16011,7 2 0 0,H(7)N(2),(N(N(H(H(H))(H(H(H(H))))))),1622,0 1 0 0;0 2 0 0;1 2 0 0;2 2 0 0;3 2 0 0;4 2 0 0;5 2 0 0;6 2 0 0;,1540.52851,12,35.24001,18.74782,65.86836,7,-0.00084,-0.22098,1.0,0.375,0.0,0,0,47541.9,38847.1,100201.8,96501.5,0.0,7577.4,0,5.029867185039442e-43,1.118051086032459e-44,-1,0.0,1.118051086032459e-44,sp|P01024|CO3_HUMAN,C3,85,10318100.0,83132000.0,,,-1.0,-1.0,-1,,0,0,0
MS_UNDEP_PL_LAC_bRPLC_NGP_05C.22372.22372.4.1.dta,MS_UNDEP_PL_LAC_bRPLC_NGP_05C.22372.22372.4.1.dta,MS_UNDEP_PL_LAC_bRPLC_NGP_05C,22372,4165.08036,3633.63488,909.16418,4,1,TVLTPATNHMGJVTFTIPANR,,2255.16011,6 2 0 0,H(6)N(2),(N(N(H(H(H))(H(H(H)))))),1628,0 1 0 0;2 2 0 0;3 2 0 0;,1378.47569,12,10.45256,14.714,2.53846,3,-0.00092,-0.25218,0.33333,0.325,0.0,0,0,20225.4,10094.3,29267.9,25928.6,0.0,0.0,0,0.0582795616862791,0.0081315177422582,-1,0.0,0.0081315177422582,sp|P01024|CO3_HUMAN,C3,85,15914200.0,107024000.0,,,-1.0,-1.0,-1,,0,0,0
MS_UNDEP_PL_LAC_bRPLC_NGP_05C.22422.22422.2.0.dta,MS_UNDEP_PL_LAC_bRPLC_NGP_05C.22422.22422.2.0.dta,MS_UNDEP_PL_LAC_bRPLC_NGP_05C,22422,4173.15048,3633.63592,1817.3216,2,1,TVLTPATNHMGJVTFTIPANR,,2255.16011,6 2 0 0,H(6)N(2),(N(N(H(H(H))(H(H(H)))))),1628,0 1 0 0;0 2 0 0;3 2 0 0;4 2 0 0;5 2 0 0;,1378.47569,12,13.16079,13.96391,11.66928,4,0.00012,0.03403,0.66667,0.35,0.0,0,0,16385.2,13047.7,56686.3,126453.8,0.0,0.0,0,5.7017718128292786e-08,1.3264884923350026e-09,-1,0.0,1.3264884923350026e-09,sp|P01024|CO3_HUMAN,C3,85,906116.0,6176410.0,,,-1.0,-1.0,-1,,0,0,0
MS_UNDEP_PL_LAC_bRPLC_NGP_05C.22488.22488.3.0.dta,MS_UNDEP_PL_LAC_bRPLC_NGP_05C.22488.22488.3.0.dta,MS_UNDEP_PL_LAC_bRPLC_NGP_05C,22488,4183.84368,3471.58268,1157.86574,3,1,TVLTPATNHMGJVTFTIPANR,,2255.16011,5 2 0 0,H(5)N(2),(N(N(H(H)(H(H(H)))))),2249,0 1 0 0;0 2 0 0;1 2 0 0;2 2 0 0;3 2 0 0;4 2 0 0;,1216.42286,12,26.20906,22.86524,32.419,6,-0.0003,-0.08553,0.875,0.425,0.0,0,0,14594.8,33135.4,70558.1,73155.5,0.0,4965.2,0,7.852262961778692e-22,1.3803083537645284e-23,-1,0.0,1.3803083537645284e-23,sp|P01024|CO3_HUMAN,C3,85,22562200.0,139770000.0,,,-1.0,-1.0,-1,,0,0,0
MS_UNDEP_PL_LAC_bRPLC_NGP_05C.22524.22524.4.1.dta,MS_UNDEP_PL_LAC_bRPLC_NGP_05C.22524.22524.4.1.dta,MS_UNDEP_PL_LAC_bRPLC_NGP_05C,22524,4189.63416,3471.5829,868.65118,4,1,TVLTPATNHMGJVTFTIPANR,,2255.16011,5 2 0 0,H(5)N(2),(N(N(H(H(H))(H(H))))),1637,0 1 0 0;2 2 0 0;3 2 0 0;4 2 0 0;,1216.42286,12,17.61643,22.50376,8.53995,4,-8e-05,-0.02215,0.625,0.375,0.0,0,0,22836.6,21063.1,77313.5,49593.9,0.0,0.0,0,6.534485865451319e-06,2.1659562116097122e-07,-1,0.0,2.1659562116097122e-07,sp|P01024|CO3_HUMAN,C3,85,2798000.0,18719700.0,,,-1.0,-1.0,-1,,0,0,0
MS_UNDEP_PL_LAC_bRPLC_NGP_05C.22552.22552.3.0.dta,MS_UNDEP_PL_LAC_bRPLC_NGP_05C.22552.22552.3.0.dta,MS_UNDEP_PL_LAC_bRPLC_NGP_05C,22552,4194.21864,3633.63474,1211.8831,3,1,TVLTPATNHMGJVTFTIPANR,,2255.16011,6 2 0 0,H(6)N(2),(N(N(H(H(H))(H(H)(H))))),1636,0 1 0 0;0 2 0 0;1 2 0 0;2 2 0 0;3 2 0 0;4 2 0 0;5 2 0 0;,1378.47569,12,54.66392,48.81294,65.53001,7,-0.00106,-0.29209,1.0,0.65,0.0,0,0,87616.7,70419.8,190467.7,187862.5,0.0,0.0,0,8.306641886322117e-43,2.0131711867336141e-44,-1,0.0,2.0131711867336141e-44,sp|P01024|CO3_HUMAN,C3,85,80293300.0,605585000.0,,,-1.0,-1.0,-1,,0,0,0
MS_UNDEP_PL_LAC_bRPLC_NGP_05C.22573.22573.4.2.dta,MS_UNDEP_PL_LAC_bRPLC_NGP_05C.22573.22573.4.2.dta,MS_UNDEP_PL_LAC_bRPLC_NGP_05C,22573,4197.52728,3633.63516,909.16425,4,1,TVLTPATNHMGJVTFTIPANR,,2255.16011,6 2 0 0,H(6)N(2),(N(N(H(H(H))(H(H(H)))))),1628,0 1 0 0;0 2 0 0;3 2 0 0;4 2 0 0;,1378.47569,12,17.11679,22.35296,7.39246,4,-0.00064,-0.17513,0.55556,0.425,0.0,0,0,23300.4,12642.5,36291.2,25420.8,0.0,0.0,0,2.8065371360600724e-05,1.2711534325163795e-06,-1,0.0,1.2711534325163795e-06,sp|P01024|CO3_HUMAN,C3,85,15914200.0,107024000.0,,,-1.0,-1.0,-1,,0,0,0
MS_UNDEP_PL_LAC_bRPLC_NGP_05C.25848.25848.4.1.dta,MS_UNDEP_PL_LAC_bRPLC_NGP_05C.25848.25848.4.1.dta,MS_UNDEP_PL_LAC_bRPLC_NGP_05C,25848,4726.98036,4609.05858,1153.0201,4,1,MVSHHJLTTGATLINEQWLLTTAK,"1,Oxidation[M];",2695.38721,5 4 1 0,H(5)N(4)A(1),(N(N(H(H(N(H)))(H(N(H(A))))))),2036,0 1 0 0;1 2 0 0;2 2 0 0;3 2 0 0;3 3 0 0;4 3 0 0;5 4 0 0;,1913.67702,6,9.01605,8.475,10.02088,4,-0.00566,-1.22856,0.4375,0.30435,0.0,0,0,0.0,113312.2,100061.9,173107.5,19741.1,73395.0,0,8.135120780630525e-07,2.123304081855773e-08,-1,0.0,2.123304081855773e-08,sp|P00738|HPT_HUMAN;sp|P00739|HPTR_HUMAN,HP;HPR,184;126,5570300.0,66056700.0,,,-1.0,-1.0,-1,,0,0,0
MS_UNDEP_PL_LAC_bRPLC_NGP_05C.26311.26311.4.4.dta,MS_UNDEP_PL_LAC_bRPLC_NGP_05C.26311.26311.4.4.dta,MS_UNDEP_PL_LAC_bRPLC_NGP_05C,26311,4801.29324,4593.06799,1149.02245,4,1,MVSHHJLTTGATLINEQWLLTTAK,,2679.3923,5 4 1 0,H(5)N(4)A(1),(N(N(H(H(N(H)))(H(N(H(A))))))),2036,0 1 0 0;0 2 0 0;1 2 0 0;2 2 0 0;3 2 0 0;3 3 0 0;3 3 1 0;4 3 0 0;4 4 0 0;5 4 0 0;,1913.67702,6,22.31865,19.67818,27.22237,5,-0.00134,-0.29077,0.625,0.45652,0.0,0,0,0.0,187067.8,189555.7,299534.7,35189.9,105592.2,0,1.6292453077200789e-18,3.463189376798601e-20,-1,0.0,3.463189376798601e-20,sp|P00738|HPT_HUMAN;sp|P00739|HPTR_HUMAN,HP;HPR,184;126,12046300.0,134192000.0,,,-1.0,-1.0,-1,,0,0,0
MS_UNDEP_PL_LAC_bRPLC_NGP_05C.26620.26620.4.1.dta,MS_UNDEP_PL_LAC_bRPLC_NGP_05C.26620.26620.4.1.dta,MS_UNDEP_PL_LAC_bRPLC_NGP_05C,26620,4851.50694,5123.27517,1281.57425,4,1,SLGNVJFTVSAEALESQELCGTEVPSVPEHGRK,"20,Carbamidomethyl[C];",3541.72275,6 3 0 0,H(6)N(3),(N(N(H(H(H)(H))(H(N(H)))))),1593,0 1 0 0;1 2 0 0;3 2 0 0;4 2 0 0;5 2 0 0;5 3 0 0;,1581.55506,6,12.55121,12.14234,13.31055,4,-0.00264,-0.51508,0.53846,0.25,0.0,0,0,0.0,194849.6,189360.0,321664.0,0.0,0.0,0,3.827738891516636e-09,5.319925162151706e-11,-1,0.0,5.319925162151706e-11,sp|P01023|A2MG_HUMAN,A2M,869,14013900.0,194457000.0,,,-1.0,-1.0,-1,,0,0,0
MS_UNDEP_PL_LAC_bRPLC_NGP_05C.26625.26625.5.0.dta,MS_UNDEP_PL_LAC_bRPLC_NGP_05C.26625.26625.5.0.dta,MS_UNDEP_PL_LAC_bRPLC_NGP_05C,26625,4852.27182,4759.15376,952.63657,5,1,SLGNVJFTVSAEALESQELCGTEVPSVPEHGRK,"20,Carbamidomethyl[C];17,Deamidated[Q];",3542.70677,5 2 0 0,H(5)N(2),(N(N(H(H)(H(H)(H))))),2257,0 1 0 0;1 2 0 0;2 2 0 0;3 2 0 0;4 2 0 0;,1216.42286,6,7.25536,7.27834,7.21268,4,0.02413,5.0692,0.625,0.20312,0.0,0,0,15415.7,26308.5,52124.7,45697.2,0.0,3269.1,0,3.533773592831412e-05,1.6931747081854885e-06,-1,0.006787330316742,0.006787330316742,sp|P01023|A2MG_HUMAN,A2M,869,206187.0,1047810.0,,,-1.0,-1.0,-1,,0,0,0
MS_UNDEP_PL_LAC_bRPLC_NGP_05C.26734.26734.4.1.dta,MS_UNDEP_PL_LAC_bRPLC_NGP_05C.26734.26734.4.1.dta,MS_UNDEP_PL_LAC_bRPLC_NGP_05C,26734,4869.7488,4758.14597,1190.29195,4,1,SLGNVJFTVSAEALESQELCGTEVPSVPEHGRK,"20,Carbamidomethyl[C];",3541.72275,5 2 0 0,H(5)N(2),(N(N(H(H(H))(H(H))))),1637,0 1 0 0;3 2 0 0;4 2 0 0;,1216.42286,6,18.78021,25.89566,5.5658,3,0.00035,0.07421,0.5,0.40625,0.0,0,0,21985.0,38831.7,100305.2,106867.2,0.0,9759.0,0,0.000371826463436,1.7285730225151015e-05,-1,0.0,1.7285730225151015e-05,sp|P01023|A2MG_HUMAN,A2M,869,11550000.0,146667000.0,,,-1.0,-1.0,-1,,0,0,0
MS_UNDEP_PL_LAC_bRPLC_NGP_05C.27320.27320.5.0.dta,MS_UNDEP_PL_LAC_bRPLC_NGP_05C.27320.27320.5.0.dta,MS_UNDEP_PL_LAC_bRPLC_NGP_05C,27320,4964.69694,5910.49258,1182.90434,5,1,ELHHLQEQJVSNAFLDKGEFYIGSK,,2903.43224,6 5 3 1,H(6)N(5)A(3)F(1),(N(N(H(H(N(F)(H(A))))(H(N(H(A)))(N(H(A))))))),1686,0 1 0 0;0 2 0 0;1 2 0 0;2 2 0 0;3 3 0 0;4 3 0 0;4 4 0 0;4 4 0 1;5 4 0 0;5 4 0 1;5 4 1 0;5 4 1 1;5 4 2 0;5 4 2 1;6 5 0 1;6 5 1 0;6 5 1 1;6 5 2 0;6 5 2 1;,3007.05796,9,15.96004,10.79782,25.54702,4,0.00238,0.40279,0.37255,0.3125,0.0,0,0,0.0,180966.0,183266.1,294561.1,101660.4,256381.6,0,2.170684643351096e-17,3.3055429210569136e-19,-1,0.0,3.3055429210569136e-19,sp|P00450|CERU_HUMAN,CP,762,5926620.0,144165000.0,,,-1.0,-1.0,-1,,0,0,0
MS_UNDEP_PL_LAC_bRPLC_NGP_05C.27463.27463.5.1.dta,MS_UNDEP_PL_LAC_bRPLC_NGP_05C.27463.27463.5.1.dta,MS_UNDEP_PL_LAC_bRPLC_NGP_05C,27463,4987.6095,5764.4332,1153.69246,5,1,ELHHLQEQJVSNAFLDKGEFYIGSK,,2903.43224,6 5 3 0,H(6)N(5)A(3),(N(N(H(H(N(H(A))))(H(N(H(A)))(N(H(A))))))),1790,0 1 0 0;1 2 0 0;2 2 0 0;2 3 0 0;3 2 0 0;3 3 0 0;3 3 1 0;4 3 0 0;4 4 1 0;5 4 0 0;5 4 1 0;5 4 2 0;5 5 1 0;6 5 0 0;6 5 1 0;6 5 2 0;,2861.00005,9,27.69604,23.37155,35.72723,4,0.00091,0.15777,0.53333,0.45833,0.0,0,0,0.0,306989.4,277413.7,462398.6,146838.6,397970.7,0,7.767363286272205e-24,1.1635404941758226e-25,-1,0.0,1.1635404941758226e-25,sp|P00450|CERU_HUMAN,CP,762,8270170.0,172712000.0,,,-1.0,-1.0,-1,,0,0,0
MS_UNDEP_PL_LAC_bRPLC_NGP_05C.27464.27464.4.1.dta,MS_UNDEP_PL_LAC_bRPLC_NGP_05C.27464.27464.4.1.dta,MS_UNDEP_PL_LAC_bRPLC_NGP_05C,27464,4987.7655,5764.42904,1441.86272,4,1,ELHHLQEQJVSNAFLDKGEFYIGSK,,2903.43224,6 5 3 0,H(6)N(5)A(3),(N(N(H(H(N(H(A))))(H(N(H(A)))(N(H(A))))))),1790,0 1 0 0;1 2 0 0;2 2 0 0;3 3 0 0;3 3 1 0;5 4 0 0;6 5 2 0;,2861.00005,9,6.62627,7.36695,5.25073,3,-0.00325,-0.56407,0.23333,0.25,0.0,0,0,0.0,156018.9,173164.7,312561.1,47134.2,107266.1,0,0.0006416590797098,2.765233532096723e-05,-1,0.006787330316742,0.006787330316742,sp|P00450|CERU_HUMAN,CP,762,1940400.0,50544800.0,,,-1.0,-1.0,-1,,0,0,0
MS_UNDEP_PL_LAC_bRPLC_NGP_05C.28202.28202.4.1.dta,MS_UNDEP_PL_LAC_bRPLC_NGP_05C.28202.28202.4.1.dta,MS_UNDEP_PL_LAC_bRPLC_NGP_05C,28202,5107.28382,3745.67998,937.17545,4,1,VDKDLQSLEDILHQVEJK,,2123.09789,5 4 0 0,H(5)N(4),(N(N(H(H(H))(H(N)(N(H)))))),1666,0 1 0 0;0 2 0 0;1 2 0 0;2 2 0 0;2 3 0 0;3 2 0 0;3 3 0 0;4 2 0 0;4 3 0 0;4 4 0 0;5 3 0 0;,1622.58161,17,66.40987,53.39452,90.58123,7,0.00048,0.12922,0.86667,0.76471,0.0,0,0,0.0,1294603.3,954423.0,1796479.8,0.0,0.0,0,7.5453184367355865e-59,2.3490789588149082e-60,-1,0.0,2.3490789588149082e-60,sp|P02679|FIBG_HUMAN,FGG,78,75953400.0,543035000.0,,,-1.0,-1.0,-1,,0,0,0
MS_UNDEP_PL_LAC_bRPLC_NGP_05C.28346.28346.4.1.dta,MS_UNDEP_PL_LAC_bRPLC_NGP_05C.28346.28346.4.1.dta,MS_UNDEP_PL_LAC_bRPLC_NGP_05C,28346,5130.68712,3583.62582,896.66191,4,1,VDKDLQSLEDILHQVEJK,,2123.09789,4 4 0 0,H(4)N(4),(N(N(H(H(N))(H(N(H)))))),2218,0 1 0 0;0 2 0 0;1 2 0 0;2 2 0 0;2 3 0 0;3 2 0 0;3 3 0 0;4 3 0 0;,1460.52878,17,47.31848,31.66385,76.39136,7,-0.00085,-0.2379,0.90909,0.55882,0.0,0,0,0.0,320703.5,519391.8,605420.1,0.0,0.0,0,9.044402239010534e-50,1.7990926215853358e-51,-1,0.0,1.7990926215853358e-51,sp|P02679|FIBG_HUMAN,FGG,78,32060000.0,214461000.0,,,-1.0,-1.0,-1,,0,0,0
MS_UNDEP_PL_LAC_bRPLC_NGP_05C.28593.28593.4.1.dta,MS_UNDEP_PL_LAC_bRPLC_NGP_05C.28593.28593.4.1.dta,MS_UNDEP_PL_LAC_bRPLC_NGP_05C,28593,5170.5957,5455.40401,1364.60646,4,1,SLGNVJFTVSAEALESQELCGTEVPSVPEHGRK,"20,Carbamidomethyl[C];",3541.72275,5 4 1 0,H(5)N(4)A(1),(N(N(H(H(N(H)))(H(N(H(A))))))),2036,0 1 0 0;0 2 0 0;1 2 0 0;2 2 0 0;2 3 0 0;3 2 0 0;3 3 0 0;4 3 0 0;4 3 1 0;5 4 0 0;,1913.67702,6,23.14796,12.74766,42.46281,6,0.00424,0.77639,0.6875,0.28125,0.0,0,0,0.0,341414.2,331004.9,552805.4,52925.6,128908.7,0,6.7952650596251485e-28,8.137199455072576e-30,-1,0.0,8.137199455072576e-30,sp|P01023|A2MG_HUMAN,A2M,869,3822400.0,66705500.0,,,-1.0,-1.0,-1,,0,0,0
MS_UNDEP_PL_LAC_bRPLC_NGP_05C.28682.28682.4.1.dta,MS_UNDEP_PL_LAC_bRPLC_NGP_05C.28682.28682.4.1.dta,MS_UNDEP_PL_LAC_bRPLC_NGP_05C,28682,5185.02012,5414.37374,1354.34889,4,1,SLGNVJFTVSAEALESQELCGTEVPSVPEHGRK,"20,Carbamidomethyl[C];",3541.72275,6 3 1 0,H(6)N(3)A(1),(N(N(H(H)(H(H)(H(N(H(A)))))))),2255,0 1 0 0;0 2 0 0;1 2 0 0;2 2 0 0;3 2 0 0;4 2 0 0;5 2 0 0;5 3 0 0;6 3 0 0;,1872.65047,6,42.72478,42.398,43.33166,6,0.00051,0.09393,0.66667,0.48438,0.0,0,0,0.0,1896017.3,2786503.7,3317821.5,497126.7,1329562.9,0,1.9587400027828954e-28,1.8855708356426098e-30,-1,0.0,1.8855708356426098e-30,sp|P01023|A2MG_HUMAN,A2M,869,60604700.0,1064080000.0,,,-1.0,-1.0,-1,,0,0,0
MS_UNDEP_PL_LAC_bRPLC_NGP_05C.28702.28702.5.0.dta,MS_UNDEP_PL_LAC_bRPLC_NGP_05C.28702.28702.5.0.dta,MS_UNDEP_PL_LAC_bRPLC_NGP_05C,28702,5188.1904,5414.37407,1083.68063,5,1,SLGNVJFTVSAEALESQELCGTEVPSVPEHGRK,"20,Carbamidomethyl[C];",3541.72275,6 3 1 0,H(6)N(3)A(1),(N(N(H(H)(H(H)(H(N(H(A)))))))),2255,0 1 0 0;0 2 0 0;1 2 0 0;2 2 0 0;3 2 0 0;3 3 0 0;4 2 0 0;4 3 0 0;5 2 0 0;5 3 0 0;6 3 0 0;,1872.65047,6,64.59855,66.85821,60.40205,6,0.00084,0.15488,0.8,0.67188,0.0,0,0,67036.3,526310.6,721784.4,811197.1,175253.7,502223.7,0,1.7043411846135213e-39,2.651166611671951e-41,-1,0.0,2.651166611671951e-41,sp|P01023|A2MG_HUMAN,A2M,869,29252600.0,494098000.0,,,-1.0,-1.0,-1,,0,0,0
MS_UNDEP_PL_LAC_bRPLC_NGP_05C.28827.28827.4.1.dta,MS_UNDEP_PL_LAC_bRPLC_NGP_05C.28827.28827.4.1.dta,MS_UNDEP_PL_LAC_bRPLC_NGP_05C,28827,5208.50298,5293.34758,1324.09235,4,1,SLGNVJFTVSAEALESQELCGTEVPSVPEHGRK,"20,Carbamidomethyl[C];",3541.72275,4 4 1 0,H(4)N(4)A(1),(N(N(H(H(N))(H(N(H(A))))))),2205,0 1 0 0;0 2 0 0;1 2 0 0;2 2 0 0;2 3 0 0;3 2 0 0;3 3 0 0;3 4 0 0;4 3 0 0;4 3 1 0;4 4 0 0;,1751.6242,6,61.48004,30.24339,119.49097,7,0.00063,0.11844,0.92857,0.39062,0.0,0,0,0.0,782053.2,1491128.8,1745563.7,217698.9,537078.5,0,1.408292808090071e-77,5.040442144235436e-79,-1,0.0,5.040442144235436e-79,sp|P01023|A2MG_HUMAN,A2M,869,31057000.0,503560000.0,,,-1.0,-1.0,-1,,0,0,0
MS_UNDEP_PL_LAC_bRPLC_NGP_05C.28874.28874.4.3.dta,MS_UNDEP_PL_LAC_bRPLC_NGP_05C.28874.28874.4.3.dta,MS_UNDEP_PL_LAC_bRPLC_NGP_05C,28874,5216.06274,5414.37406,1354.34897,4,1,SLGNVJFTVSAEALESQELCGTEVPSVPEHGRK,"20,Carbamidomethyl[C];",3541.72275,6 3 1 0,H(6)N(3)A(1),(N(N(H(H)(H(H)(H(N(H(A)))))))),2255,0 1 0 0;1 2 0 0;2 2 0 0;4 2 0 0;5 2 0 0;5 3 0 0;6 3 0 0;,1872.65047,6,26.53569,32.88491,14.74428,4,0.00083,0.15378,0.53333,0.4375,0.0,0,0,0.0,500808.1,706471.7,875610.7,133891.2,381166.8,0,3.8514267771754076e-10,6.3320937272761555e-12,-1,0.0,6.3320937272761555e-12,sp|P01023|A2MG_HUMAN,A2M,869,60604700.0,1064080000.0,,,-1.0,-1.0,-1,,0,0,0
MS_UNDEP_PL_LAC_bRPLC_NGP_05C.28875.28875.5.1.dta,MS_UNDEP_PL_LAC_bRPLC_NGP_05C.28875.28875.5.1.dta,MS_UNDEP_PL_LAC_bRPLC_NGP_05C,28875,5216.21676,5293.34653,1059.47513,5,1,SLGNVJFTVSAEALESQELCGTEVPSVPEHGRK,"20,Carbamidomethyl[C];",3541.72275,4 4 1 0,H(4)N(4)A(1),(N(N(H(H(N))(H(N(H(A))))))),2205,0 1 0 0;0 2 0 0;1 2 0 0;2 2 0 0;2 3 0 0;3 2 0 0;3 3 0 0;4 3 0 0;4 4 0 0;,1751.6242,6,26.38892,16.67751,44.42442,6,-0.00042,-0.07974,0.71429,0.32812,0.0,0,0,0.0,196415.0,396076.2,380719.4,68078.3,209010.1,0,4.0257963683418486e-29,2.760264724250273e-31,-1,0.0,2.760264724250273e-31,sp|P01023|A2MG_HUMAN,A2M,869,12845700.0,223045000.0,,,-1.0,-1.0,-1,,0,0,0
MS_UNDEP_PL_LAC_bRPLC_NGP_05C.28894.28894.5.0.dta,MS_UNDEP_PL_LAC_bRPLC_NGP_05C.28894.28894.5.0.dta,MS_UNDEP_PL_LAC_bRPLC_NGP_05C,28894,5219.33106,5414.37482,1083.68078,5,1,SLGNVJFTVSAEALESQELCGTEVPSVPEHGRK,"20,Carbamidomethyl[C];",3541.72275,6 3 1 0,H(6)N(3)A(1),(N(N(H(H)(H(H)(H(N(H(A)))))))),2255,0 1 0 0;0 2 0 0;2 2 0 0;3 2 0 0;4 2 0 0;5 2 0 0;5 3 0 0;6 3 0 0;,1872.65047,6,21.88613,18.71662,27.77237,5,0.00159,0.2934,0.6,0.32812,0.0,0,0,16014.9,138636.0,196918.3,209014.8,55750.1,142675.4,0,7.056193239536854e-19,1.8428745875999616e-20,-1,0.0,1.8428745875999616e-20,sp|P01023|A2MG_HUMAN,A2M,869,29252600.0,494098000.0,,,-1.0,-1.0,-1,,0,0,0
MS_UNDEP_PL_LAC_bRPLC_NGP_05C.28954.28954.4.3.dta,MS_UNDEP_PL_LAC_bRPLC_NGP_05C.28954.28954.4.3.dta,MS_UNDEP_PL_LAC_bRPLC_NGP_05C,28954,5229.07464,5090.26641,1273.32206,4,1,SLGNVJFTVSAEALESQELCGTEVPSVPEHGRK,"20,Carbamidomethyl[C];",3541.72275,4 3 1 0,H(4)N(3)A(1),(N(N(H(H)(H(N(H(A))))))),2270,0 1 0 0;0 2 0 0;1 2 0 0;2 2 0 0;3 2 0 0;3 3 0 0;3 3 1 0;4 3 0 0;,1548.54483,6,41.65562,35.02777,53.96446,6,-0.00117,-0.23035,0.81818,0.46875,0.0,0,0,0.0,351965.5,526830.4,648458.1,100210.6,259443.3,0,2.62022432004751e-35,4.579608846688896e-37,-1,0.0,4.579608846688896e-37,sp|P01023|A2MG_HUMAN,A2M,869,19731800.0,302620000.0,,,-1.0,-1.0,-1,,0,0,0
MS_UNDEP_PL_LAC_bRPLC_NGP_05C.29018.29018.4.3.dta,MS_UNDEP_PL_LAC_bRPLC_NGP_05C.29018.29018.4.3.dta,MS_UNDEP_PL_LAC_bRPLC_NGP_05C,29018,5239.4949,5294.3501,1324.34298,4,1,SLGNVJFTVSAEALESQELCGTEVPSVPEHGRK,"20,Carbamidomethyl[C];17,Deamidated[Q];",3542.70677,4 4 1 0,H(4)N(4)A(1),(N(N(H(H(N))(H(N(H(A))))))),2205,0 2 0 0;1 2 0 0;2 2 0 0;2 3 0 0;3 3 0 0;3 3 1 0;3 4 0 0;4 3 0 0;4 3 1 0;4 4 0 0;,1751.6242,6,18.59823,11.20429,32.32982,4,0.01913,3.61346,0.78571,0.23438,0.0,0,0,0.0,227230.0,391164.5,454050.4,56782.3,152623.6,0,8.911095517720709e-22,1.6624004657370126e-23,-1,0.0,1.6624004657370126e-23,sp|P01023|A2MG_HUMAN,A2M,869,82190100.0,489537000.0,,,-1.0,-1.0,-1,,0,0,0
MS_UNDEP_PL_LAC_bRPLC_NGP_05C.29066.29066.4.1.dta,MS_UNDEP_PL_LAC_bRPLC_NGP_05C.29066.29066.4.1.dta,MS_UNDEP_PL_LAC_bRPLC_NGP_05C,29066,5247.19386,5414.37532,1354.34929,4,1,SLGNVJFTVSAEALESQELCGTEVPSVPEHGRK,"20,Carbamidomethyl[C];",3541.72275,6 3 1 0,H(6)N(3)A(1),(N(N(H(H)(H(H)(H(N(H(A)))))))),2255,0 1 0 0;2 2 0 0;3 2 0 0;4 2 0 0;5 2 0 0;5 3 1 0;6 3 0 0;,1872.65047,6,14.28734,12.29126,17.99435,4,0.00209,0.38575,0.53333,0.26562,0.0,0,0,0.0,196089.0,281923.8,325189.2,53848.3,143009.2,0,2.620611116604378e-12,7.192034841440244e-14,-1,0.0,7.192034841440244e-14,sp|P01023|A2MG_HUMAN,A2M,869,60604700.0,1064080000.0,,,-1.0,-1.0,-1,,0,0,0
MS_UNDEP_PL_LAC_bRPLC_NGP_05C.29154.29154.4.1.dta,MS_UNDEP_PL_LAC_bRPLC_NGP_05C.29154.29154.4.1.dta,MS_UNDEP_PL_LAC_bRPLC_NGP_05C,29154,5261.42514,5090.26593,1273.32194,4,1,SLGNVJFTVSAEALESQELCGTEVPSVPEHGRK,"20,Carbamidomethyl[C];",3541.72275,4 3 1 0,H(4)N(3)A(1),(N(N(H(H)(H(N(H(A))))))),2270,0 1 0 0;0 2 0 0;1 2 0 0;2 2 0 0;3 2 0 0;4 3 0 0;,1548.54483,6,13.8866,7.23851,26.23307,6,-0.00165,-0.32386,0.63636,0.1875,0.0,0,0,0.0,111266.5,159907.4,211487.9,27008.8,66044.8,0,7.465753086049327e-18,1.3212046101509492e-19,-1,0.006787330316742,0.006787330316742,sp|P01023|A2MG_HUMAN,A2M,869,19731800.0,302620000.0,,,-1.0,-1.0,-1,,0,0,0
MS_UNDEP_PL_LAC_bRPLC_NGP_05C.29177.29177.4.1.dta,MS_UNDEP_PL_LAC_bRPLC_NGP_05C.29177.29177.4.1.dta,MS_UNDEP_PL_LAC_bRPLC_NGP_05C,29177,5265.15534,4792.10361,1198.78136,4,1,SLGNVJFTVSAEALESQELCGTEVPSVPEHGR,"20,Carbamidomethyl[C];",3413.62779,6 2 0 0,H(6)N(2),(N(N(H(H(H))(H(H)(H))))),1636,0 1 0 0;2 2 0 0;3 2 0 0;4 2 0 0;,1378.47569,6,12.59606,14.93619,8.2501,4,0.00014,0.02852,0.55556,0.32258,0.0,0,0,35069.0,21688.5,59570.3,55309.1,0.0,3799.0,0,9.48163906357344e-06,4.485692824626981e-07,-1,0.0,4.485692824626981e-07,sp|P01023|A2MG_HUMAN,A2M,869,34133600.0,426335000.0,,,-1.0,-1.0,-1,,0,0,0
MS_UNDEP_PL_LAC_bRPLC_NGP_05C.29194.29194.4.3.dta,MS_UNDEP_PL_LAC_bRPLC_NGP_05C.29194.29194.4.3.dta,MS_UNDEP_PL_LAC_bRPLC_NGP_05C,29194,5267.86776,4793.10606,1199.03197,4,1,SLGNVJFTVSAEALESQELCGTEVPSVPEHGR,"20,Carbamidomethyl[C];17,Deamidated[Q];",3414.61181,6 2 0 0,H(6)N(2),(N(N(H(H(H))(H(H(H)))))),1628,0 1 0 0;0 2 0 0;1 2 0 0;3 2 0 0;,1378.47569,6,16.20044,18.86344,11.25485,5,0.01857,3.87403,0.55556,0.35484,0.0,0,0,49175.3,33153.0,84316.6,90830.2,0.0,4929.9,0,1.1303280352650749e-07,3.174678785045526e-09,-1,0.0,3.174678785045526e-09,sp|P01023|A2MG_HUMAN,A2M,869,78503900.0,390474000.0,,,-1.0,-1.0,-1,,0,0,0
MS_UNDEP_PL_LAC_bRPLC_NGP_05C.29250.29250.4.1.dta,MS_UNDEP_PL_LAC_bRPLC_NGP_05C.29250.29250.4.1.dta,MS_UNDEP_PL_LAC_bRPLC_NGP_05C,29250,5277.05826,4995.18119,1249.55075,4,1,SLGNVJFTVSAEALESQELCGTEVPSVPEHGR,"20,Carbamidomethyl[C];",3413.62779,6 3 0 0,H(6)N(3),(N(N(H(H(H)(H))(H(H(N)))))),1547,0 1 0 0;0 2 0 0;1 2 0 0;2 2 0 0;3 2 0 0;3 3 0 0;4 2 0 0;5 2 0 0;5 3 0 0;6 2 0 0;,1581.55506,6,74.59741,78.7455,66.89381,7,-0.00166,-0.33149,0.92308,0.72581,0.0,0,0,0.0,963780.2,895364.1,1244063.4,0.0,0.0,0,1.1008230440612373e-43,2.79020227204552e-45,-1,0.0,2.79020227204552e-45,sp|P01023|A2MG_HUMAN,A2M,869,24151900.0,359763000.0,,,-1.0,-1.0,-1,,0,0,0
MS_UNDEP_PL_LAC_bRPLC_NGP_05C.29268.29268.4.1.dta,MS_UNDEP_PL_LAC_bRPLC_NGP_05C.29268.29268.4.1.dta,MS_UNDEP_PL_LAC_bRPLC_NGP_05C,29268,5280.01026,5414.37765,1354.34987,4,1,SLGNVJFTVSAEALESQELCGTEVPSVPEHGRK,"20,Carbamidomethyl[C];",3541.72275,6 3 1 0,H(6)N(3)A(1),(N(N(H(H)(H(H)(H(N(H(A)))))))),2255,0 1 0 0;2 2 0 0;4 2 0 0;5 2 0 0;5 3 0 0;5 3 1 0;6 3 0 0;,1872.65047,6,10.48499,9.79239,11.77127,3,0.00442,0.81646,0.53333,0.23438,0.0,0,0,0.0,148647.5,231047.6,260502.0,43843.9,107306.0,0,4.816005747942564e-08,1.043150674494958e-09,-1,0.0,1.043150674494958e-09,sp|P01023|A2MG_HUMAN,A2M,869,60907900.0,1066930000.0,,,-1.0,-1.0,-1,,0,0,0
MS_UNDEP_PL_LAC_bRPLC_NGP_05C.29284.29284.4.1.dta,MS_UNDEP_PL_LAC_bRPLC_NGP_05C.29284.29284.4.1.dta,MS_UNDEP_PL_LAC_bRPLC_NGP_05C,29284,5282.57376,4874.1543,1219.29403,4,1,SLGNVJFTVSAEALESQELCGTEVPSVPEHGR,"20,Carbamidomethyl[C];",3413.62779,4 4 0 0,H(4)N(4),(N(N(H(H(N))(H(N(H)))))),2218,0 1 0 0;2 2 0 0;2 3 0 0;3 2 0 0;3 3 0 0;4 3 0 0;,1460.52878,6,13.15218,11.61726,16.00275,4,-0.00228,-0.46727,0.63636,0.25806,0.0,0,0,0.0,197836.8,250591.1,311941.2,0.0,0.0,0,5.4183166024036647e-11,1.0812902166923998e-12,-1,0.0,1.0812902166923998e-12,sp|P01023|A2MG_HUMAN,A2M,869,2857990.0,46092600.0,,,-1.0,-1.0,-1,,0,0,0
MS_UNDEP_PL_LAC_bRPLC_NGP_05C.29298.29298.4.3.dta,MS_UNDEP_PL_LAC_bRPLC_NGP_05C.29298.29298.4.3.dta,MS_UNDEP_PL_LAC_bRPLC_NGP_05C,29298,5284.90302,4955.1578,1239.54491,4,1,SLGNVJFTVSAEALESQELCGTEVPSVPEHGR,"20,Carbamidomethyl[C];17,Deamidated[Q];",3414.61181,7 2 0 0,H(7)N(2),(N(N(H(H(H))(H(H(H(H))))))),1622,0 2 0 0;2 2 0 0;3 2 0 0;4 2 0 0;5 2 0 0;,1540.52851,6,7.93402,9.53141,4.96745,3,0.01749,3.52869,0.5,0.24194,0.0,0,0,44480.9,32311.4,65711.1,65896.9,0.0,5709.1,0,0.0011072285322385,4.397432149540314e-05,-1,0.0,4.397432149540314e-05,sp|P01023|A2MG_HUMAN,A2M,869,11723700.0,66127400.0,,,-1.0,-1.0,-1,,0,0,0
MS_UNDEP_PL_LAC_bRPLC_NGP_05C.29369.29369.4.1.dta,MS_UNDEP_PL_LAC_bRPLC_NGP_05C.29369.29369.4.1.dta,MS_UNDEP_PL_LAC_bRPLC_NGP_05C,29369,5296.46028,4630.05032,1158.26804,4,1,SLGNVJFTVSAEALESQELCGTEVPSVPEHGR,"20,Carbamidomethyl[C];",3413.62779,5 2 0 0,H(5)N(2),(N(N(H(H(H))(H(H))))),1637,0 1 0 0;0 2 0 0;1 2 0 0;2 2 0 0;3 2 0 0;4 2 0 0;,1216.42286,6,132.40249,169.52101,63.46809,6,-0.00033,-0.07169,0.875,0.96774,0.0,0,0,881337.6,698947.3,2256837.1,1887979.5,0.0,0.0,0,1.7736113116830298e-41,3.3603943558998857e-43,-1,0.0,3.3603943558998857e-43,sp|P01023|A2MG_HUMAN,A2M,869,170710000.0,2082580000.0,,,-1.0,-1.0,-1,,0,0,0
MS_UNDEP_PL_LAC_bRPLC_NGP_05C.29373.29373.4.5.dta,MS_UNDEP_PL_LAC_bRPLC_NGP_05C.29373.29373.4.5.dta,MS_UNDEP_PL_LAC_bRPLC_NGP_05C,29373,5297.07144,4671.0774,1168.52481,4,1,SLGNVJFTVSAEALESQELCGTEVPSVPEHGR,"20,Carbamidomethyl[C];",3413.62779,4 3 0 0,H(4)N(3),(N(N(H(H)(H(N(H)))))),2281,0 1 0 0;1 2 0 0;2 2 0 0;3 2 0 0;3 3 0 0;,1257.44941,6,18.13132,19.77512,15.07856,5,0.0002,0.04346,0.66667,0.37097,0.0,0,0,0.0,137736.0,144564.9,210631.7,0.0,0.0,0,2.2769312358880718e-10,4.388089538680365e-12,-1,0.0,4.388089538680365e-12,sp|P01023|A2MG_HUMAN,A2M,869,2563760.0,43682300.0,,,-1.0,-1.0,-1,,0,0,0
MS_UNDEP_PL_LAC_bRPLC_NGP_05C.29384.29384.4.1.dta,MS_UNDEP_PL_LAC_bRPLC_NGP_05C.29384.29384.4.1.dta,MS_UNDEP_PL_LAC_bRPLC_NGP_05C,29384,5298.96792,4792.1026,1198.78111,4,1,SLGNVJFTVSAEALESQELCGTEVPSVPEHGR,"20,Carbamidomethyl[C];",3413.62779,6 2 0 0,H(6)N(2),(N(N(H(H(H))(H(H)(H))))),1636,0 1 0 0;0 2 0 0;1 2 0 0;2 2 0 0;3 2 0 0;4 2 0 0;5 2 0 0;,1378.47569,6,99.71086,123.05947,56.34915,6,-0.00087,-0.18183,0.88889,0.91935,0.0,0,0,145215.2,79265.0,236326.8,206437.1,0.0,0.0,0,7.308032690981162e-37,1.7835644308156683e-38,-1,0.0,1.7835644308156683e-38,sp|P01023|A2MG_HUMAN,A2M,869,34133600.0,426335000.0,,,-1.0,-1.0,-1,,0,0,0
MS_UNDEP_PL_LAC_bRPLC_NGP_05C.29400.29400.3.0.dta,MS_UNDEP_PL_LAC_bRPLC_NGP_05C.29400.29400.3.0.dta,MS_UNDEP_PL_LAC_bRPLC_NGP_05C,29400,5301.5433,4630.05074,1544.02176,3,1,SLGNVJFTVSAEALESQELCGTEVPSVPEHGR,"20,Carbamidomethyl[C];",3413.62779,5 2 0 0,H(5)N(2),(N(N(H(H)(H(H)(H))))),2257,0 1 0 0;0 2 0 0;2 2 0 0;3 2 0 0;4 2 0 0;,1216.42286,6,81.95291,106.48337,36.39636,6,9e-05,0.01967,0.875,0.85484,0.0,0,0,239936.4,297153.3,1623538.9,1610610.9,0.0,0.0,0,3.09199896679104e-24,3.849182201527514e-26,-1,0.0,3.849182201527514e-26,sp|P01023|A2MG_HUMAN,A2M,869,51347000.0,681148000.0,,,-1.0,-1.0,-1,,0,0,0
MS_UNDEP_PL_LAC_bRPLC_NGP_05C.29451.29451.4.3.dta,MS_UNDEP_PL_LAC_bRPLC_NGP_05C.29451.29451.4.3.dta,MS_UNDEP_PL_LAC_bRPLC_NGP_05C,29451,5309.81442,4996.18762,1249.80236,4,1,SLGNVJFTVSAEALESQELCGTEVPSVPEHGR,"20,Carbamidomethyl[C];17,Deamidated[Q];",3414.61181,6 3 0 0,H(6)N(3),(N(N(H(H(H)(H))(H(H(N)))))),1547,0 2 0 0;2 2 0 0;3 2 0 0;4 2 0 0;5 2 0 0;,1581.55506,6,8.02826,8.15453,7.79376,4,0.02076,4.15519,0.46154,0.20968,0.0,0,0,0.0,194397.7,181189.2,253656.6,0.0,0.0,0,1.6884888164487465e-05,8.061026994915951e-07,-1,0.0024096385542168,0.0024096385542168,sp|P01023|A2MG_HUMAN,A2M,869,62223000.0,343224000.0,,,-1.0,-1.0,-1,,0,0,0
MS_UNDEP_PL_LAC_bRPLC_NGP_05C.29465.29465.4.1.dta,MS_UNDEP_PL_LAC_bRPLC_NGP_05C.29465.29465.4.1.dta,MS_UNDEP_PL_LAC_bRPLC_NGP_05C,29465,5312.06796,5415.37551,1354.59934,4,1,SLGNVJFTVSAEALESQELCGTEVPSVPEHGRK,"20,Carbamidomethyl[C];17,Deamidated[Q];",3542.70677,6 3 1 0,H(6)N(3)A(1),(N(N(H(H)(H(H)(H(N(H(A)))))))),2255,0 1 0 0;0 2 0 0;1 2 0 0;3 2 0 0;4 2 0 0;5 2 0 0;5 3 0 0;5 3 1 0;6 3 0 0;,1872.65047,6,15.41616,10.49325,24.55871,5,0.01827,3.37347,0.66667,0.23438,0.0,0,0,12541.0,130703.9,204426.7,248490.2,39448.0,87590.7,0,1.0234669005469391e-16,1.966046791163544e-18,-1,0.0,1.966046791163544e-18,sp|P01023|A2MG_HUMAN,A2M,869,100543000.0,625630000.0,,,-1.0,-1.0,-1,,0,0,0
MS_UNDEP_PL_LAC_bRPLC_NGP_05C.29469.29469.5.0.dta,MS_UNDEP_PL_LAC_bRPLC_NGP_05C.29469.29469.5.0.dta,MS_UNDEP_PL_LAC_bRPLC_NGP_05C,29469,5312.68392,4630.04996,926.81581,5,1,SLGNVJFTVSAEALESQELCGTEVPSVPEHGR,"20,Carbamidomethyl[C];",3413.62779,5 2 0 0,H(5)N(2),(N(N(H(H(H))(H(H))))),1637,0 1 0 0;1 2 0 0;2 2 0 0;,1216.42286,6,21.27224,29.54033,5.91721,4,-0.00069,-0.14922,0.5,0.46774,0.0,0,0,17135.2,17835.9,3003.4,34480.9,0.0,0.0,0,0.0002127127716773,9.094097887618172e-06,-1,0.0,9.094097887618172e-06,sp|P01023|A2MG_HUMAN,A2M,869,6322890.0,72936400.0,,,-1.0,-1.0,-1,,0,0,0
MS_UNDEP_PL_LAC_bRPLC_NGP_05C.29562.29562.4.1.dta,MS_UNDEP_PL_LAC_bRPLC_NGP_05C.29562.29562.4.1.dta,MS_UNDEP_PL_LAC_bRPLC_NGP_05C,29562,5327.61018,4630.05112,1158.26824,4,1,SLGNVJFTVSAEALESQELCGTEVPSVPEHGR,"20,Carbamidomethyl[C];",3413.62779,5 2 0 0,H(5)N(2),(N(N(H(H)(H(H(H)))))),2249,0 1 0 0;0 2 0 0;1 2 0 0;2 2 0 0;3 2 0 0;4 2 0 0;,1216.42286,6,121.2174,142.17189,82.30194,7,0.00047,0.10196,1.0,0.90323,0.0,0,0,269590.2,240453.2,726348.2,601192.1,0.0,0.0,0,1.5142247464237683e-53,3.0766136566167334e-55,-1,0.0,3.0766136566167334e-55,sp|P01023|A2MG_HUMAN,A2M,869,167043000.0,2034060000.0,,,-1.0,-1.0,-1,,0,0,0
MS_UNDEP_PL_LAC_bRPLC_NGP_05C.29595.29595.3.0.dta,MS_UNDEP_PL_LAC_bRPLC_NGP_05C.29595.29595.3.0.dta,MS_UNDEP_PL_LAC_bRPLC_NGP_05C,29595,5332.97166,4630.05227,1544.02228,3,1,SLGNVJFTVSAEALESQELCGTEVPSVPEHGR,"20,Carbamidomethyl[C];",3413.62779,5 2 0 0,H(5)N(2),(N(N(H(H(H))(H(H))))),1637,0 1 0 0;0 2 0 0;2 2 0 0;3 2 0 0;4 2 0 0;,1216.42286,6,60.01064,81.90845,19.34328,5,0.00162,0.35012,0.75,0.72581,0.0,0,0,85358.8,126222.6,663204.8,655068.2,0.0,0.0,0,3.424454742763722e-13,5.9138192751270536e-15,-1,0.0,5.9138192751270536e-15,sp|P01023|A2MG_HUMAN,A2M,869,51347000.0,681148000.0,,,-1.0,-1.0,-1,,0,0,0
MS_UNDEP_PL_LAC_bRPLC_NGP_05C.29599.29599.3.1.dta,MS_UNDEP_PL_LAC_bRPLC_NGP_05C.29599.29599.3.1.dta,MS_UNDEP_PL_LAC_bRPLC_NGP_05C,29599,5333.58804,4793.10701,1598.37386,3,1,SLGNVJFTVSAEALESQELCGTEVPSVPEHGR,"20,Carbamidomethyl[C];17,Deamidated[Q];",3414.61181,6 2 0 0,H(6)N(2),(N(N(H(H(H))(H(H(H)))))),1628,0 2 0 0;3 2 0 0;4 2 0 0;5 2 0 0;,1378.47569,6,8.38215,10.5267,4.39941,3,0.01952,4.07286,0.55556,0.24194,0.0,0,0,21364.2,30553.3,113671.4,132219.2,0.0,0.0,0,0.0045389426204409,0.0001928122928234,-1,0.0,0.0001928122928234,sp|P01023|A2MG_HUMAN,A2M,869,19317000.0,97965300.0,,,-1.0,-1.0,-1,,0,0,0
MS_UNDEP_PL_LAC_bRPLC_NGP_05C.29645.29645.4.3.dta,MS_UNDEP_PL_LAC_bRPLC_NGP_05C.29645.29645.4.3.dta,MS_UNDEP_PL_LAC_bRPLC_NGP_05C,29645,5341.16106,4996.18449,1249.80158,4,1,SLGNVJFTVSAEALESQELCGTEVPSVPEHGR,"20,Carbamidomethyl[C];17,Deamidated[Q];",3414.61181,6 3 0 0,H(6)N(3),(N(N(H(H(H)(H))(H(H(N)))))),1547,1 2 0 0;2 2 0 0;3 2 0 0;4 2 0 0;5 2 0 0;,1581.55506,6,10.53472,11.44358,8.84684,4,0.01763,3.52832,0.46154,0.27419,0.0,0,0,0.0,213736.7,191767.2,264543.4,0.0,0.0,0,4.364543185535472e-06,1.5489812575055949e-07,-1,0.0,1.5489812575055949e-07,sp|P01023|A2MG_HUMAN,A2M,869,62223000.0,343224000.0,,,-1.0,-1.0,-1,,0,0,0
MS_UNDEP_PL_LAC_bRPLC_NGP_05C.29662.29662.5.1.dta,MS_UNDEP_PL_LAC_bRPLC_NGP_05C.29662.29662.5.1.dta,MS_UNDEP_PL_LAC_bRPLC_NGP_05C,29662,5343.97038,4631.05344,927.01651,5,1,SLGNVJFTVSAEALESQELCGTEVPSVPEHGR,"20,Carbamidomethyl[C];17,Deamidated[Q];",3414.61181,5 2 0 0,H(5)N(2),(N(N(H(H(H))(H(H))))),1637,0 1 0 0;0 2 0 0;1 2 0 0;2 2 0 0;,1216.42286,6,15.99174,22.17003,4.51777,4,0.01877,4.05266,0.5,0.40323,0.0,0,0,11179.8,14023.6,38442.0,27474.2,0.0,0.0,0,0.0032314594509662,0.0001179481730259,-1,0.0,0.0001179481730259,sp|P01023|A2MG_HUMAN,A2M,869,13617400.0,66576600.0,,,-1.0,-1.0,-1,,0,0,0
MS_UNDEP_PL_LAC_bRPLC_NGP_05C.29755.29755.4.1.dta,MS_UNDEP_PL_LAC_bRPLC_NGP_05C.29755.29755.4.1.dta,MS_UNDEP_PL_LAC_bRPLC_NGP_05C,29755,5359.14126,4630.0518,1158.26841,4,1,SLGNVJFTVSAEALESQELCGTEVPSVPEHGR,"20,Carbamidomethyl[C];",3413.62779,5 2 0 0,H(5)N(2),(N(N(H(H(H))(H(H))))),1637,0 1 0 0;0 2 0 0;1 2 0 0;2 2 0 0;3 2 0 0;4 2 0 0;,1216.42286,6,103.73946,130.73277,53.60903,6,0.00115,0.24796,0.875,0.91935,0.0,0,0,122102.6,115091.5,319629.9,279344.3,0.0,0.0,0,4.4702391208695547e-35,8.20986159153538e-37,-1,0.0,8.20986159153538e-37,sp|P01023|A2MG_HUMAN,A2M,869,167043000.0,2034060000.0,,,-1.0,-1.0,-1,,0,0,0
MS_UNDEP_PL_LAC_bRPLC_NGP_05C.29790.29790.3.0.dta,MS_UNDEP_PL_LAC_bRPLC_NGP_05C.29790.29790.3.0.dta,MS_UNDEP_PL_LAC_bRPLC_NGP_05C,29790,5364.81096,4630.0531,1544.02255,3,1,SLGNVJFTVSAEALESQELCGTEVPSVPEHGR,"20,Carbamidomethyl[C];",3413.62779,5 2 0 0,H(5)N(2),(N(N(H(H)(H(H)(H))))),2257,0 1 0 0;2 2 0 0;3 2 0 0;4 2 0 0;,1216.42286,6,20.86641,27.63922,8.28835,4,0.00245,0.52896,0.625,0.40323,0.0,0,0,31036.6,55801.4,247976.7,276655.2,0.0,0.0,0,9.030473872989647e-06,4.078581501797732e-07,-1,0.0,4.078581501797732e-07,sp|P01023|A2MG_HUMAN,A2M,869,51347000.0,681148000.0,,,-1.0,-1.0,-1,,0,0,0
MS_UNDEP_PL_LAC_bRPLC_NGP_05C.29936.29936.3.0.dta,MS_UNDEP_PL_LAC_bRPLC_NGP_05C.29936.29936.3.0.dta,MS_UNDEP_PL_LAC_bRPLC_NGP_05C,29936,5388.36174,3681.52305,1227.84587,3,1,CGLVPVLAENYJK,"1,Carbamidomethyl[C];",1476.75152,5 4 2 0,H(5)N(4)A(2),(N(N(H(H(N(H(A))))(H(N(H(A))))))),1791,0 1 0 0;0 2 0 0;2 2 0 0;3 2 0 0;3 3 0 0;3 3 1 0;4 3 0 0;4 3 1 0;,2204.77244,12,15.88676,13.77477,19.80903,5,-0.00091,-0.2461,0.52941,0.45833,0.0,0,0,0.0,215242.6,238614.9,244612.2,53189.6,127189.6,0,1.690056859927377e-13,2.8209503134611495e-15,-1,0.0,2.8209503134611495e-15,sp|P02787|TRFE_HUMAN,TF,432,35635000.0,253414000.0,,,-1.0,-1.0,-1,,0,0,0
MS_UNDEP_PL_LAC_bRPLC_NGP_05C.29947.29947.4.1.dta,MS_UNDEP_PL_LAC_bRPLC_NGP_05C.29947.29947.4.1.dta,MS_UNDEP_PL_LAC_bRPLC_NGP_05C,29947,5390.25534,4630.05118,1158.26825,4,1,SLGNVJFTVSAEALESQELCGTEVPSVPEHGR,"20,Carbamidomethyl[C];",3413.62779,5 2 0 0,H(5)N(2),(N(N(H(H)(H(H(H)))))),2249,0 1 0 0;0 2 0 0;1 2 0 0;2 2 0 0;3 2 0 0;4 2 0 0;,1216.42286,6,99.5959,124.29194,53.73183,6,0.00052,0.11319,0.875,0.90323,0.0,0,0,123251.6,118354.2,344677.7,281088.6,0.0,0.0,0,3.71681667707188e-35,6.233221724438892e-37,-1,0.0,6.233221724438892e-37,sp|P01023|A2MG_HUMAN,A2M,869,166933000.0,2030830000.0,,,-1.0,-1.0,-1,,0,0,0
MS_UNDEP_PL_LAC_bRPLC_NGP_05C.29962.29962.4.3.dta,MS_UNDEP_PL_LAC_bRPLC_NGP_05C.29962.29962.4.3.dta,MS_UNDEP_PL_LAC_bRPLC_NGP_05C,29962,5392.65144,4793.10763,1199.03236,4,1,SLGNVJFTVSAEALESQELCGTEVPSVPEHGR,"20,Carbamidomethyl[C];17,Deamidated[Q];",3414.61181,6 2 0 0,H(6)N(2),(N(N(H(H(H))(H(H(H)))))),1628,0 1 0 0;0 2 0 0;1 2 0 0;2 2 0 0;3 2 0 0;4 2 0 0;5 2 0 0;,1378.47569,6,24.42697,23.96506,25.28479,5,0.02014,4.20117,0.77778,0.40323,0.0,0,0,44101.4,31451.0,76890.2,70888.9,0.0,6196.4,0,3.27126501879347e-17,7.056206150175393e-19,-1,0.0,7.056206150175393e-19,sp|P01023|A2MG_HUMAN,A2M,869,82493500.0,411231000.0,,,-1.0,-1.0,-1,,0,0,0
MS_UNDEP_PL_LAC_bRPLC_NGP_05C.30030.30030.2.0.dta,MS_UNDEP_PL_LAC_bRPLC_NGP_05C.30030.30030.2.0.dta,MS_UNDEP_PL_LAC_bRPLC_NGP_05C,30030,5403.7371,3682.53616,1841.77172,2,1,CGLVPVLAENYJK,"1,Carbamidomethyl[C];",1476.75152,5 4 1 2,H(5)N(4)A(1)F(2),(N(N(H(H(N(H)(F)))(H(N(F)(H(A))))))),1894,0 1 0 0;0 2 0 0;1 2 0 0;2 2 0 0;3 3 0 0;3 3 1 0;4 3 0 0;4 4 0 2;5 4 0 0;5 4 0 2;5 4 1 0;,2205.79284,12,15.3485,10.71824,23.94757,5,-0.0082,-2.22757,0.3871,0.33333,0.0,0,0,0.0,535479.0,626600.0,884637.9,108855.4,186173.0,0,2.683523197980466e-16,5.1111348032657465e-18,-1,0.0,5.1111348032657465e-18,sp|P02787|TRFE_HUMAN,TF,432,861684.0,2713810.0,5 4 2 0,H(5)N(4)A(2),119186.0,2832990.0,-1,,0,0,0
MS_UNDEP_PL_LAC_bRPLC_NGP_05C.30138.30138.4.1.dta,MS_UNDEP_PL_LAC_bRPLC_NGP_05C.30138.30138.4.1.dta,MS_UNDEP_PL_LAC_bRPLC_NGP_05C,30138,5421.21528,4630.05063,1158.26811,4,1,SLGNVJFTVSAEALESQELCGTEVPSVPEHGR,"20,Carbamidomethyl[C];",3413.62779,5 2 0 0,H(5)N(2),(N(N(H(H(H))(H(H))))),1637,0 1 0 0;0 2 0 0;1 2 0 0;2 2 0 0;3 2 0 0;4 2 0 0;,1216.42286,6,94.066,119.55793,46.72382,6,-2e-05,-0.00516,0.875,0.87097,0.0,0,0,80487.9,68274.3,227610.2,176165.9,0.0,0.0,0,1.3648959608361206e-30,1.830364241642784e-32,-1,0.0,1.830364241642784e-32,sp|P01023|A2MG_HUMAN,A2M,869,126703000.0,1535190000.0,,,-1.0,-1.0,-1,,0,0,0
MS_UNDEP_PL_LAC_bRPLC_NGP_05C.30139.30139.3.0.dta,MS_UNDEP_PL_LAC_bRPLC_NGP_05C.30139.30139.3.0.dta,MS_UNDEP_PL_LAC_bRPLC_NGP_05C,30139,5421.37128,3681.52299,1227.84585,3,1,CGLVPVLAENYJK,"1,Carbamidomethyl[C];",1476.75152,5 4 2 0,H(5)N(4)A(2),(N(N(H(H(N(H(A))))(H(N(H(A))))))),1791,0 1 0 0;0 2 0 0;2 2 0 0;3 2 0 0;3 3 0 0;3 3 1 0;4 3 0 0;4 3 1 0;,2204.77244,12,12.65273,7.94977,21.3868,5,-0.00097,-0.26403,0.52941,0.29167,0.0,0,0,0.0,307018.8,323611.8,346564.4,68457.4,155765.1,0,1.499093461016314e-14,1.5234630194766555e-16,-1,0.0047846889952153,0.0047846889952153,sp|P02787|TRFE_HUMAN,TF,432,35635000.0,253414000.0,,,-1.0,-1.0,-1,,0,0,0
MS_UNDEP_PL_LAC_bRPLC_NGP_05C.30170.30170.3.0.dta,MS_UNDEP_PL_LAC_bRPLC_NGP_05C.30170.30170.3.0.dta,MS_UNDEP_PL_LAC_bRPLC_NGP_05C,30170,5426.4339,4630.05042,1544.02166,3,1,SLGNVJFTVSAEALESQELCGTEVPSVPEHGR,"20,Carbamidomethyl[C];",3413.62779,5 2 0 0,H(5)N(2),(N(N(H(H(H))(H(H))))),1637,0 1 0 0;4 2 0 0;,1216.42286,6,16.24379,22.44076,4.73514,3,-0.00023,-0.04966,0.5,0.40323,0.0,0,0,32715.6,49067.6,243553.4,241793.3,0.0,0.0,0,0.0018480818067114,7.901879781926647e-05,-1,0.0,7.901879781926647e-05,sp|P01023|A2MG_HUMAN,A2M,869,37516300.0,464982000.0,,,-1.0,-1.0,-1,,0,0,0
MS_UNDEP_PL_LAC_bRPLC_NGP_05C.30327.30327.4.1.dta,MS_UNDEP_PL_LAC_bRPLC_NGP_05C.30327.30327.4.1.dta,MS_UNDEP_PL_LAC_bRPLC_NGP_05C,30327,5451.84312,4630.05056,1158.2681,4,1,SLGNVJFTVSAEALESQELCGTEVPSVPEHGR,"20,Carbamidomethyl[C];",3413.62779,5 2 0 0,H(5)N(2),(N(N(H(H)(H(H(H)))))),2249,0 1 0 0;0 2 0 0;1 2 0 0;2 2 0 0;3 2 0 0;4 2 0 0;,1216.42286,6,99.95223,126.48476,50.67754,6,-9e-05,-0.01985,0.875,0.93548,0.0,0,0,88239.7,82242.7,234989.2,214391.1,0.0,0.0,0,3.6721232887325625e-33,3.3104848121470146e-35,-1,0.0,3.3104848121470146e-35,sp|P01023|A2MG_HUMAN,A2M,869,76969000.0,936462000.0,,,-1.0,-1.0,-1,,0,0,0
MS_UNDEP_PL_LAC_bRPLC_NGP_05C.30360.30360.3.0.dta,MS_UNDEP_PL_LAC_bRPLC_NGP_05C.30360.30360.3.0.dta,MS_UNDEP_PL_LAC_bRPLC_NGP_05C,30360,5457.23688,4630.0526,1544.02238,3,1,SLGNVJFTVSAEALESQELCGTEVPSVPEHGR,"20,Carbamidomethyl[C];",3413.62779,5 2 0 0,H(5)N(2),(N(N(H(H(H))(H(H))))),1637,0 1 0 0;3 2 0 0;4 2 0 0;,1216.42286,6,21.22794,30.49157,4.02405,3,0.00195,0.4214,0.5,0.48387,0.0,0,0,27919.2,45174.3,210414.2,211756.2,0.0,0.0,0,0.0144350529548913,0.0003813130963087,-1,0.0,0.0003813130963087,sp|P01023|A2MG_HUMAN,A2M,869,22929300.0,278917000.0,,,-1.0,-1.0,-1,,0,0,0
MS_UNDEP_PL_LAC_bRPLC_NGP_05C.30365.30365.4.3.dta,MS_UNDEP_PL_LAC_bRPLC_NGP_05C.30365.30365.4.3.dta,MS_UNDEP_PL_LAC_bRPLC_NGP_05C,30365,5457.99834,4792.10456,1198.7816,4,1,SLGNVJFTVSAEALESQELCGTEVPSVPEHGR,"20,Carbamidomethyl[C];",3413.62779,6 2 0 0,H(6)N(2),(N(N(H(H(H))(H(H)(H))))),1636,0 1 0 0;2 2 0 0;3 2 0 0;4 2 0 0;,1378.47569,6,13.61536,15.84988,9.46553,4,0.00108,0.22551,0.55556,0.32258,0.0,0,0,21832.2,24783.9,51356.5,49480.1,2874.8,5140.3,0,1.8541760473251868e-06,5.4530396116656573e-08,-1,0.0,5.4530396116656573e-08,sp|P01023|A2MG_HUMAN,A2M,869,12484500.0,166391000.0,,,-1.0,-1.0,-1,,0,0,0
MS_UNDEP_PL_LAC_bRPLC_NGP_05C.30519.30519.4.2.dta,MS_UNDEP_PL_LAC_bRPLC_NGP_05C.30519.30519.4.2.dta,MS_UNDEP_PL_LAC_bRPLC_NGP_05C,30519,5483.1105,4630.05082,1158.26816,4,1,SLGNVJFTVSAEALESQELCGTEVPSVPEHGR,"20,Carbamidomethyl[C];",3413.62779,5 2 0 0,H(5)N(2),(N(N(H(H(H))(H(H))))),1637,0 1 0 0;0 2 0 0;1 2 0 0;2 2 0 0;3 2 0 0;4 2 0 0;,1216.42286,6,75.96718,90.77372,48.46932,6,0.00016,0.03544,0.875,0.80645,0.0,0,0,54398.2,56455.5,156713.8,133129.1,0.0,8204.5,0,1.0101250334570206e-31,2.069224245681363e-33,-1,0.0,2.069224245681363e-33,sp|P01023|A2MG_HUMAN,A2M,869,54271100.0,665932000.0,,,-1.0,-1.0,-1,,0,0,0
MS_UNDEP_PL_LAC_bRPLC_NGP_05C.30568.30568.4.5.dta,MS_UNDEP_PL_LAC_bRPLC_NGP_05C.30568.30568.4.5.dta,MS_UNDEP_PL_LAC_bRPLC_NGP_05C,30568,5490.951,4793.10776,1199.0324,4,1,SLGNVJFTVSAEALESQELCGTEVPSVPEHGR,"20,Carbamidomethyl[C];17,Deamidated[Q];",3414.61181,6 2 0 0,H(6)N(2),(N(N(H(H(H))(H(H)(H))))),1636,2 2 0 0;3 2 0 0;4 2 0 0;,1378.47569,6,9.68075,12.98406,3.54604,3,0.02027,4.22954,0.44444,0.32258,0.0,0,0,20782.7,20921.4,50457.8,45458.0,0.0,6270.6,0,0.0456168223479863,0.0014236828730063,-1,0.0,0.0014236828730063,sp|P01023|A2MG_HUMAN,A2M,869,21074900.0,104922000.0,,,-1.0,-1.0,-1,,0,0,0
MS_UNDEP_PL_LAC_bRPLC_NGP_05C.30714.30714.4.1.dta,MS_UNDEP_PL_LAC_bRPLC_NGP_05C.30714.30714.4.1.dta,MS_UNDEP_PL_LAC_bRPLC_NGP_05C,30714,5514.57732,4630.0507,1158.26813,4,1,SLGNVJFTVSAEALESQELCGTEVPSVPEHGR,"20,Carbamidomethyl[C];",3413.62779,5 2 0 0,H(5)N(2),(N(N(H(H)(H(H(H)))))),2249,0 1 0 0;0 2 0 0;1 2 0 0;2 2 0 0;3 2 0 0;4 2 0 0;,1216.42286,6,64.82029,77.17379,41.87809,6,5e-05,0.01039,0.875,0.72581,0.0,0,0,51733.9,57935.9,168683.7,154999.5,0.0,0.0,0,1.5584121954097772e-27,1.8381091590650775e-29,-1,0.0,1.8381091590650775e-29,sp|P01023|A2MG_HUMAN,A2M,869,42368200.0,519762000.0,,,-1.0,-1.0,-1,,0,0,0
MS_UNDEP_PL_LAC_bRPLC_NGP_05C.30793.30793.4.1.dta,MS_UNDEP_PL_LAC_bRPLC_NGP_05C.30793.30793.4.1.dta,MS_UNDEP_PL_LAC_bRPLC_NGP_05C,30793,5527.35798,4036.77238,1009.94855,4,1,VDKDLQSLEDILHQVEJK,,2123.09789,5 4 1 0,H(5)N(4)A(1),(N(N(H(H(N(H)))(H(N(H(A))))))),2036,0 1 0 0;0 2 0 0;1 2 0 0;2 2 0 0;2 3 0 0;3 2 0 0;3 3 0 0;3 3 1 0;4 3 0 0;4 3 1 0;4 4 0 0;5 4 0 0;,1913.67702,17,80.32542,58.56605,120.73566,7,-0.00253,-0.62637,0.875,0.73529,0.0,0,0,0.0,1741068.0,1677811.7,2586648.6,314458.8,834427.1,0,2.185103021720097e-78,7.842213407253109e-80,-1,0.0,7.842213407253109e-80,sp|P02679|FIBG_HUMAN,FGG,78,346367000.0,2839110000.0,,,-1.0,-1.0,-1,,0,0,0
MS_UNDEP_PL_LAC_bRPLC_NGP_05C.30875.30875.3.1.dta,MS_UNDEP_PL_LAC_bRPLC_NGP_05C.30875.30875.3.1.dta,MS_UNDEP_PL_LAC_bRPLC_NGP_05C,30875,5540.69544,3380.56606,1127.52687,3,1,VDKDLQSLEDILHQVEJK,,2123.09789,4 3 0 0,H(4)N(3),(N(N(H(H)(H(N(H)))))),2281,0 1 0 0;0 2 0 0;1 2 0 0;2 2 0 0;3 2 0 0;3 3 0 0;,1257.44941,17,47.49143,43.00939,55.81521,7,0.01876,5.54966,0.88889,0.61765,0.0,0,0,0.0,400843.0,427819.6,1005649.1,0.0,0.0,0,1.6275378356439176e-36,2.9174058752416323e-38,-1,0.0,2.9174058752416323e-38,sp|P02679|FIBG_HUMAN,FGG,78,495097.0,2294550.0,,,-1.0,-1.0,-1,,0,0,0
MS_UNDEP_PL_LAC_bRPLC_NGP_05C.30917.30917.4.1.dta,MS_UNDEP_PL_LAC_bRPLC_NGP_05C.30917.30917.4.1.dta,MS_UNDEP_PL_LAC_bRPLC_NGP_05C,30917,5547.56826,4630.04959,1158.26786,4,1,SLGNVJFTVSAEALESQELCGTEVPSVPEHGR,"20,Carbamidomethyl[C];",3413.62779,5 2 0 0,H(5)N(2),(N(N(H(H(H))(H(H))))),1637,0 1 0 0;0 2 0 0;1 2 0 0;2 2 0 0;3 2 0 0;,1216.42286,6,47.33526,58.4439,26.70494,6,-0.00106,-0.22892,0.75,0.67742,0.0,0,0,35813.0,41197.7,106480.5,104097.9,0.0,6879.0,0,3.602502259203215e-18,5.690640768957622e-20,-1,0.0,5.690640768957622e-20,sp|P01023|A2MG_HUMAN,A2M,869,32641600.0,392088000.0,,,-1.0,-1.0,-1,,0,0,0
MS_UNDEP_PL_LAC_bRPLC_NGP_05C.30933.30933.3.1.dta,MS_UNDEP_PL_LAC_bRPLC_NGP_05C.30933.30933.3.1.dta,MS_UNDEP_PL_LAC_bRPLC_NGP_05C,30933,5550.23634,4631.05288,1544.35581,3,1,SLGNVJFTVSAEALESQELCGTEVPSVPEHGR,"20,Carbamidomethyl[C];17,Deamidated[Q];",3414.61181,5 2 0 0,H(5)N(2),(N(N(H(H(H))(H(H))))),1637,0 1 0 0;3 2 0 0;4 2 0 0;,1216.42286,6,7.95878,10.33056,3.55406,3,0.01822,3.93347,0.5,0.25806,0.0,0,0,13181.5,27499.0,114297.6,128368.7,0.0,0.0,0,0.0450378525731337,0.0013752254832311,-1,0.0,0.0013752254832311,sp|P01023|A2MG_HUMAN,A2M,869,21677700.0,102562000.0,,,-1.0,-1.0,-1,,0,0,0
MS_UNDEP_PL_LAC_bRPLC_NGP_05C.30940.30940.3.0.dta,MS_UNDEP_PL_LAC_bRPLC_NGP_05C.30940.30940.3.0.dta,MS_UNDEP_PL_LAC_bRPLC_NGP_05C,30940,5551.31394,3218.49885,1073.50447,3,1,VDKDLQSLEDILHQVEJK,,2123.09789,3 3 0 0,H(3)N(3),(N(N(H(H)(H(N))))),2288,0 1 0 0;1 2 0 0;2 2 0 0;3 2 0 0;,1095.39659,17,19.7141,20.82647,17.64827,6,0.00438,1.36039,0.75,0.41176,0.0,0,0,0.0,180960.9,311205.2,525369.0,0.0,0.0,0,4.418136125358287e-12,1.4246033511419912e-13,-1,0.0,1.4246033511419912e-13,sp|P02679|FIBG_HUMAN,FGG,78,7953170.0,26081400.0,,,-1.0,-1.0,-1,,0,0,0
MS_UNDEP_PL_LAC_bRPLC_NGP_05C.30976.30976.3.1.dta,MS_UNDEP_PL_LAC_bRPLC_NGP_05C.30976.30976.3.1.dta,MS_UNDEP_PL_LAC_bRPLC_NGP_05C,30976,5557.17366,3381.54912,1127.85456,3,1,VDKDLQSLEDILHQVEJK,"14,Deamidated[Q];",2124.0819,4 3 0 0,H(4)N(3),(N(N(H(H)(H(N(H)))))),2281,1 2 0 0;2 2 0 0;2 3 0 0;3 2 0 0;3 3 0 0;,1257.44941,17,7.27329,8.35613,5.26231,3,0.01781,5.26563,0.55556,0.23529,0.0,0,0,0.0,158082.0,192235.2,438586.6,0.0,0.0,0,0.0006283173110725,2.6097147704382428e-05,-1,0.0024096385542168,0.0024096385542168,sp|P02679|FIBG_HUMAN,FGG,78,694094.0,2346040.0,,,-1.0,-1.0,-1,,0,0,0
MS_UNDEP_PL_LAC_bRPLC_NGP_05C.30980.30980.4.1.dta,MS_UNDEP_PL_LAC_bRPLC_NGP_05C.30980.30980.4.1.dta,MS_UNDEP_PL_LAC_bRPLC_NGP_05C,30980,5557.89288,4036.77225,1009.94852,4,1,VDKDLQSLEDILHQVEJK,,2123.09789,5 4 1 0,H(5)N(4)A(1),(N(N(H(H(N(H)))(H(N(H(A))))))),2036,0 1 0 0;0 2 0 0;1 2 0 0;2 2 0 0;2 3 0 0;3 2 0 0;3 3 0 0;3 3 1 0;4 3 0 0;4 3 1 0;4 4 0 0;5 4 0 0;,1913.67702,17,75.03387,47.12355,126.8673,7,-0.00266,-0.66006,0.875,0.58824,0.0,0,0,0.0,3587863.5,3666279.1,5627569.4,693552.6,1876894.9,0,2.2512195161392324e-82,5.860473839287449e-84,-1,0.0,5.860473839287449e-84,sp|P02679|FIBG_HUMAN,FGG,78,346367000.0,2839110000.0,,,-1.0,-1.0,-1,,0,0,0
MS_UNDEP_PL_LAC_bRPLC_NGP_05C.30982.30982.3.0.dta,MS_UNDEP_PL_LAC_bRPLC_NGP_05C.30982.30982.3.0.dta,MS_UNDEP_PL_LAC_bRPLC_NGP_05C,30982,5558.2029,4036.77367,1346.26274,3,1,VDKDLQSLEDILHQVEJK,,2123.09789,5 4 1 0,H(5)N(4)A(1),(N(N(H(H(N(H)))(H(N(H(A))))))),2036,0 1 0 0;0 2 0 0;2 2 0 0;2 3 0 0;3 2 0 0;3 3 0 0;4 3 0 0;4 3 1 0;4 4 0 0;4 4 1 0;5 4 0 0;,1913.67702,17,51.04284,45.54707,61.24925,6,-0.00125,-0.30903,0.8125,0.67647,0.0,0,0,0.0,775703.0,946804.9,2156469.8,111151.8,300364.2,0,4.819196803785927e-40,5.4555696203999574e-42,-1,0.0,5.4555696203999574e-42,sp|P02679|FIBG_HUMAN,FGG,78,60811800.0,573117000.0,,,-1.0,-1.0,-1,,0,0,0
MS_UNDEP_PL_LAC_bRPLC_NGP_05C.31035.31035.2.0.dta,MS_UNDEP_PL_LAC_bRPLC_NGP_05C.31035.31035.2.0.dta,MS_UNDEP_PL_LAC_bRPLC_NGP_05C,31035,5566.89516,3875.73187,1938.36957,2,1,VDKDLQSLEDILHQVEJK,,2123.09789,4 4 0 2,H(4)N(4)F(2),(N(N(H(H(N(F)))(H(N(H)(F)))))),1751,0 1 0 0;0 2 0 0;1 2 0 0;2 2 0 0;2 3 0 0;3 2 0 0;3 3 0 0;3 4 0 0;4 3 0 0;4 4 0 0;,1752.6446,17,37.77766,39.09785,35.32588,6,-0.01062,-2.73965,0.61111,0.61765,0.0,0,0,0.0,228170.5,625063.5,1013219.4,0.0,74764.3,0,1.3514240773190897e-23,3.0340176400256246e-25,-1,0.0,3.0340176400256246e-25,sp|P02679|FIBG_HUMAN,FGG,78,3532850.0,15821300.0,,,-1.0,-1.0,-1,,0,0,0
MS_UNDEP_PL_LAC_bRPLC_NGP_05C.31092.31092.4.1.dta,MS_UNDEP_PL_LAC_bRPLC_NGP_05C.31092.31092.4.1.dta,MS_UNDEP_PL_LAC_bRPLC_NGP_05C,31092,5576.3259,3874.71804,969.43497,4,1,VDKDLQSLEDILHQVEJK,,2123.09789,4 4 1 0,H(4)N(4)A(1),(N(N(H(H(N))(H(N(H(A))))))),2205,0 1 0 0;0 2 0 0;1 2 0 0;2 2 0 0;2 3 0 0;3 2 0 0;3 3 0 0;3 3 1 0;3 4 0 0;4 3 0 0;4 3 1 0;4 4 0 0;,1751.6242,17,99.0803,67.15766,158.36521,7,-0.00405,-1.04397,1.0,0.70588,0.0,0,0,0.0,13559199.7,29618757.1,29207748.8,4581190.0,12574738.6,0,7.080160460837279e-103,3.315336918365545e-104,-1,0.0,3.315336918365545e-104,sp|P02679|FIBG_HUMAN,FGG,78,1034720000.0,7845390000.0,,,-1.0,-1.0,-1,,0,0,0
MS_UNDEP_PL_LAC_bRPLC_NGP_05C.31093.31093.3.4.dta,MS_UNDEP_PL_LAC_bRPLC_NGP_05C.31093.31093.3.4.dta,MS_UNDEP_PL_LAC_bRPLC_NGP_05C,31093,5576.4801,3218.4956,1073.50338,3,1,VDKDLQSLEDILHQVEJK,,2123.09789,3 3 0 0,H(3)N(3),(N(N(H(H)(H(N))))),2288,0 1 0 0;0 2 0 0;1 2 0 0;2 2 0 0;2 3 0 0;3 2 0 0;,1095.39659,17,99.76083,109.5922,81.50257,7,0.00112,0.34812,1.0,0.94118,0.0,0,0,0.0,222828.4,2353270.3,2362064.0,0.0,0.0,0,4.909057356887019e-53,1.0488102681335823e-54,-1,0.0,1.0488102681335823e-54,sp|P02679|FIBG_HUMAN,FGG,78,7953170.0,26081400.0,,,-1.0,-1.0,-1,,0,0,0
MS_UNDEP_PL_LAC_bRPLC_NGP_05C.31124.31124.3.0.dta,MS_UNDEP_PL_LAC_bRPLC_NGP_05C.31124.31124.3.0.dta,MS_UNDEP_PL_LAC_bRPLC_NGP_05C,31124,5581.55778,3874.72054,1292.24503,3,1,VDKDLQSLEDILHQVEJK,,2123.09789,4 4 1 0,H(4)N(4)A(1),(N(N(H(H(N))(H(N(H(A))))))),2205,0 1 0 0;0 2 0 0;1 2 0 0;2 2 0 0;2 3 0 0;3 2 0 0;3 3 0 0;3 4 0 0;4 3 0 0;4 4 0 0;,1751.6242,17,89.61341,83.2287,101.47073,7,-0.00155,-0.40031,0.85714,0.82353,0.0,0,0,0.0,3415294.7,6790289.1,8743239.1,742296.0,1927886.8,0,7.111861080136499e-66,2.069822716553845e-67,-1,0.0,2.069822716553845e-67,sp|P02679|FIBG_HUMAN,FGG,78,242163000.0,2194540000.0,,,-1.0,-1.0,-1,,0,0,0
MS_UNDEP_PL_LAC_bRPLC_NGP_05C.31263.31263.4.1.dta,MS_UNDEP_PL_LAC_bRPLC_NGP_05C.31263.31263.4.1.dta,MS_UNDEP_PL_LAC_bRPLC_NGP_05C,31263,5604.2592,3671.64071,918.66563,4,1,VDKDLQSLEDILHQVEJK,,2123.09789,4 3 1 0,H(4)N(3)A(1),(N(N(H(H)(H(N(H(A))))))),2270,0 1 0 0;0 2 0 0;1 2 0 0;2 2 0 0;3 2 0 0;3 3 0 0;4 3 0 0;,1548.54483,17,27.12356,7.55069,63.47317,7,-0.00201,-0.54704,0.81818,0.26471,0.0,0,0,0.0,165894.5,222236.6,266786.1,44360.8,133566.9,0,1.7602701650761878e-41,2.4095706574714533e-43,-1,0.006787330316742,0.006787330316742,sp|P02679|FIBG_HUMAN,FGG,78,20551600.0,144173000.0,,,-1.0,-1.0,-1,,0,0,0
MS_UNDEP_PL_LAC_bRPLC_NGP_05C.31281.31281.4.1.dta,MS_UNDEP_PL_LAC_bRPLC_NGP_05C.31281.31281.4.1.dta,MS_UNDEP_PL_LAC_bRPLC_NGP_05C,31281,5607.13896,3874.71992,969.43544,4,1,VDKDLQSLEDILHQVEJK,,2123.09789,4 4 1 0,H(4)N(4)A(1),(N(N(H(H(N))(H(N(H(A))))))),2205,0 1 0 0;0 2 0 0;1 2 0 0;2 2 0 0;2 3 0 0;3 2 0 0;3 3 0 0;3 3 1 0;3 4 0 0;4 3 0 0;4 3 1 0;4 4 0 0;,1751.6242,17,68.74652,36.04036,129.48655,7,-0.00217,-0.55877,1.0,0.55882,0.0,0,0,0.0,724463.4,1587767.6,1569211.4,256228.1,706601.9,0,4.454389889918527e-84,1.4081209039405198e-85,-1,0.0,1.4081209039405198e-85,sp|P02679|FIBG_HUMAN,FGG,78,1039710000.0,7888660000.0,,,-1.0,-1.0,-1,,0,0,0
MS_UNDEP_PL_LAC_bRPLC_NGP_05C.31369.31369.4.1.dta,MS_UNDEP_PL_LAC_bRPLC_NGP_05C.31369.31369.4.1.dta,MS_UNDEP_PL_LAC_bRPLC_NGP_05C,31369,5621.40522,4630.05029,1158.26803,4,1,SLGNVJFTVSAEALESQELCGTEVPSVPEHGR,"20,Carbamidomethyl[C];",3413.62779,5 2 0 0,H(5)N(2),(N(N(H(H)(H(H)(H))))),2257,0 1 0 0;0 2 0 0;1 2 0 0;2 2 0 0;3 2 0 0;4 2 0 0;,1216.42286,6,43.4976,50.2859,30.89075,6,-0.00036,-0.0786,0.875,0.59677,0.0,0,0,32000.2,34553.5,114125.4,96024.6,0.0,6726.2,0,6.997250828824363e-21,1.1837296317215991e-22,-1,0.0,1.1837296317215991e-22,sp|P01023|A2MG_HUMAN,A2M,869,18516000.0,234428000.0,,,-1.0,-1.0,-1,,0,0,0
MS_UNDEP_PL_LAC_bRPLC_NGP_05C.31560.31560.4.1.dta,MS_UNDEP_PL_LAC_bRPLC_NGP_05C.31560.31560.4.1.dta,MS_UNDEP_PL_LAC_bRPLC_NGP_05C,31560,5652.51378,4630.05064,1158.26812,4,1,SLGNVJFTVSAEALESQELCGTEVPSVPEHGR,"20,Carbamidomethyl[C];",3413.62779,5 2 0 0,H(5)N(2),(N(N(H(H)(H(H(H)))))),2249,0 1 0 0;0 2 0 0;1 2 0 0;2 2 0 0;3 2 0 0;,1216.42286,6,51.68915,64.76691,27.40189,6,-1e-05,-0.00171,0.75,0.67742,0.0,0,0,47105.9,47820.0,129546.1,102862.8,0.0,0.0,0,1.2388961766256836e-18,2.6724170196884172e-20,-1,0.0,2.6724170196884172e-20,sp|P01023|A2MG_HUMAN,A2M,869,21254800.0,267926000.0,,,-1.0,-1.0,-1,,0,0,0
MS_UNDEP_PL_LAC_bRPLC_NGP_05C.31753.31753.4.1.dta,MS_UNDEP_PL_LAC_bRPLC_NGP_05C.31753.31753.4.1.dta,MS_UNDEP_PL_LAC_bRPLC_NGP_05C,31753,5683.77024,4630.05133,1158.26829,4,1,SLGNVJFTVSAEALESQELCGTEVPSVPEHGR,"20,Carbamidomethyl[C];",3413.62779,5 2 0 0,H(5)N(2),(N(N(H(H(H))(H(H))))),1637,0 1 0 0;0 2 0 0;1 2 0 0;2 2 0 0;3 2 0 0;4 2 0 0;,1216.42286,6,52.02212,58.56388,39.87313,6,0.00068,0.14602,0.875,0.67742,0.0,0,0,38944.9,42594.7,99794.9,104942.5,0.0,0.0,0,2.5800544229764798e-26,4.026445145348023e-28,-1,0.0,4.026445145348023e-28,sp|P01023|A2MG_HUMAN,A2M,869,18516000.0,234428000.0,,,-1.0,-1.0,-1,,0,0,0
MS_UNDEP_PL_LAC_bRPLC_NGP_05C.31944.31944.4.1.dta,MS_UNDEP_PL_LAC_bRPLC_NGP_05C.31944.31944.4.1.dta,MS_UNDEP_PL_LAC_bRPLC_NGP_05C,31944,5714.73204,4630.05241,1158.26856,4,1,SLGNVJFTVSAEALESQELCGTEVPSVPEHGR,"20,Carbamidomethyl[C];",3413.62779,5 2 0 0,H(5)N(2),(N(N(H(H)(H(H)(H))))),2257,0 1 0 0;0 2 0 0;2 2 0 0;3 2 0 0;4 2 0 0;,1216.42286,6,39.17975,50.55626,18.05196,5,0.00176,0.38014,0.75,0.62903,0.0,0,0,23308.5,38671.2,96545.6,86716.3,0.0,6583.5,0,2.402557782742142e-12,6.110924045827857e-14,-1,0.0,6.110924045827857e-14,sp|P01023|A2MG_HUMAN,A2M,869,24528400.0,322875000.0,,,-1.0,-1.0,-1,,0,0,0
MS_UNDEP_PL_LAC_bRPLC_NGP_05C.32328.32328.4.1.dta,MS_UNDEP_PL_LAC_bRPLC_NGP_05C.32328.32328.4.1.dta,MS_UNDEP_PL_LAC_bRPLC_NGP_05C,32328,5777.23296,4630.05016,1158.268,4,1,SLGNVJFTVSAEALESQELCGTEVPSVPEHGR,"20,Carbamidomethyl[C];",3413.62779,5 2 0 0,H(5)N(2),(N(N(H(H)(H(H)(H))))),2257,0 1 0 0;0 2 0 0;2 2 0 0;3 2 0 0;4 2 0 0;,1216.42286,6,25.4284,29.16005,18.4982,5,-0.0005,-0.10711,0.75,0.43548,0.0,0,0,28849.1,51996.3,123019.9,115913.2,6475.2,18713.1,0,1.2261913653162893e-12,2.947559794619352e-14,-1,0.0,2.947559794619352e-14,sp|P01023|A2MG_HUMAN,A2M,869,17828000.0,247621000.0,,,-1.0,-1.0,-1,,0,0,0
MS_UNDEP_PL_LAC_bRPLC_NGP_05C.32349.32349.4.1.dta,MS_UNDEP_PL_LAC_bRPLC_NGP_05C.32349.32349.4.1.dta,MS_UNDEP_PL_LAC_bRPLC_NGP_05C,32349,5780.5812,4586.9408,1147.49066,4,1,AALAAFNAQNJGSNFQLEEISR,,2365.15311,6 4 1 1,H(6)N(4)A(1)F(1),(N(N(H(H(N(H(H))))(H(N(F)(H(A))))))),1841,0 1 0 0;0 2 0 0;2 2 0 0;3 2 0 0;3 3 0 0;3 3 1 0;4 3 0 0;,2221.78776,11,17.38519,21.45211,9.83234,5,-7e-05,-0.01564,0.25806,0.5,0.0,0,0,0.0,258454.5,292659.5,287489.4,57473.2,126433.3,0,1.0822830510963274e-06,3.462598750136002e-08,-1,0.0,3.462598750136002e-08,sp|P02765|FETUA_HUMAN,AHSG,176,1121770.0,13529400.0,,,-1.0,-1.0,-1,,0,0,0
MS_UNDEP_PL_LAC_bRPLC_NGP_05C.32456.32456.4.1.dta,MS_UNDEP_PL_LAC_bRPLC_NGP_05C.32456.32456.4.1.dta,MS_UNDEP_PL_LAC_bRPLC_NGP_05C,32456,5797.95342,4569.92723,1143.23726,4,1,AALAAFNAQNJGSNFQLEEISR,,2365.15311,5 4 2 0,H(5)N(4)A(2),(N(N(H(H(N(H(A))))(H(N(H(A))))))),1791,0 1 0 0;1 2 0 0;2 2 0 0;3 2 0 0;3 3 0 0;4 3 0 0;,2204.77244,11,15.11928,16.24355,13.03135,5,0.00168,0.36761,0.41176,0.42857,0.0,0,0,0.0,159188.2,147463.6,163846.0,46614.2,108751.7,0,6.033721991975554e-09,1.0405692859925039e-10,-1,0.0,1.0405692859925039e-10,sp|P02765|FETUA_HUMAN,AHSG,176,11914300.0,134222000.0,,,-1.0,-1.0,-1,,0,0,0
MS_UNDEP_PL_LAC_bRPLC_NGP_05C.32522.32522.4.1.dta,MS_UNDEP_PL_LAC_bRPLC_NGP_05C.32522.32522.4.1.dta,MS_UNDEP_PL_LAC_bRPLC_NGP_05C,32522,5808.59862,4630.05702,1158.26971,4,1,SLGNVJFTVSAEALESQELCGTEVPSVPEHGR,"20,Carbamidomethyl[C];",3413.62779,5 2 0 0,H(5)N(2),(N(N(H(H)(H(H)(H))))),2257,0 1 0 0;0 2 0 0;1 2 0 0;2 2 0 0;3 2 0 0;,1216.42286,6,36.21975,42.94404,23.73177,6,0.00637,1.37538,0.75,0.56452,0.0,0,0,27613.5,48770.2,102998.1,89710.8,0.0,10371.7,0,3.773155104602192e-16,6.735086012091217e-18,-1,0.0,6.735086012091217e-18,sp|P01023|A2MG_HUMAN,A2M,869,15119300.0,214192000.0,,,-1.0,-1.0,-1,,0,0,0
MS_UNDEP_PL_LAC_bRPLC_NGP_05C.32824.32824.4.3.dta,MS_UNDEP_PL_LAC_bRPLC_NGP_05C.32824.32824.4.3.dta,MS_UNDEP_PL_LAC_bRPLC_NGP_05C,32824,5857.51722,4630.06312,1158.27124,4,1,SLGNVJFTVSAEALESQELCGTEVPSVPEHGR,"20,Carbamidomethyl[C];",3413.62779,5 2 0 0,H(5)N(2),(N(N(H(H)(H(H)(H))))),2257,0 1 0 0;1 2 0 0;3 2 0 0;4 2 0 0;,1216.42286,6,30.94478,41.04617,12.18507,4,0.01247,2.69286,0.625,0.53226,0.0,0,0,30818.1,48858.6,104716.9,95124.8,5405.9,13051.2,0,2.4278461177170343e-08,4.888545290853999e-10,-1,0.0,4.888545290853999e-10,sp|P01023|A2MG_HUMAN,A2M,869,16283900.0,219412000.0,,,-1.0,-1.0,-1,,0,0,0
MS_UNDEP_PL_LAC_bRPLC_NGP_05C.33018.33018.4.4.dta,MS_UNDEP_PL_LAC_bRPLC_NGP_05C.33018.33018.4.4.dta,MS_UNDEP_PL_LAC_bRPLC_NGP_05C,33018,5888.93862,4630.05681,1158.26966,4,1,SLGNVJFTVSAEALESQELCGTEVPSVPEHGR,"20,Carbamidomethyl[C];",3413.62779,5 2 0 0,H(5)N(2),(N(N(H(H)(H(H(H)))))),2249,0 1 0 0;0 2 0 0;1 2 0 0;2 2 0 0;3 2 0 0;,1216.42286,6,38.71717,45.26559,26.5558,6,0.00616,1.32959,0.75,0.53226,0.0,0,0,28148.4,47415.7,96372.7,95770.4,6498.6,10245.4,0,4.5332331399177196e-18,7.88999385100487e-20,-1,0.0,7.88999385100487e-20,sp|P01023|A2MG_HUMAN,A2M,869,19806400.0,263910000.0,,,-1.0,-1.0,-1,,0,0,0
MS_UNDEP_PL_LAC_bRPLC_NGP_05C.33215.33215.4.1.dta,MS_UNDEP_PL_LAC_bRPLC_NGP_05C.33215.33215.4.1.dta,MS_UNDEP_PL_LAC_bRPLC_NGP_05C,33215,5920.84182,4630.05302,1158.26871,4,1,SLGNVJFTVSAEALESQELCGTEVPSVPEHGR,"20,Carbamidomethyl[C];",3413.62779,5 2 0 0,H(5)N(2),(N(N(H(H)(H(H)(H))))),2257,0 1 0 0;2 2 0 0;,1216.42286,6,22.97026,33.68884,3.06433,3,0.00237,0.51146,0.375,0.51613,0.0,0,0,23209.1,28524.2,75447.0,68914.2,0.0,0.0,0,0.0616615364974073,0.0040027409302998,-1,0.0,0.0040027409302998,sp|P01023|A2MG_HUMAN,A2M,869,13103700.0,178641000.0,,,-1.0,-1.0,-1,,0,0,0
MS_UNDEP_PL_LAC_bRPLC_NGP_05C.33415.33415.4.3.dta,MS_UNDEP_PL_LAC_bRPLC_NGP_05C.33415.33415.4.3.dta,MS_UNDEP_PL_LAC_bRPLC_NGP_05C,33415,5953.23948,4630.05428,1158.26903,4,1,SLGNVJFTVSAEALESQELCGTEVPSVPEHGR,"20,Carbamidomethyl[C];",3413.62779,5 2 0 0,H(5)N(2),(N(N(H(H(H))(H(H))))),1637,0 1 0 0;0 2 0 0;1 2 0 0;3 2 0 0;,1216.42286,6,30.95466,41.05602,12.195,5,0.00363,0.78446,0.625,0.54839,0.0,0,0,27255.5,32703.2,82196.1,77798.6,0.0,6535.3,0,2.3883066377960323e-08,3.1163727157715675e-10,-1,0.0,3.1163727157715675e-10,sp|P01023|A2MG_HUMAN,A2M,869,13619800.0,177288000.0,,,-1.0,-1.0,-1,,0,0,0
MS_UNDEP_PL_LAC_bRPLC_NGP_05C.33426.33426.3.0.dta,MS_UNDEP_PL_LAC_bRPLC_NGP_05C.33426.33426.3.0.dta,MS_UNDEP_PL_LAC_bRPLC_NGP_05C,33426,5955.04176,3428.49863,1143.50439,3,1,QVLFLDTVYGJCSTHFTVK,"12,Carbamidomethyl[C];1,Gln->pyro-Glu[AnyN-termQ];",2212.07431,5 2 0 0,H(5)N(2),(N(N(H(H(H))(H(H))))),1637,0 1 0 0;0 2 0 0;,1216.42286,11,8.04222,10.99517,2.55819,3,0.00146,0.42587,0.375,0.27778,0.0,0,0,33242.9,45362.2,111590.5,83568.1,0.0,5827.2,0,0.0580539322575335,0.0080347113387118,-1,0.0,0.0080347113387118,sp|P04114|APOB_HUMAN,APOB,185,7859140.0,54327700.0,,,-1.0,-1.0,-1,,0,0,0
MS_UNDEP_PL_LAC_bRPLC_NGP_05C.33619.33619.4.1.dta,MS_UNDEP_PL_LAC_bRPLC_NGP_05C.33619.33619.4.1.dta,MS_UNDEP_PL_LAC_bRPLC_NGP_05C,33619,5986.39176,4630.0525,1158.26858,4,1,SLGNVJFTVSAEALESQELCGTEVPSVPEHGR,"20,Carbamidomethyl[C];",3413.62779,5 2 0 0,H(5)N(2),(N(N(H(H(H))(H(H))))),1637,0 1 0 0;0 2 0 0;1 2 0 0;3 2 0 0;4 2 0 0;,1216.42286,6,34.83734,43.8767,18.04995,5,0.00185,0.39915,0.75,0.56452,0.0,0,0,22950.6,35754.5,80856.6,80921.7,0.0,0.0,0,2.4098503763924048e-12,6.629409947800071e-14,-1,0.0,6.629409947800071e-14,sp|P01023|A2MG_HUMAN,A2M,869,16306900.0,201404000.0,,,-1.0,-1.0,-1,,0,0,0
MS_UNDEP_PL_LAC_bRPLC_NGP_05C.33810.33810.4.4.dta,MS_UNDEP_PL_LAC_bRPLC_NGP_05C.33810.33810.4.4.dta,MS_UNDEP_PL_LAC_bRPLC_NGP_05C,33810,6017.418,4630.0535,1158.26883,4,1,SLGNVJFTVSAEALESQELCGTEVPSVPEHGR,"20,Carbamidomethyl[C];",3413.62779,5 2 0 0,H(5)N(2),(N(N(H(H(H))(H(H))))),1637,0 1 0 0;0 2 0 0;1 2 0 0;2 2 0 0;3 2 0 0;4 2 0 0;,1216.42286,6,34.00813,37.14998,28.17327,6,0.00284,0.61427,0.875,0.51613,0.0,0,0,26285.2,32524.3,86544.6,82306.1,0.0,4697.3,0,3.851193027281181e-19,7.104045625209639e-21,-1,0.0,7.104045625209639e-21,sp|P01023|A2MG_HUMAN,A2M,869,16483600.0,206509000.0,,,-1.0,-1.0,-1,,0,0,0
MS_UNDEP_PL_LAC_bRPLC_NGP_05C.33861.33861.4.1.dta,MS_UNDEP_PL_LAC_bRPLC_NGP_05C.33861.33861.4.1.dta,MS_UNDEP_PL_LAC_bRPLC_NGP_05C,33861,6025.6572,4828.23488,1207.81418,4,1,LSLHRPALEDLLLGSEAJLTCTLTGLR,"21,Carbamidomethyl[C];",2963.59827,9 2 0 0,H(9)N(2),(N(N(H(H(H(H)))(H(H)(H(H)(H)))))),1494,0 1 0 0;0 2 0 0;1 2 0 0;2 2 0 0;3 2 0 0;4 2 0 0;5 2 0 0;6 2 0 0;7 2 0 0;8 2 0 0;,1864.63416,18,104.85532,99.97344,113.92168,7,0.00246,0.50854,1.0,0.71154,0.0,0,0,378671.9,131487.1,489624.9,349976.6,0.0,0.0,0,5.875514654945308e-74,1.5893036028538426e-75,-1,0.0,1.5893036028538426e-75,sp|P01876|IGHA1_HUMAN;sp|P01877|IGHA2_HUMAN,IGHA1;IGHA2,144;131,19496000.0,264935000.0,,,-1.0,-1.0,-1,,0,0,0
MS_UNDEP_PL_LAC_bRPLC_NGP_05C.33861.33861.2.2.dta,MS_UNDEP_PL_LAC_bRPLC_NGP_05C.33861.33861.2.2.dta,MS_UNDEP_PL_LAC_bRPLC_NGP_05C,33861,6025.6572,2415.12212,1208.0647,2,1,JLVFAQRWGIR,"6,Deamidated[Q];",1360.74843,4 2 0 0,H(4)N(2),(N(N(H(H)(H(H))))),2258,0 2 0 0;1 2 0 0;2 2 0 0;3 2 0 0;,1054.37004,1,8.20612,9.17474,6.40727,4,0.00365,1.51153,0.57143,0.45,0.0,0,0,378671.9,131487.1,489624.9,349976.6,0.0,0.0,0,0.0001038847369595,4.833061297565598e-06,-1,0.0,4.833061297565598e-06,sp|O95342|ABCBB_HUMAN,ABCB11,307,50043500.0,136295000.0,,,-1.0,-1.0,-1,,0,0,0
MS_UNDEP_PL_LAC_bRPLC_NGP_05C.33900.33900.4.3.dta,MS_UNDEP_PL_LAC_bRPLC_NGP_05C.33900.33900.4.3.dta,MS_UNDEP_PL_LAC_bRPLC_NGP_05C,33900,6031.8558,4504.12851,1126.78758,4,1,LSLHRPALEDLLLGSEAJLTCTLTGLR,"21,Carbamidomethyl[C];",2963.59827,7 2 0 0,H(7)N(2),(N(N(H(H(H(H)))(H(H(H)))))),1488,0 1 0 0;1 2 0 0;3 2 0 0;5 2 0 0;,1540.52851,18,15.95799,21.54596,5.58035,4,0.00173,0.38414,0.5,0.38462,0.0,0,0,21687.3,21256.5,49101.2,44390.8,0.0,5760.1,0,0.0003629892767543,1.682648057073278e-05,-1,0.0,1.682648057073278e-05,sp|P01876|IGHA1_HUMAN;sp|P01877|IGHA2_HUMAN,IGHA1;IGHA2,144;131,69735300.0,792201000.0,,,-1.0,-1.0,-1,,0,0,0
MS_UNDEP_PL_LAC_bRPLC_NGP_05C.33922.33922.4.1.dta,MS_UNDEP_PL_LAC_bRPLC_NGP_05C.33922.33922.4.1.dta,MS_UNDEP_PL_LAC_bRPLC_NGP_05C,33922,6035.5506,4666.18161,1167.30086,4,1,LSLHRPALEDLLLGSEAJLTCTLTGLR,"21,Carbamidomethyl[C];",2963.59827,8 2 0 0,H(8)N(2),(N(N(H(H(H(H)))(H(H)(H)(H))))),1496,0 1 0 0;0 2 0 0;1 2 0 0;2 2 0 0;3 2 0 0;4 2 0 0;5 2 0 0;6 2 0 0;7 2 0 0;,1702.58133,18,135.87322,146.87679,115.43802,7,0.00201,0.43007,1.0,0.76923,0.0,0,0,1259656.0,566248.4,2284348.9,1433239.5,0.0,0.0,0,6.07338628663211e-75,1.5103802294099414e-76,-1,0.0,1.5103802294099414e-76,sp|P01876|IGHA1_HUMAN;sp|P01877|IGHA2_HUMAN,IGHA1;IGHA2,144;131,75169900.0,877075000.0,,,-1.0,-1.0,-1,,0,0,0
MS_UNDEP_PL_LAC_bRPLC_NGP_05C.33960.33960.5.0.dta,MS_UNDEP_PL_LAC_bRPLC_NGP_05C.33960.33960.5.0.dta,MS_UNDEP_PL_LAC_bRPLC_NGP_05C,33960,6041.7222,4586.18541,918.0429,5,1,LSLHRPALEDLLLGSEAJLTCTLTGLR,"21,Carbamidomethyl[C];",2963.59827,5 4 0 0,H(5)N(4),(N(N(H(H(N(H)))(H(N(H)))))),2054,0 1 0 0;2 2 0 0;3 2 0 0;,1622.58161,18,11.45231,14.37831,6.01831,4,0.00554,1.20689,0.33333,0.28846,0.0,0,0,0.0,130636.3,113033.2,133525.9,0.0,0.0,0,0.000182529453238,8.335230108287553e-06,-1,0.0,8.335230108287553e-06,sp|P01876|IGHA1_HUMAN;sp|P01877|IGHA2_HUMAN,IGHA1;IGHA2,144;131,2454750.0,34763800.0,,,-1.0,-1.0,-1,,0,0,0
MS_UNDEP_PL_LAC_bRPLC_NGP_05C.33972.33972.4.2.dta,MS_UNDEP_PL_LAC_bRPLC_NGP_05C.33972.33972.4.2.dta,MS_UNDEP_PL_LAC_bRPLC_NGP_05C,33972,6043.7706,4180.01633,1045.75954,4,1,LSLHRPALEDLLLGSEAJLTCTLTGLR,"21,Carbamidomethyl[C];",2963.59827,5 2 0 0,H(5)N(2),(N(N(H(H)(H(H)(H))))),2257,0 1 0 0;0 2 0 0;2 2 0 0;4 2 0 0;,1216.42286,18,32.83438,44.29611,11.54832,4,-0.0048,-1.14902,0.625,0.51923,0.0,0,0,13660.2,37401.0,93077.8,63795.1,0.0,0.0,0,6.964848702685929e-08,1.6815712738215487e-09,-1,0.0,1.6815712738215487e-09,sp|P01876|IGHA1_HUMAN;sp|P01877|IGHA2_HUMAN,IGHA1;IGHA2,144;131,4268980.0,43438300.0,,,-1.0,-1.0,-1,,0,0,0
MS_UNDEP_PL_LAC_bRPLC_NGP_05C.33988.33988.4.2.dta,MS_UNDEP_PL_LAC_bRPLC_NGP_05C.33988.33988.4.2.dta,MS_UNDEP_PL_LAC_bRPLC_NGP_05C,33988,6046.341,4627.20546,1157.55682,4,1,LSLHRPALEDLLLGSEAJLTCTLTGLR,"21,Carbamidomethyl[C];",2963.59827,4 5 0 0,H(4)N(5),(N(N(H(N)(H(N))(H(N(H)))))),2911,0 1 0 0;0 2 0 0;1 3 0 0;3 3 0 0;3 4 0 0;4 4 0 0;,1663.60816,18,8.07184,8.33771,7.57807,3,-0.00097,-0.20943,0.46667,0.23077,0.0,0,0,14646.3,87137.1,208175.4,213157.3,0.0,0.0,0,2.2171181411980383e-05,1.0530577554231837e-06,-1,0.0024096385542168,0.0024096385542168,sp|P01876|IGHA1_HUMAN;sp|P01877|IGHA2_HUMAN,IGHA1;IGHA2,144;131,34568700.0,425113000.0,,,-1.0,-1.0,-1,,0,0,0
MS_UNDEP_PL_LAC_bRPLC_NGP_05C.34099.34099.4.1.dta,MS_UNDEP_PL_LAC_bRPLC_NGP_05C.34099.34099.4.1.dta,MS_UNDEP_PL_LAC_bRPLC_NGP_05C,34099,6064.5726,4504.12782,1126.78741,4,1,LSLHRPALEDLLLGSEAJLTCTLTGLR,"21,Carbamidomethyl[C];",2963.59827,7 2 0 0,H(7)N(2),(N(N(H(H(H))(H(H(H(H))))))),1622,0 1 0 0;0 2 0 0;1 2 0 0;2 2 0 0;3 2 0 0;4 2 0 0;5 2 0 0;6 2 0 0;,1540.52851,18,116.0344,125.47728,98.49761,7,0.00104,0.23051,1.0,0.75,0.0,0,0,431863.5,260267.7,997514.3,644602.8,0.0,0.0,0,5.969982792664205e-64,9.027765583055384e-66,-1,0.0,9.027765583055384e-66,sp|P01876|IGHA1_HUMAN;sp|P01877|IGHA2_HUMAN,IGHA1;IGHA2,144;131,69735300.0,792201000.0,,,-1.0,-1.0,-1,,0,0,0
MS_UNDEP_PL_LAC_bRPLC_NGP_05C.34101.34101.4.1.dta,MS_UNDEP_PL_LAC_bRPLC_NGP_05C.34101.34101.4.1.dta,MS_UNDEP_PL_LAC_bRPLC_NGP_05C,34101,6064.8792,4586.18015,1147.30049,4,1,LSLHRPALEDLLLGSEAJLTCTLTGLR,"21,Carbamidomethyl[C];",2963.59827,5 4 0 0,H(5)N(4),(N(N(H(H(N))(H(H)(H)(N))))),2192,0 1 0 0;0 2 0 0;1 2 0 0;2 2 0 0;2 3 0 0;3 2 0 0;3 3 0 0;4 2 0 0;4 3 0 0;4 4 0 0;5 2 0 0;5 3 0 0;,1622.58161,18,91.75446,82.26566,109.37652,7,0.00028,0.06019,0.93333,0.67308,0.0,0,0,0.0,880309.1,2038449.2,1655591.3,0.0,0.0,0,5.2787820854262784e-71,9.100614770810678e-73,-1,0.0,9.100614770810678e-73,sp|P01876|IGHA1_HUMAN;sp|P01877|IGHA2_HUMAN,IGHA1;IGHA2,144;131,62532500.0,726160000.0,,,-1.0,-1.0,-1,,0,0,0
MS_UNDEP_PL_LAC_bRPLC_NGP_05C.34115.34115.4.1.dta,MS_UNDEP_PL_LAC_bRPLC_NGP_05C.34115.34115.4.1.dta,MS_UNDEP_PL_LAC_bRPLC_NGP_05C,34115,6067.1448,4666.1798,1167.30041,4,1,LSLHRPALEDLLLGSEAJLTCTLTGLR,"21,Carbamidomethyl[C];",2963.59827,8 2 0 0,H(8)N(2),(N(N(H(H(H(H)))(H(H)(H)(H))))),1496,0 1 0 0;0 2 0 0;1 2 0 0;2 2 0 0;3 2 0 0;4 2 0 0;5 2 0 0;6 2 0 0;7 2 0 0;,1702.58133,18,82.95231,92.93473,64.41351,6,0.00019,0.04175,0.90909,0.67308,0.0,0,0,115088.2,72759.0,228092.9,163643.9,0.0,0.0,0,4.354297760538849e-42,6.675059164846144e-44,-1,0.0,6.675059164846144e-44,sp|P01876|IGHA1_HUMAN;sp|P01877|IGHA2_HUMAN,IGHA1;IGHA2,144;131,75169900.0,877075000.0,,,-1.0,-1.0,-1,,0,0,0
MS_UNDEP_PL_LAC_bRPLC_NGP_05C.34130.34130.4.1.dta,MS_UNDEP_PL_LAC_bRPLC_NGP_05C.34130.34130.4.1.dta,MS_UNDEP_PL_LAC_bRPLC_NGP_05C,34130,6069.651,4748.23326,1187.81377,4,1,LSLHRPALEDLLLGSEAJLTCTLTGLR,"21,Carbamidomethyl[C];",2963.59827,6 4 0 0,H(6)N(4),(N(N(H(H(H)(H))(H(N)(N(H)))))),1598,0 1 0 0;0 2 0 0;1 2 0 0;2 2 0 0;4 3 0 0;5 3 0 0;6 3 0 0;,1784.63443,18,19.87851,20.98398,17.82551,5,0.00056,0.11806,0.44444,0.34615,0.0,0,0,0.0,113729.2,261927.9,227538.9,0.0,0.0,0,3.380813997884198e-12,9.134798292467069e-14,-1,0.0,9.134798292467069e-14,sp|P01876|IGHA1_HUMAN;sp|P01877|IGHA2_HUMAN,IGHA1;IGHA2,144;131,8474050.0,102684000.0,,,-1.0,-1.0,-1,,0,0,0
MS_UNDEP_PL_LAC_bRPLC_NGP_05C.34146.34146.4.1.dta,MS_UNDEP_PL_LAC_bRPLC_NGP_05C.34146.34146.4.1.dta,MS_UNDEP_PL_LAC_bRPLC_NGP_05C,34146,6072.243,4545.1531,1137.04373,4,1,LSLHRPALEDLLLGSEAJLTCTLTGLR,"21,Carbamidomethyl[C];",2963.59827,6 3 0 0,H(6)N(3),(N(N(H(H(H)(H))(H(H(N)))))),1547,0 1 0 0;0 2 0 0;1 2 0 0;2 2 0 0;3 2 0 0;4 2 0 0;4 3 0 0;5 2 0 0;5 3 0 0;6 2 0 0;,1581.55506,18,81.13183,87.69908,68.93552,7,-0.00023,-0.0508,0.92308,0.73077,0.0,0,0,0.0,445604.5,445550.9,544639.2,0.0,0.0,0,5.3692217773319055e-45,9.549627604363891e-47,-1,0.0,9.549627604363891e-47,sp|P01876|IGHA1_HUMAN;sp|P01877|IGHA2_HUMAN,IGHA1;IGHA2,144;131,24569000.0,280229000.0,,,-1.0,-1.0,-1,,0,0,0
MS_UNDEP_PL_LAC_bRPLC_NGP_05C.34151.34151.3.0.dta,MS_UNDEP_PL_LAC_bRPLC_NGP_05C.34151.34151.3.0.dta,MS_UNDEP_PL_LAC_bRPLC_NGP_05C,34151,6073.0194,4504.12525,1502.0466,3,1,LSLHRPALEDLLLGSEAJLTCTLTGLR,"21,Carbamidomethyl[C];",2963.59827,7 2 0 0,H(7)N(2),(N(N(H(H(H)(H))(H(H(H)))))),1546,0 1 0 0;0 2 0 0;4 2 0 0;6 2 0 0;,1540.52851,18,12.83189,16.89603,5.28419,3,-0.00153,-0.33964,0.5,0.32692,0.0,0,0,28931.4,31814.1,131151.6,160789.3,0.0,0.0,0,0.0006039981821091,2.458122378421608e-05,-1,0.0,2.458122378421608e-05,sp|P01876|IGHA1_HUMAN;sp|P01877|IGHA2_HUMAN,IGHA1;IGHA2,144;131,5718930.0,73315400.0,,,-1.0,-1.0,-1,,0,0,0
MS_UNDEP_PL_LAC_bRPLC_NGP_05C.34163.34163.4.1.dta,MS_UNDEP_PL_LAC_bRPLC_NGP_05C.34163.34163.4.1.dta,MS_UNDEP_PL_LAC_bRPLC_NGP_05C,34163,6075.0678,4342.07366,1086.27387,4,1,LSLHRPALEDLLLGSEAJLTCTLTGLR,"21,Carbamidomethyl[C];",2963.59827,6 2 0 0,H(6)N(2),(N(N(H(H(H))(H(H)(H))))),1636,0 1 0 0;0 2 0 0;1 2 0 0;2 2 0 0;3 2 0 0;4 2 0 0;5 2 0 0;,1378.47569,18,131.05459,150.98668,94.03785,7,-0.00029,-0.06687,1.0,0.76923,0.0,0,0,929106.5,895033.4,3543900.7,2180497.9,0.0,0.0,0,4.510215772205222e-61,8.968342786881662e-63,-1,0.0,8.968342786881662e-63,sp|P01876|IGHA1_HUMAN;sp|P01877|IGHA2_HUMAN,IGHA1;IGHA2,144;131,190438000.0,1972920000.0,,,-1.0,-1.0,-1,,0,0,0
MS_UNDEP_PL_LAC_bRPLC_NGP_05C.34166.34166.4.3.dta,MS_UNDEP_PL_LAC_bRPLC_NGP_05C.34166.34166.4.3.dta,MS_UNDEP_PL_LAC_bRPLC_NGP_05C,34166,6075.5256,4180.01899,1045.76021,4,1,LSLHRPALEDLLLGSEAJLTCTLTGLR,"21,Carbamidomethyl[C];",2963.59827,5 2 0 0,H(5)N(2),(N(N(H(H(H))(H(H))))),1637,0 1 0 0;0 2 0 0;1 2 0 0;2 2 0 0;3 2 0 0;4 2 0 0;,1216.42286,18,140.14408,169.99105,84.71397,7,-0.00214,-0.5117,1.0,0.82692,0.0,0,0,329712.9,672290.2,2203186.2,1358578.3,0.0,0.0,0,4.3453574297624966e-55,1.3642824612312e-56,-1,0.0,1.3642824612312e-56,sp|P01876|IGHA1_HUMAN;sp|P01877|IGHA2_HUMAN,IGHA1;IGHA2,144;131,594465000.0,5722160000.0,,,-1.0,-1.0,-1,,0,0,0
MS_UNDEP_PL_LAC_bRPLC_NGP_05C.34179.34179.4.1.dta,MS_UNDEP_PL_LAC_bRPLC_NGP_05C.34179.34179.4.1.dta,MS_UNDEP_PL_LAC_bRPLC_NGP_05C,34179,6077.6346,4627.20514,1157.55674,4,1,LSLHRPALEDLLLGSEAJLTCTLTGLR,"21,Carbamidomethyl[C];",2963.59827,4 5 0 0,H(4)N(5),(N(N(H(N)(H(N))(H(N(H)))))),2911,0 1 0 0;0 2 0 0;1 2 0 0;1 3 0 0;2 2 0 0;2 3 0 0;2 4 0 0;3 2 0 0;3 3 0 0;3 4 0 0;4 3 0 0;4 4 0 0;,1663.60816,18,67.14202,68.82247,64.02118,6,-0.00128,-0.27686,0.86667,0.61538,0.0,0,0,0.0,544115.7,1015340.2,1050121.5,0.0,0.0,0,7.7974411840893e-42,1.4556286473058087e-43,-1,0.0,1.4556286473058087e-43,sp|P01876|IGHA1_HUMAN;sp|P01877|IGHA2_HUMAN,IGHA1;IGHA2,144;131,34568700.0,425113000.0,,,-1.0,-1.0,-1,,0,0,0
MS_UNDEP_PL_LAC_bRPLC_NGP_05C.34195.34195.4.3.dta,MS_UNDEP_PL_LAC_bRPLC_NGP_05C.34195.34195.4.3.dta,MS_UNDEP_PL_LAC_bRPLC_NGP_05C,34195,6080.3088,4773.25999,1194.07045,4,1,LSLHRPALEDLLLGSEAJLTCTLTGLR,"21,Carbamidomethyl[C];",2963.59827,4 5 0 1,H(4)N(5)F(1),(N(F)(N(H(H(N)(N))(H(N(H)))))),635,0 1 0 0;0 1 0 1;0 2 0 0;0 2 0 1;1 2 0 0;2 3 0 0;2 3 0 1;2 4 0 1;3 3 0 0;3 3 0 1;3 4 0 0;3 4 0 1;4 4 0 0;4 4 0 1;,1809.66607,18,36.97159,34.65906,41.2663,6,-0.00435,-0.91047,0.55556,0.46154,0.0,0,0,0.0,283110.5,672895.0,603042.2,0.0,0.0,0,3.692160942060241e-27,4.9875300573564297e-29,-1,0.0,4.9875300573564297e-29,sp|P01876|IGHA1_HUMAN;sp|P01877|IGHA2_HUMAN,IGHA1;IGHA2,144;131,23825800.0,246505000.0,,,-1.0,-1.0,-1,,0,0,0
MS_UNDEP_PL_LAC_bRPLC_NGP_05C.34210.34210.3.1.dta,MS_UNDEP_PL_LAC_bRPLC_NGP_05C.34210.34210.3.1.dta,MS_UNDEP_PL_LAC_bRPLC_NGP_05C,34210,6082.7268,4342.07306,1448.0292,3,1,LSLHRPALEDLLLGSEAJLTCTLTGLR,"21,Carbamidomethyl[C];",2963.59827,6 2 0 0,H(6)N(2),(N(N(H(H(H))(H(H(H)))))),1628,0 1 0 0;4 2 0 0;,1378.47569,18,56.51517,83.86435,5.72384,3,-0.0009,-0.20666,0.44444,0.65385,0.0,0,0,125090.9,141684.2,692121.9,646267.9,0.0,0.0,0,0.0002876398880663,1.194156043115979e-05,-1,0.0,1.194156043115979e-05,sp|P01876|IGHA1_HUMAN;sp|P01877|IGHA2_HUMAN,IGHA1;IGHA2,144;131,21869700.0,239743000.0,,,-1.0,-1.0,-1,,0,0,0
MS_UNDEP_PL_LAC_bRPLC_NGP_05C.34226.34226.4.1.dta,MS_UNDEP_PL_LAC_bRPLC_NGP_05C.34226.34226.4.1.dta,MS_UNDEP_PL_LAC_bRPLC_NGP_05C,34226,6085.383,4424.12545,1106.78682,4,1,LSLHRPALEDLLLGSEAJLTCTLTGLR,"21,Carbamidomethyl[C];",2963.59827,4 4 0 0,H(4)N(4),(N(N(H(H(N))(H(N(H)))))),2218,0 1 0 0;0 2 0 0;1 2 0 0;2 2 0 0;2 3 0 0;3 2 0 0;3 3 0 0;4 3 0 0;,1460.52878,18,83.60063,80.22488,89.86989,7,-0.0016,-0.36178,0.90909,0.65385,0.0,0,0,0.0,1276266.4,1851631.2,2065172.0,0.0,0.0,0,2.1599641436167454e-58,6.594403369724531e-60,-1,0.0,6.594403369724531e-60,sp|P01876|IGHA1_HUMAN;sp|P01877|IGHA2_HUMAN,IGHA1;IGHA2,144;131,69947100.0,812702000.0,,,-1.0,-1.0,-1,,0,0,0
MS_UNDEP_PL_LAC_bRPLC_NGP_05C.34250.34250.3.0.dta,MS_UNDEP_PL_LAC_bRPLC_NGP_05C.34250.34250.3.0.dta,MS_UNDEP_PL_LAC_bRPLC_NGP_05C,34250,6089.2896,4424.12334,1475.3793,3,1,LSLHRPALEDLLLGSEAJLTCTLTGLR,"21,Carbamidomethyl[C];",2963.59827,4 4 0 0,H(4)N(4),(N(N(H(H(N))(H(N(H)))))),2218,0 1 0 0;0 2 0 0;1 2 0 0;2 2 0 0;2 3 0 0;3 2 0 0;3 3 0 0;3 4 0 0;4 3 0 0;,1460.52878,18,24.75846,14.19461,44.37703,6,-0.00371,-0.83803,0.90909,0.30769,0.0,0,0,0.0,119498.7,198586.3,357084.2,0.0,0.0,0,4.313404250711252e-29,4.4542574528940474e-31,-1,0.0,4.4542574528940474e-31,sp|P01876|IGHA1_HUMAN;sp|P01877|IGHA2_HUMAN,IGHA1;IGHA2,144;131,5007060.0,64727300.0,,,-1.0,-1.0,-1,,0,0,0
MS_UNDEP_PL_LAC_bRPLC_NGP_05C.34267.34267.4.1.dta,MS_UNDEP_PL_LAC_bRPLC_NGP_05C.34267.34267.4.1.dta,MS_UNDEP_PL_LAC_bRPLC_NGP_05C,34267,6092.0184,4383.11015,1096.533,4,1,LSLHRPALEDLLLGSEAJLTCTLTGLR,"21,Carbamidomethyl[C];",2963.59827,5 3 0 0,H(5)N(3),(N(N(H(H(N))(H(H)(H))))),2193,0 1 0 0;2 2 0 0;3 2 0 0;4 2 0 0;5 2 0 0;,1419.50223,18,19.3562,23.7552,11.18661,4,0.00965,2.2013,0.5,0.40385,0.0,0,0,8877.1,61626.9,142738.3,121715.3,0.0,0.0,0,1.2645402695819352e-07,3.3940370558162517e-09,-1,0.0,3.3940370558162517e-09,sp|P01876|IGHA1_HUMAN;sp|P01877|IGHA2_HUMAN,IGHA1;IGHA2,144;131,4538260.0,52197100.0,,,-1.0,-1.0,-1,,0,0,0
MS_UNDEP_PL_LAC_bRPLC_NGP_05C.34279.34279.4.8.dta,MS_UNDEP_PL_LAC_bRPLC_NGP_05C.34279.34279.4.8.dta,MS_UNDEP_PL_LAC_bRPLC_NGP_05C,34279,6094.041,4504.12634,1126.78704,4,1,LSLHRPALEDLLLGSEAJLTCTLTGLR,"21,Carbamidomethyl[C];",2963.59827,7 2 0 0,H(7)N(2),(N(N(H(H(H))(H(H(H(H))))))),1622,0 1 0 0;0 2 0 0;1 2 0 0;2 2 0 0;3 2 0 0;4 2 0 0;5 2 0 0;6 2 0 0;,1540.52851,18,59.78263,51.17803,75.7626,7,-0.00043,-0.09631,1.0,0.51923,0.0,0,0,58712.1,54697.4,205957.0,154491.2,0.0,0.0,0,2.281546989520273e-49,3.4159183810884925e-51,-1,0.0,3.4159183810884925e-51,sp|P01876|IGHA1_HUMAN;sp|P01877|IGHA2_HUMAN,IGHA1;IGHA2,144;131,71384300.0,818343000.0,,,-1.0,-1.0,-1,,0,0,0
MS_UNDEP_PL_LAC_bRPLC_NGP_05C.34280.34280.4.1.dta,MS_UNDEP_PL_LAC_bRPLC_NGP_05C.34280.34280.4.1.dta,MS_UNDEP_PL_LAC_bRPLC_NGP_05C,34280,6094.1952,4611.21098,1153.5582,4,1,LSLHRPALEDLLLGSEAJLTCTLTGLR,"21,Carbamidomethyl[C];",2963.59827,3 5 0 1,H(3)N(5)F(1),(N(N(H(H(N)(N))(H(N(F)))))),2167,0 1 0 0;1 2 0 0;2 2 0 0;,1647.61324,18,8.12822,10.65329,3.4388,4,-0.00053,-0.11504,0.26667,0.26923,0.0,0,0,0.0,28014.8,175642.6,104368.1,0.0,0.0,0,0.0527384064544535,0.0021418480726366,-1,0.0,0.0021418480726366,sp|P01876|IGHA1_HUMAN;sp|P01877|IGHA2_HUMAN,IGHA1;IGHA2,144;131,11757800.0,139040000.0,,,-1.0,-1.0,-1,,0,0,0
MS_UNDEP_PL_LAC_bRPLC_NGP_05C.34293.34293.3.0.dta,MS_UNDEP_PL_LAC_bRPLC_NGP_05C.34293.34293.3.0.dta,MS_UNDEP_PL_LAC_bRPLC_NGP_05C,34293,6096.3168,4180.02083,1394.01179,3,1,LSLHRPALEDLLLGSEAJLTCTLTGLR,"21,Carbamidomethyl[C];",2963.59827,5 2 0 0,H(5)N(2),(N(N(H(H(H))(H(H))))),1637,0 1 0 0;0 2 0 0;1 2 0 0;2 2 0 0;3 2 0 0;4 2 0 0;,1216.42286,18,90.17856,106.27542,60.2844,7,-0.0003,-0.07271,1.0,0.71154,0.0,0,0,283138.7,348176.6,2056354.2,1957639.6,0.0,0.0,0,2.0313397618444678e-39,3.684583155861512e-41,-1,0.0,3.684583155861512e-41,sp|P01876|IGHA1_HUMAN;sp|P01877|IGHA2_HUMAN,IGHA1;IGHA2,144;131,99747100.0,959732000.0,,,-1.0,-1.0,-1,,0,0,0
MS_UNDEP_PL_LAC_bRPLC_NGP_05C.34296.34296.4.2.dta,MS_UNDEP_PL_LAC_bRPLC_NGP_05C.34296.34296.4.2.dta,MS_UNDEP_PL_LAC_bRPLC_NGP_05C,34296,6096.777,4773.25898,1194.0702,4,1,LSLHRPALEDLLLGSEAJLTCTLTGLR,"21,Carbamidomethyl[C];",2963.59827,4 5 0 1,H(4)N(5)F(1),(N(N(H(N)(H(H))(H(N)(N(F)))))),2405,0 1 0 0;1 2 0 0;2 2 0 0;3 2 0 0;4 2 0 0;,1809.66607,18,63.66528,85.0314,23.98533,6,-0.00535,-1.12164,0.26923,0.69231,0.0,0,0,45974.4,138360.3,410039.2,299023.4,0.0,0.0,0,2.528216083657884e-16,4.4378836907471266e-18,-1,0.0,4.4378836907471266e-18,sp|P01876|IGHA1_HUMAN;sp|P01877|IGHA2_HUMAN,IGHA1;IGHA2,144;131,23825800.0,246505000.0,,,-1.0,-1.0,-1,,0,0,0
MS_UNDEP_PL_LAC_bRPLC_NGP_05C.34297.34297.4.4.dta,MS_UNDEP_PL_LAC_bRPLC_NGP_05C.34297.34297.4.4.dta,MS_UNDEP_PL_LAC_bRPLC_NGP_05C,34297,6096.9324,4586.17841,1147.30006,4,1,LSLHRPALEDLLLGSEAJLTCTLTGLR,"21,Carbamidomethyl[C];",2963.59827,5 4 0 0,H(5)N(4),(N(N(H(H(N))(H(H)(H)(N))))),2192,0 1 0 0;0 2 0 0;1 2 0 0;2 2 0 0;2 3 0 0;3 2 0 0;3 3 0 0;4 2 0 0;4 3 0 0;5 3 0 0;,1622.58161,18,29.15709,25.67507,35.62369,6,-0.00147,-0.32009,0.73333,0.40385,0.0,0,0,0.0,88488.8,348428.7,225089.7,0.0,0.0,0,8.959313015008618e-24,1.7617506426647932e-25,-1,0.0,1.7617506426647932e-25,sp|P01876|IGHA1_HUMAN;sp|P01877|IGHA2_HUMAN,IGHA1;IGHA2,144;131,62532500.0,726160000.0,,,-1.0,-1.0,-1,,0,0,0
MS_UNDEP_PL_LAC_bRPLC_NGP_05C.34338.34338.5.0.dta,MS_UNDEP_PL_LAC_bRPLC_NGP_05C.34338.34338.5.0.dta,MS_UNDEP_PL_LAC_bRPLC_NGP_05C,34338,6103.4514,4424.12343,885.63051,5,1,LSLHRPALEDLLLGSEAJLTCTLTGLR,"21,Carbamidomethyl[C];",2963.59827,4 4 0 0,H(4)N(4),(N(N(H(H(N))(H(N(H)))))),2218,0 1 0 0;2 2 0 0;3 2 0 0;,1460.52878,18,8.16746,9.52236,5.65122,4,-0.00363,-0.81972,0.36364,0.25,0.0,0,0,0.0,39146.6,106799.7,77147.3,0.0,0.0,0,0.000323259193903,1.3879103451456684e-05,-1,0.0,1.3879103451456684e-05,sp|P01876|IGHA1_HUMAN;sp|P01877|IGHA2_HUMAN,IGHA1;IGHA2,144;131,3000400.0,30279300.0,,,-1.0,-1.0,-1,,0,0,0
MS_UNDEP_PL_LAC_bRPLC_NGP_05C.34341.34341.4.1.dta,MS_UNDEP_PL_LAC_bRPLC_NGP_05C.34341.34341.4.1.dta,MS_UNDEP_PL_LAC_bRPLC_NGP_05C,34341,6104.055,4465.15188,1117.04343,4,1,LSLHRPALEDLLLGSEAJLTCTLTGLR,"21,Carbamidomethyl[C];",2963.59827,3 5 0 0,H(3)N(5),(N(N(H(N)(H(N))(H(N))))),2919,0 1 0 0;0 2 0 0;1 2 0 0;1 3 0 0;2 2 0 0;2 3 0 0;2 4 0 0;3 3 0 0;3 4 0 0;,1501.55533,18,70.73306,71.21859,69.83137,6,-0.00172,-0.38557,0.91667,0.65385,0.0,0,0,0.0,141354.6,1811583.5,1077318.8,0.0,0.0,0,1.4291641030844506e-45,3.561760589659491e-47,-1,0.0,3.561760589659491e-47,sp|P01876|IGHA1_HUMAN;sp|P01877|IGHA2_HUMAN,IGHA1;IGHA2,144;131,74818600.0,807714000.0,,,-1.0,-1.0,-1,,0,0,0
MS_UNDEP_PL_LAC_bRPLC_NGP_05C.34357.34357.4.1.dta,MS_UNDEP_PL_LAC_bRPLC_NGP_05C.34357.34357.4.1.dta,MS_UNDEP_PL_LAC_bRPLC_NGP_05C,34357,6106.6434,4180.01892,1045.76019,4,1,LSLHRPALEDLLLGSEAJLTCTLTGLR,"21,Carbamidomethyl[C];",2963.59827,5 2 0 0,H(5)N(2),(N(N(H(H(H))(H(H))))),1637,0 1 0 0;0 2 0 0;1 2 0 0;2 2 0 0;3 2 0 0;4 2 0 0;,1216.42286,18,147.68762,178.15568,91.10407,7,-0.00221,-0.52892,1.0,0.84615,0.0,0,0,932336.4,1775300.0,6335431.7,3552470.5,0.0,0.0,0,3.4815916696608623e-59,9.97533160664932e-61,-1,0.0,9.97533160664932e-61,sp|P01876|IGHA1_HUMAN;sp|P01877|IGHA2_HUMAN,IGHA1;IGHA2,144;131,594465000.0,5722160000.0,,,-1.0,-1.0,-1,,0,0,0
MS_UNDEP_PL_LAC_bRPLC_NGP_05C.34358.34358.4.1.dta,MS_UNDEP_PL_LAC_bRPLC_NGP_05C.34358.34358.4.1.dta,MS_UNDEP_PL_LAC_bRPLC_NGP_05C,34358,6106.7976,4342.07333,1086.27379,4,1,LSLHRPALEDLLLGSEAJLTCTLTGLR,"21,Carbamidomethyl[C];",2963.59827,6 2 0 0,H(6)N(2),(N(N(H(H(H))(H(H(H)))))),1628,0 1 0 0;0 2 0 0;1 2 0 0;2 2 0 0;3 2 0 0;4 2 0 0;5 2 0 0;,1378.47569,18,118.72159,151.99879,56.92106,6,-0.00062,-0.14333,0.88889,0.82692,0.0,0,0,225746.5,255384.2,954596.6,545459.7,0.0,0.0,0,3.1015434685316827e-37,3.0528918522025486e-39,-1,0.0,3.0528918522025486e-39,sp|P01876|IGHA1_HUMAN;sp|P01877|IGHA2_HUMAN,IGHA1;IGHA2,144;131,190438000.0,1972920000.0,,,-1.0,-1.0,-1,,0,0,0
MS_UNDEP_PL_LAC_bRPLC_NGP_05C.34372.34372.4.1.dta,MS_UNDEP_PL_LAC_bRPLC_NGP_05C.34372.34372.4.1.dta,MS_UNDEP_PL_LAC_bRPLC_NGP_05C,34372,6109.098,4262.07164,1066.27337,4,1,LSLHRPALEDLLLGSEAJLTCTLTGLR,"21,Carbamidomethyl[C];",2963.59827,3 4 0 0,H(3)N(4),(N(N(H(H(N))(H(N))))),2226,0 1 0 0;0 2 0 0;1 2 0 0;2 2 0 0;2 3 0 0;3 2 0 0;3 3 0 0;,1298.47596,18,77.14588,80.90809,70.15892,7,-0.00259,-0.60842,1.0,0.73077,0.0,0,0,0.0,75726.1,700181.6,411861.0,0.0,0.0,0,8.810763072612811e-46,1.9282674858887927e-47,-1,0.0,1.9282674858887927e-47,sp|P01876|IGHA1_HUMAN;sp|P01877|IGHA2_HUMAN,IGHA1;IGHA2,144;131,29477700.0,283467000.0,,,-1.0,-1.0,-1,,0,0,0
MS_UNDEP_PL_LAC_bRPLC_NGP_05C.34377.34377.4.1.dta,MS_UNDEP_PL_LAC_bRPLC_NGP_05C.34377.34377.4.1.dta,MS_UNDEP_PL_LAC_bRPLC_NGP_05C,34377,6109.8684,4627.20534,1157.55679,4,1,LSLHRPALEDLLLGSEAJLTCTLTGLR,"21,Carbamidomethyl[C];",2963.59827,4 5 0 0,H(4)N(5),(N(N(H(H(N)(N))(H(N(H)))))),2181,0 1 0 0;0 2 0 0;2 3 0 0;2 4 0 0;3 3 0 0;3 4 0 0;4 4 0 0;,1663.60816,18,16.05331,15.72268,16.66735,4,-0.00109,-0.23536,0.64286,0.32692,0.0,0,0,0.0,127306.4,238106.9,229012.6,0.0,0.0,0,1.95663669274703e-11,4.776609472309333e-13,-1,0.0,4.776609472309333e-13,sp|P01876|IGHA1_HUMAN;sp|P01877|IGHA2_HUMAN,IGHA1;IGHA2,144;131,34568700.0,425113000.0,,,-1.0,-1.0,-1,,0,0,0
MS_UNDEP_PL_LAC_bRPLC_NGP_05C.34424.34424.4.1.dta,MS_UNDEP_PL_LAC_bRPLC_NGP_05C.34424.34424.4.1.dta,MS_UNDEP_PL_LAC_bRPLC_NGP_05C,34424,6117.558,4221.04819,1056.01751,4,1,LSLHRPALEDLLLGSEAJLTCTLTGLR,"21,Carbamidomethyl[C];",2963.59827,4 3 0 0,H(4)N(3),(N(N(H(H)(H(N(H)))))),2281,0 1 0 0;1 2 0 0;2 2 0 0;3 2 0 0;,1257.44941,18,80.516,115.89218,14.81736,5,0.00051,0.12129,0.55556,0.75,0.0,0,0,0.0,187737.2,220745.1,271758.5,0.0,0.0,0,3.432291790398379e-10,5.5774909703234375e-12,-1,0.0,5.5774909703234375e-12,sp|P01876|IGHA1_HUMAN;sp|P01877|IGHA2_HUMAN,IGHA1;IGHA2,144;131,12274000.0,126252000.0,,,-1.0,-1.0,-1,,0,0,0
MS_UNDEP_PL_LAC_bRPLC_NGP_05C.34425.34425.4.3.dta,MS_UNDEP_PL_LAC_bRPLC_NGP_05C.34425.34425.4.3.dta,MS_UNDEP_PL_LAC_bRPLC_NGP_05C,34425,6117.7116,4424.12463,1106.78661,4,1,LSLHRPALEDLLLGSEAJLTCTLTGLR,"21,Carbamidomethyl[C];",2963.59827,4 4 0 0,H(4)N(4),(N(N(H(H(N))(H(N(H)))))),2218,0 1 0 0;0 2 0 0;1 2 0 0;2 2 0 0;2 3 0 0;3 2 0 0;3 3 0 0;3 4 0 0;4 3 0 0;,1460.52878,18,52.72075,40.85622,74.75487,7,-0.00242,-0.54803,1.0,0.48077,0.0,0,0,0.0,250090.8,355274.6,405574.7,0.0,0.0,0,1.0056998073434388e-48,2.6610503833186075e-50,-1,0.0,2.6610503833186075e-50,sp|P01876|IGHA1_HUMAN;sp|P01877|IGHA2_HUMAN,IGHA1;IGHA2,144;131,69947100.0,812702000.0,,,-1.0,-1.0,-1,,0,0,0
MS_UNDEP_PL_LAC_bRPLC_NGP_05C.34479.34479.4.1.dta,MS_UNDEP_PL_LAC_bRPLC_NGP_05C.34479.34479.4.1.dta,MS_UNDEP_PL_LAC_bRPLC_NGP_05C,34479,6126.6078,4611.21282,1153.55866,4,1,LSLHRPALEDLLLGSEAJLTCTLTGLR,"21,Carbamidomethyl[C];",2963.59827,3 5 0 1,H(3)N(5)F(1),(N(F)(N(H(H(N))(H(N)(N))))),678,0 1 0 0;0 1 0 1;0 2 0 0;2 3 0 0;2 4 0 0;2 4 0 1;3 3 0 0;3 4 0 0;3 4 0 1;,1647.61324,18,18.93193,23.05268,11.27912,4,0.00131,0.28399,0.47619,0.42308,0.0,0,0,0.0,35526.6,385984.0,230272.5,0.0,0.0,0,1.086063458024447e-07,2.9785035622929154e-09,-1,0.0,2.9785035622929154e-09,sp|P01876|IGHA1_HUMAN;sp|P01877|IGHA2_HUMAN,IGHA1;IGHA2,144;131,11757800.0,139040000.0,,,-1.0,-1.0,-1,,0,0,0
MS_UNDEP_PL_LAC_bRPLC_NGP_05C.34481.34481.4.5.dta,MS_UNDEP_PL_LAC_bRPLC_NGP_05C.34481.34481.4.5.dta,MS_UNDEP_PL_LAC_bRPLC_NGP_05C,34481,6126.9168,4630.0598,1158.27041,4,1,SLGNVJFTVSAEALESQELCGTEVPSVPEHGR,"20,Carbamidomethyl[C];",3413.62779,5 2 0 0,H(5)N(2),(N(N(H(H)(H(H)(H))))),2257,0 1 0 0;2 2 0 0;3 2 0 0;4 2 0 0;,1216.42286,6,16.62056,21.19881,8.11808,4,0.00914,1.97494,0.625,0.37097,0.0,0,0,13247.3,67722.3,140100.7,143294.8,0.0,0.0,0,1.1212032130035508e-05,5.088204605400964e-07,-1,0.0,5.088204605400964e-07,sp|P01023|A2MG_HUMAN,A2M,869,13191000.0,147157000.0,,,-1.0,-1.0,-1,,0,0,0
MS_UNDEP_PL_LAC_bRPLC_NGP_05C.34495.34495.3.0.dta,MS_UNDEP_PL_LAC_bRPLC_NGP_05C.34495.34495.3.0.dta,MS_UNDEP_PL_LAC_bRPLC_NGP_05C,34495,6129.183,4180.02195,1394.01217,3,1,LSLHRPALEDLLLGSEAJLTCTLTGLR,"21,Carbamidomethyl[C];",2963.59827,5 2 0 0,H(5)N(2),(N(N(H(H(H))(H(H))))),1637,0 1 0 0;0 2 0 0;1 2 0 0;2 2 0 0;3 2 0 0;4 2 0 0;,1216.42286,18,69.79385,78.14503,54.28451,7,0.00082,0.19571,1.0,0.67308,0.0,0,0,113744.1,170192.2,871165.8,834364.8,0.0,0.0,0,1.619925502399318e-35,2.5079132732397998e-37,-1,0.0,2.5079132732397998e-37,sp|P01876|IGHA1_HUMAN;sp|P01877|IGHA2_HUMAN,IGHA1;IGHA2,144;131,99747100.0,959732000.0,,,-1.0,-1.0,-1,,0,0,0
MS_UNDEP_PL_LAC_bRPLC_NGP_05C.34543.34543.4.1.dta,MS_UNDEP_PL_LAC_bRPLC_NGP_05C.34543.34543.4.1.dta,MS_UNDEP_PL_LAC_bRPLC_NGP_05C,34543,6136.977,4465.15382,1117.04391,4,1,LSLHRPALEDLLLGSEAJLTCTLTGLR,"21,Carbamidomethyl[C];",2963.59827,3 5 0 0,H(3)N(5),(N(N(H(N)(H(N))(H(N))))),2919,0 1 0 0;0 2 0 0;1 2 0 0;1 3 0 0;2 2 0 0;2 3 0 0;2 4 0 0;3 3 0 0;3 4 0 0;,1501.55533,18,60.28121,58.96769,62.72061,6,0.00022,0.0489,0.91667,0.57692,0.0,0,0,0.0,122795.5,1509288.3,872624.6,0.0,0.0,0,5.389686814627376e-41,8.737227304559328e-43,-1,0.0,8.737227304559328e-43,sp|P01876|IGHA1_HUMAN;sp|P01877|IGHA2_HUMAN,IGHA1;IGHA2,144;131,74818600.0,807714000.0,,,-1.0,-1.0,-1,,0,0,0
MS_UNDEP_PL_LAC_bRPLC_NGP_05C.34559.34559.4.1.dta,MS_UNDEP_PL_LAC_bRPLC_NGP_05C.34559.34559.4.1.dta,MS_UNDEP_PL_LAC_bRPLC_NGP_05C,34559,6139.5366,4180.01994,1045.76044,4,1,LSLHRPALEDLLLGSEAJLTCTLTGLR,"21,Carbamidomethyl[C];",2963.59827,5 2 0 0,H(5)N(2),(N(N(H(H)(H(H)(H))))),2257,0 1 0 0;0 2 0 0;1 2 0 0;2 2 0 0;3 2 0 0;4 2 0 0;,1216.42286,18,147.94886,181.77575,85.12749,7,-0.00119,-0.28491,1.0,0.88462,0.0,0,0,351910.9,660497.0,2263525.2,1231387.7,0.0,0.0,0,2.3630242368477067e-55,6.943351099815479e-57,-1,0.0,6.943351099815479e-57,sp|P01876|IGHA1_HUMAN;sp|P01877|IGHA2_HUMAN,IGHA1;IGHA2,144;131,594465000.0,5722160000.0,,,-1.0,-1.0,-1,,0,0,0
MS_UNDEP_PL_LAC_bRPLC_NGP_05C.34560.34560.4.1.dta,MS_UNDEP_PL_LAC_bRPLC_NGP_05C.34560.34560.4.1.dta,MS_UNDEP_PL_LAC_bRPLC_NGP_05C,34560,6139.6908,4342.0729,1086.27368,4,1,LSLHRPALEDLLLGSEAJLTCTLTGLR,"21,Carbamidomethyl[C];",2963.59827,6 2 0 0,H(6)N(2),(N(N(H(H(H))(H(H(H)))))),1628,0 1 0 0;0 2 0 0;1 2 0 0;2 2 0 0;3 2 0 0;4 2 0 0;5 2 0 0;,1378.47569,18,73.96033,83.15711,56.88058,7,-0.00105,-0.2419,1.0,0.73077,0.0,0,0,44943.9,54341.5,170692.6,111495.2,0.0,0.0,0,3.2954575716614226e-37,4.6378086741148775e-39,-1,0.0,4.6378086741148775e-39,sp|P01876|IGHA1_HUMAN;sp|P01877|IGHA2_HUMAN,IGHA1;IGHA2,144;131,193482000.0,2003360000.0,,,-1.0,-1.0,-1,,0,0,0
MS_UNDEP_PL_LAC_bRPLC_NGP_05C.34576.34576.4.1.dta,MS_UNDEP_PL_LAC_bRPLC_NGP_05C.34576.34576.4.1.dta,MS_UNDEP_PL_LAC_bRPLC_NGP_05C,34576,6142.2594,4262.07338,1066.2738,4,1,LSLHRPALEDLLLGSEAJLTCTLTGLR,"21,Carbamidomethyl[C];",2963.59827,3 4 0 0,H(3)N(4),(N(N(H(H(N))(H(N))))),2226,0 1 0 0;1 2 0 0;2 2 0 0;2 3 0 0;3 2 0 0;3 3 0 0;,1298.47596,18,32.65932,36.25599,25.97978,5,-0.00085,-0.20016,0.77778,0.44231,0.0,0,0,0.0,47459.8,423179.9,241353.2,0.0,0.0,0,1.1060136201523622e-17,2.1084316325852122e-19,-1,0.0,2.1084316325852122e-19,sp|P01876|IGHA1_HUMAN;sp|P01877|IGHA2_HUMAN,IGHA1;IGHA2,144;131,29477700.0,283467000.0,,,-1.0,-1.0,-1,,0,0,0
MS_UNDEP_PL_LAC_bRPLC_NGP_05C.34586.34586.4.3.dta,MS_UNDEP_PL_LAC_bRPLC_NGP_05C.34586.34586.4.3.dta,MS_UNDEP_PL_LAC_bRPLC_NGP_05C,34586,6143.7912,3855.91504,964.73422,4,1,LSLHRPALEDLLLGSEAJLTCTLTGLR,"21,Carbamidomethyl[C];",2963.59827,3 2 0 0,H(3)N(2),(N(N(H(H)(H)))),2291,0 1 0 0;0 2 0 0;,892.31722,18,14.47783,20.56125,3.18006,3,-0.00044,-0.11412,0.5,0.32692,0.0,0,0,2818.2,13451.2,47642.7,35965.9,0.0,0.0,0,0.0617521102264479,0.0032690427940073,-1,0.0,0.0032690427940073,sp|P01876|IGHA1_HUMAN;sp|P01877|IGHA2_HUMAN,IGHA1;IGHA2,144;131,4125690.0,36800500.0,,,-1.0,-1.0,-1,,0,0,0
MS_UNDEP_PL_LAC_bRPLC_NGP_05C.34593.34593.4.1.dta,MS_UNDEP_PL_LAC_bRPLC_NGP_05C.34593.34593.4.1.dta,MS_UNDEP_PL_LAC_bRPLC_NGP_05C,34593,6145.0674,4058.99473,1015.50414,4,1,LSLHRPALEDLLLGSEAJLTCTLTGLR,"21,Carbamidomethyl[C];",2963.59827,3 3 0 0,H(3)N(3),(N(N(H(H)(H(N))))),2288,0 1 0 0;1 2 0 0;2 2 0 0;3 2 0 0;,1095.39659,18,66.59212,86.31426,29.96529,6,-0.00012,-0.03069,0.75,0.67308,0.0,0,0,0.0,89657.7,597804.8,365023.5,0.0,0.0,0,2.6903146861853382e-20,4.341701324602117e-22,-1,0.0,4.341701324602117e-22,sp|P01876|IGHA1_HUMAN;sp|P01877|IGHA2_HUMAN,IGHA1;IGHA2,144;131,17277000.0,163627000.0,,,-1.0,-1.0,-1,,0,0,0
MS_UNDEP_PL_LAC_bRPLC_NGP_05C.34625.34625.4.1.dta,MS_UNDEP_PL_LAC_bRPLC_NGP_05C.34625.34625.4.1.dta,MS_UNDEP_PL_LAC_bRPLC_NGP_05C,34625,6150.297,4221.05084,1056.01817,4,1,LSLHRPALEDLLLGSEAJLTCTLTGLR,"21,Carbamidomethyl[C];",2963.59827,4 3 0 0,H(4)N(3),(N(N(H(H)(H(N(H)))))),2281,0 1 0 0;1 2 0 0;2 2 0 0;3 2 0 0;,1257.44941,18,57.7359,80.65109,15.1791,5,0.00316,0.74957,0.55556,0.67308,0.0,0,0,0.0,95610.3,111492.1,133875.5,0.0,0.0,0,1.9453296985488155e-10,3.13120807346947e-12,-1,0.0,3.13120807346947e-12,sp|P01876|IGHA1_HUMAN;sp|P01877|IGHA2_HUMAN,IGHA1;IGHA2,144;131,12274000.0,126252000.0,,,-1.0,-1.0,-1,,0,0,0
MS_UNDEP_PL_LAC_bRPLC_NGP_05C.34656.34656.4.1.dta,MS_UNDEP_PL_LAC_bRPLC_NGP_05C.34656.34656.4.1.dta,MS_UNDEP_PL_LAC_bRPLC_NGP_05C,34656,6155.3454,4017.9685,1005.24758,4,1,LSLHRPALEDLLLGSEAJLTCTLTGLR,"21,Carbamidomethyl[C];",2963.59827,4 2 0 0,H(4)N(2),(N(N(H(H)(H(H))))),2258,0 1 0 0;0 2 0 0;,1054.37004,18,20.35031,29.1436,4.01993,3,0.00019,0.04692,0.42857,0.40385,0.0,0,0,12733.7,23895.4,85074.1,52221.4,0.0,0.0,0,0.0146154645979555,0.0003975251139643,-1,0.0,0.0003975251139643,sp|P01876|IGHA1_HUMAN;sp|P01877|IGHA2_HUMAN,IGHA1;IGHA2,144;131,3258040.0,29892100.0,,,-1.0,-1.0,-1,,0,0,0
MS_UNDEP_PL_LAC_bRPLC_NGP_05C.34671.34671.4.3.dta,MS_UNDEP_PL_LAC_bRPLC_NGP_05C.34671.34671.4.3.dta,MS_UNDEP_PL_LAC_bRPLC_NGP_05C,34671,6157.7472,4630.05317,1158.26875,4,1,SLGNVJFTVSAEALESQELCGTEVPSVPEHGR,"20,Carbamidomethyl[C];",3413.62779,5 2 0 0,H(5)N(2),(N(N(H(H)(H(H)(H))))),2257,0 1 0 0;1 2 0 0;3 2 0 0;4 2 0 0;,1216.42286,6,28.59094,38.39176,10.3894,4,0.00252,0.54343,0.625,0.58065,0.0,0,0,27103.0,41801.5,105537.9,93941.1,0.0,0.0,0,4.5864762905155437e-07,9.705720052134776e-09,-1,0.0,9.705720052134776e-09,sp|P01023|A2MG_HUMAN,A2M,869,15656500.0,175449000.0,,,-1.0,-1.0,-1,,0,0,0
MS_UNDEP_PL_LAC_bRPLC_NGP_05C.34751.34751.4.1.dta,MS_UNDEP_PL_LAC_bRPLC_NGP_05C.34751.34751.4.1.dta,MS_UNDEP_PL_LAC_bRPLC_NGP_05C,34751,6170.8704,4180.02064,1045.76062,4,1,LSLHRPALEDLLLGSEAJLTCTLTGLR,"21,Carbamidomethyl[C];",2963.59827,5 2 0 0,H(5)N(2),(N(N(H(H(H))(H(H))))),1637,0 1 0 0;0 2 0 0;1 2 0 0;2 2 0 0;3 2 0 0;4 2 0 0;,1216.42286,18,90.80569,109.17583,56.68971,7,-0.00049,-0.1184,1.0,0.78846,0.0,0,0,44108.1,85965.3,263476.0,166979.1,0.0,0.0,0,4.38651938168675e-37,1.2321617427365875e-38,-1,0.0,1.2321617427365875e-38,sp|P01876|IGHA1_HUMAN;sp|P01877|IGHA2_HUMAN,IGHA1;IGHA2,144;131,601601000.0,5790140000.0,,,-1.0,-1.0,-1,,0,0,0
MS_UNDEP_PL_LAC_bRPLC_NGP_05C.34755.34755.4.1.dta,MS_UNDEP_PL_LAC_bRPLC_NGP_05C.34755.34755.4.1.dta,MS_UNDEP_PL_LAC_bRPLC_NGP_05C,34755,6171.4842,4342.07646,1086.27457,4,1,LSLHRPALEDLLLGSEAJLTCTLTGLR,"21,Carbamidomethyl[C];",2963.59827,6 2 0 0,H(6)N(2),(N(N(H(H(H))(H(H(H)))))),1628,0 1 0 0;2 2 0 0;4 2 0 0;,1378.47569,18,24.2058,34.66164,4.78781,3,0.00251,0.57799,0.44444,0.46154,0.0,0,0,17133.1,61536.3,107694.8,81924.3,9288.0,28977.6,0,0.0016342640059186,7.074496560653014e-05,-1,0.0,7.074496560653014e-05,sp|P01876|IGHA1_HUMAN;sp|P01877|IGHA2_HUMAN,IGHA1;IGHA2,144;131,194467000.0,2016800000.0,,,-1.0,-1.0,-1,,0,0,0
MS_UNDEP_PL_LAC_bRPLC_NGP_05C.34787.34787.4.3.dta,MS_UNDEP_PL_LAC_bRPLC_NGP_05C.34787.34787.4.3.dta,MS_UNDEP_PL_LAC_bRPLC_NGP_05C,34787,6176.7114,3855.91573,964.73439,4,1,LSLHRPALEDLLLGSEAJLTCTLTGLR,"21,Carbamidomethyl[C];",2963.59827,3 2 0 0,H(3)N(2),(N(N(H(H)(H)))),2291,0 1 0 0;0 2 0 0;1 2 0 0;,892.31722,18,48.03273,67.78219,11.35515,4,0.00025,0.0643,0.66667,0.65385,0.0,0,0,8096.9,28520.9,110255.5,69655.0,0.0,0.0,0,9.581837927917853e-08,2.26135195290908e-09,-1,0.0,2.26135195290908e-09,sp|P01876|IGHA1_HUMAN;sp|P01877|IGHA2_HUMAN,IGHA1;IGHA2,144;131,4125690.0,36800500.0,,,-1.0,-1.0,-1,,0,0,0
MS_UNDEP_PL_LAC_bRPLC_NGP_05C.34937.34937.4.1.dta,MS_UNDEP_PL_LAC_bRPLC_NGP_05C.34937.34937.4.1.dta,MS_UNDEP_PL_LAC_bRPLC_NGP_05C,34937,6201.2532,4180.0192,1045.76026,4,1,LSLHRPALEDLLLGSEAJLTCTLTGLR,"21,Carbamidomethyl[C];",2963.59827,5 2 0 0,H(5)N(2),(N(N(H(H)(H(H(H)))))),2249,0 1 0 0;0 2 0 0;1 2 0 0;2 2 0 0;3 2 0 0;,1216.42286,18,48.84563,60.22101,27.71992,6,-0.00193,-0.46194,0.75,0.59615,0.0,0,0,22828.7,43948.2,140885.1,99174.8,0.0,0.0,0,7.640047923320583e-19,2.052306061323573e-20,-1,0.0,2.052306061323573e-20,sp|P01876|IGHA1_HUMAN;sp|P01877|IGHA2_HUMAN,IGHA1;IGHA2,144;131,577088000.0,5598880000.0,,,-1.0,-1.0,-1,,0,0,0
MS_UNDEP_PL_LAC_bRPLC_NGP_05C.34944.34944.4.1.dta,MS_UNDEP_PL_LAC_bRPLC_NGP_05C.34944.34944.4.1.dta,MS_UNDEP_PL_LAC_bRPLC_NGP_05C,34944,6202.353,4630.05656,1158.2696,4,1,SLGNVJFTVSAEALESQELCGTEVPSVPEHGR,"20,Carbamidomethyl[C];",3413.62779,5 2 0 0,H(5)N(2),(N(N(H(H)(H(H)(H))))),2257,0 1 0 0;2 2 0 0;4 2 0 0;,1216.42286,6,25.41884,36.70381,4.46106,3,0.00591,1.27689,0.5,0.5,0.0,0,0,25040.9,39161.9,83070.9,85092.8,0.0,0.0,0,0.003791726025375,0.0001342328020899,-1,0.0,0.0001342328020899,sp|P01023|A2MG_HUMAN,A2M,869,19402800.0,215860000.0,,,-1.0,-1.0,-1,,0,0,0
MS_UNDEP_PL_LAC_bRPLC_NGP_05C.35328.35328.4.1.dta,MS_UNDEP_PL_LAC_bRPLC_NGP_05C.35328.35328.4.1.dta,MS_UNDEP_PL_LAC_bRPLC_NGP_05C,35328,6264.7524,4180.01967,1045.76038,4,1,LSLHRPALEDLLLGSEAJLTCTLTGLR,"21,Carbamidomethyl[C];",2963.59827,5 2 0 0,H(5)N(2),(N(N(H(H(H))(H(H))))),1637,0 1 0 0;1 2 0 0;2 2 0 0;3 2 0 0;,1216.42286,18,21.10265,26.20652,11.62403,5,-0.00146,-0.34902,0.625,0.42308,0.0,0,0,11922.3,20145.0,62468.7,41848.5,0.0,0.0,0,6.145094415714718e-08,1.4358056844528431e-09,-1,0.0,1.4358056844528431e-09,sp|P01876|IGHA1_HUMAN;sp|P01877|IGHA2_HUMAN,IGHA1;IGHA2,144;131,36062900.0,356479000.0,,,-1.0,-1.0,-1,,0,0,0
MS_UNDEP_PL_LAC_bRPLC_NGP_05C.35517.35517.4.1.dta,MS_UNDEP_PL_LAC_bRPLC_NGP_05C.35517.35517.4.1.dta,MS_UNDEP_PL_LAC_bRPLC_NGP_05C,35517,6295.4052,4630.05352,1158.26884,4,1,SLGNVJFTVSAEALESQELCGTEVPSVPEHGR,"20,Carbamidomethyl[C];",3413.62779,5 2 0 0,H(5)N(2),(N(N(H(H(H))(H(H))))),1637,0 1 0 0;0 2 0 0;1 2 0 0;2 2 0 0;3 2 0 0;4 2 0 0;,1216.42286,6,40.64604,45.36711,31.87834,6,0.00287,0.62031,0.875,0.56452,0.0,0,0,26346.8,33311.0,81184.9,79057.1,0.0,0.0,0,1.694156540840388e-21,4.54013973999486e-23,-1,0.0,4.54013973999486e-23,sp|P01023|A2MG_HUMAN,A2M,869,16736800.0,183253000.0,,,-1.0,-1.0,-1,,0,0,0
MS_UNDEP_PL_LAC_bRPLC_NGP_05C.35518.35518.4.1.dta,MS_UNDEP_PL_LAC_bRPLC_NGP_05C.35518.35518.4.1.dta,MS_UNDEP_PL_LAC_bRPLC_NGP_05C,35518,6295.5594,4180.0213,1045.76078,4,1,LSLHRPALEDLLLGSEAJLTCTLTGLR,"21,Carbamidomethyl[C];",2963.59827,5 2 0 0,H(5)N(2),(N(N(H(H)(H(H)(H))))),2257,0 1 0 0;1 2 0 0;2 2 0 0;4 2 0 0;,1216.42286,18,20.78799,27.31993,8.65725,4,0.00017,0.04141,0.625,0.40385,0.0,0,0,14204.7,25566.7,76285.9,51542.6,0.0,0.0,0,5.607884325786464e-06,1.787090821695455e-07,-1,0.0,1.787090821695455e-07,sp|P01876|IGHA1_HUMAN;sp|P01877|IGHA2_HUMAN,IGHA1;IGHA2,144;131,23394900.0,236248000.0,,,-1.0,-1.0,-1,,0,0,0
MS_UNDEP_PL_LAC_bRPLC_NGP_05C.35707.35707.4.1.dta,MS_UNDEP_PL_LAC_bRPLC_NGP_05C.35707.35707.4.1.dta,MS_UNDEP_PL_LAC_bRPLC_NGP_05C,35707,6326.4702,4630.05472,1158.26914,4,1,SLGNVJFTVSAEALESQELCGTEVPSVPEHGR,"20,Carbamidomethyl[C];",3413.62779,5 2 0 0,H(5)N(2),(N(N(H(H(H))(H(H))))),1637,0 1 0 0;2 2 0 0;3 2 0 0;4 2 0 0;,1216.42286,6,30.55133,42.12868,9.05053,4,0.00407,0.87863,0.625,0.56452,0.0,0,0,27416.5,31063.6,86802.4,77292.7,0.0,0.0,0,3.3152346612437887e-06,1.1539253569250457e-07,-1,0.0,1.1539253569250457e-07,sp|P01023|A2MG_HUMAN,A2M,869,10146400.0,114059000.0,,,-1.0,-1.0,-1,,0,0,0
MS_UNDEP_PL_LAC_bRPLC_NGP_05C.35769.35769.3.0.dta,MS_UNDEP_PL_LAC_bRPLC_NGP_05C.35769.35769.3.0.dta,MS_UNDEP_PL_LAC_bRPLC_NGP_05C,35769,6336.6294,3903.7901,1301.93488,3,1,KLPPGLLAJFTLLR,,1552.95736,5 4 2 1,H(5)N(4)A(2)F(1),(N(F)(N(H(H(N(H(A))))(H(N(H(A))))))),226,0 1 0 0;0 1 0 1;0 2 0 0;0 2 0 1;1 2 0 0;2 2 0 0;2 2 0 1;2 3 0 1;3 2 0 0;3 2 0 1;3 3 0 0;3 3 0 1;3 3 1 1;4 3 0 0;4 3 0 1;4 3 1 1;4 4 0 1;5 4 0 1;5 4 1 1;,2350.83035,9,32.1443,13.16315,67.39501,8,0.00239,0.61227,0.60606,0.42308,0.0,0,0,0.0,376852.5,388729.5,543270.9,90216.1,239743.5,0,5.24155604095814e-44,1.4961249069450055e-45,-1,0.0,1.4961249069450055e-45,sp|P02750|A2GL_HUMAN,LRG1,186,11222900.0,91067700.0,,,-1.0,-1.0,-1,,0,0,0
MS_UNDEP_PL_LAC_bRPLC_NGP_05C.35896.35896.4.1.dta,MS_UNDEP_PL_LAC_bRPLC_NGP_05C.35896.35896.4.1.dta,MS_UNDEP_PL_LAC_bRPLC_NGP_05C,35896,6357.2736,4630.05287,1158.26867,4,1,SLGNVJFTVSAEALESQELCGTEVPSVPEHGR,"20,Carbamidomethyl[C];",3413.62779,5 2 0 0,H(5)N(2),(N(N(H(H(H))(H(H))))),1637,0 1 0 0;1 2 0 0;2 2 0 0;3 2 0 0;4 2 0 0;,1216.42286,6,17.6255,17.02702,18.73698,5,0.00222,0.47863,0.75,0.33871,0.0,0,0,24851.9,33834.9,80505.4,74273.5,0.0,4048.9,0,8.55513307449512e-13,1.3646279149641218e-14,-1,0.0,1.3646279149641218e-14,sp|P01023|A2MG_HUMAN,A2M,869,15908900.0,186075000.0,,,-1.0,-1.0,-1,,0,0,0
MS_UNDEP_PL_LAC_bRPLC_NGP_05C.36008.36008.3.0.dta,MS_UNDEP_PL_LAC_bRPLC_NGP_05C.36008.36008.3.0.dta,MS_UNDEP_PL_LAC_bRPLC_NGP_05C,36008,6375.5076,3757.73042,1253.24833,3,1,KLPPGLLAJFTLLR,,1552.95736,5 4 2 0,H(5)N(4)A(2),(N(N(H(H(N(H(A))))(H(N(H(A))))))),1791,0 1 0 0;0 2 0 0;1 2 0 0;2 2 0 0;2 3 0 0;3 2 0 0;3 3 0 0;3 3 1 0;4 3 0 0;4 3 1 0;4 4 0 0;4 4 1 0;5 4 0 0;5 4 1 0;,2204.77244,9,67.31206,39.1463,119.61989,7,0.00062,0.16552,0.94118,0.69231,0.0,0,0,0.0,2422095.1,2540813.8,3739872.5,599164.3,1523239.4,0,1.16112410083051e-77,2.7389364041545597e-79,-1,0.0,2.7389364041545597e-79,sp|P02750|A2GL_HUMAN,LRG1,186,93114700.0,699714000.0,,,-1.0,-1.0,-1,,0,0,0
MS_UNDEP_PL_LAC_bRPLC_NGP_05C.36025.36025.4.1.dta,MS_UNDEP_PL_LAC_bRPLC_NGP_05C.36025.36025.4.1.dta,MS_UNDEP_PL_LAC_bRPLC_NGP_05C,36025,6378.2208,3757.73098,940.1882,4,1,KLPPGLLAJFTLLR,,1552.95736,5 4 2 0,H(5)N(4)A(2),(N(N(H(H(N(H(A))))(H(N(H(A))))))),1791,0 1 0 0;0 2 0 0;1 2 0 0;2 2 0 0;2 3 0 0;3 2 0 0;3 3 0 0;3 3 1 0;4 3 0 0;4 3 1 0;4 4 0 0;4 4 1 0;5 4 0 0;5 4 1 0;,2204.77244,9,64.32396,31.86673,124.60166,7,0.00118,0.31374,0.94118,0.61538,0.0,0,0,0.0,927191.6,855981.3,1083779.5,328781.3,963726.3,0,6.695531730601596e-81,1.806016115366365e-82,-1,0.0,1.806016115366365e-82,sp|P02750|A2GL_HUMAN,LRG1,186,35593000.0,270721000.0,,,-1.0,-1.0,-1,,0,0,0
MS_UNDEP_PL_LAC_bRPLC_NGP_05C.36088.36088.4.1.dta,MS_UNDEP_PL_LAC_bRPLC_NGP_05C.36088.36088.4.1.dta,MS_UNDEP_PL_LAC_bRPLC_NGP_05C,36088,6388.4154,4630.05242,1158.26856,4,1,SLGNVJFTVSAEALESQELCGTEVPSVPEHGR,"20,Carbamidomethyl[C];",3413.62779,5 2 0 0,H(5)N(2),(N(N(H(H)(H(H(H)))))),2249,0 1 0 0;0 2 0 0;1 2 0 0;2 2 0 0;3 2 0 0;,1216.42286,6,36.43145,44.5998,21.26165,6,0.00176,0.38101,0.75,0.58065,0.0,0,0,28194.3,42573.8,87617.1,76027.8,0.0,6320.3,0,1.820207283439957e-14,2.343826016086802e-16,-1,0.0,2.343826016086802e-16,sp|P01023|A2MG_HUMAN,A2M,869,13097100.0,157245000.0,,,-1.0,-1.0,-1,,0,0,0
MS_UNDEP_PL_LAC_bRPLC_NGP_05C.36200.36200.3.0.dta,MS_UNDEP_PL_LAC_bRPLC_NGP_05C.36200.36200.3.0.dta,MS_UNDEP_PL_LAC_bRPLC_NGP_05C,36200,6406.5348,3757.73024,1253.24826,3,1,KLPPGLLAJFTLLR,,1552.95736,5 4 2 0,H(5)N(4)A(2),(N(N(H(H(N(H(A))))(H(N(H(A))))))),1791,0 1 0 0;0 2 0 0;1 2 0 0;2 2 0 0;3 2 0 0;3 3 0 0;3 3 1 0;4 3 0 0;4 3 1 0;4 4 0 0;5 4 0 0;5 4 1 0;,2204.77244,9,33.90977,7.72972,82.52988,7,0.00044,0.11682,0.82353,0.23077,0.0,0,0,0.0,459025.0,449808.6,626332.7,115701.4,272594.0,0,1.0827124412345159e-53,1.8705497461634e-55,-1,0.006787330316742,0.006787330316742,sp|P02750|A2GL_HUMAN,LRG1,186,93114700.0,699714000.0,,,-1.0,-1.0,-1,,0,0,0
MS_UNDEP_PL_LAC_bRPLC_NGP_05C.36340.36340.3.0.dta,MS_UNDEP_PL_LAC_bRPLC_NGP_05C.36340.36340.3.0.dta,MS_UNDEP_PL_LAC_bRPLC_NGP_05C,36340,6429.1068,5123.15807,1708.39087,3,1,JISDGFDGIPDNVDAALALPAHSYSGR,,2772.32235,5 4 2 1,H(5)N(4)A(2)F(1),(N(F)(N(H(H(N(H(A))))(H(N(H(A))))))),226,0 1 0 0;0 1 0 1;2 2 0 0;3 3 0 1;4 3 0 0;4 3 0 1;5 4 0 0;5 4 1 1;,2350.83035,1,12.08242,15.19724,6.29775,4,0.00537,1.04763,0.27273,0.38462,0.0,0,0,0.0,327127.0,385453.8,557222.3,60144.8,144254.3,0,0.0001213118029352,6.1727012880657296e-06,-1,0.0,6.1727012880657296e-06,sp|P04004|VTNC_HUMAN,VTN,242,1535300.0,22141200.0,,,-1.0,-1.0,-1,,0,0,0
MS_UNDEP_PL_LAC_bRPLC_NGP_05C.36399.36399.4.1.dta,MS_UNDEP_PL_LAC_bRPLC_NGP_05C.36399.36399.4.1.dta,MS_UNDEP_PL_LAC_bRPLC_NGP_05C,36399,6438.7032,5123.15292,1281.54369,4,1,JISDGFDGIPDNVDAALALPAHSYSGR,,2772.32235,5 4 2 1,H(5)N(4)A(2)F(1),(N(F)(N(H(H(N(H(A))))(H(N(H(A))))))),226,0 1 0 0;0 1 0 1;0 2 0 0;0 2 0 1;1 2 0 0;2 2 0 0;2 2 0 1;3 2 0 0;3 2 0 1;3 3 0 0;3 3 0 1;3 3 1 1;4 3 0 0;4 3 0 1;4 3 1 0;4 3 1 1;5 4 0 1;5 4 1 1;,2350.83035,1,81.99426,69.83985,104.56672,9,0.00022,0.04317,0.60606,0.76923,0.0,0,0,0.0,1731339.6,1773967.7,1776643.3,365317.2,771641.3,0,6.999314803826907e-68,1.7644956434417302e-69,-1,0.0,1.7644956434417302e-69,sp|P04004|VTNC_HUMAN,VTN,242,14235300.0,214237000.0,,,-1.0,-1.0,-1,,0,0,0
MS_UNDEP_PL_LAC_bRPLC_NGP_05C.36446.36446.4.1.dta,MS_UNDEP_PL_LAC_bRPLC_NGP_05C.36446.36446.4.1.dta,MS_UNDEP_PL_LAC_bRPLC_NGP_05C,36446,6446.352,4977.097,1245.02971,4,1,JISDGFDGIPDNVDAALALPAHSYSGR,,2772.32235,5 4 2 0,H(5)N(4)A(2),(N(N(H(H(N(H(A))))(H(N(H(A))))))),1791,0 1 0 0;0 2 0 0;1 2 0 0;2 2 0 0;3 2 0 0;3 3 0 0;4 3 0 0;4 3 1 0;,2204.77244,1,66.63912,71.96176,56.7542,7,0.00221,0.44403,0.58824,0.76923,0.0,0,0,0.0,1064430.4,996696.2,1078165.2,221285.1,455823.8,0,3.982460982835792e-37,8.306910750215027e-39,-1,0.0,8.306910750215027e-39,sp|P04004|VTNC_HUMAN,VTN,242,44307500.0,615138000.0,,,-1.0,-1.0,-1,,0,0,0
MS_UNDEP_PL_LAC_bRPLC_NGP_05C.36467.36467.5.0.dta,MS_UNDEP_PL_LAC_bRPLC_NGP_05C.36467.36467.5.0.dta,MS_UNDEP_PL_LAC_bRPLC_NGP_05C,36467,6449.67,4977.09629,996.22508,5,1,JISDGFDGIPDNVDAALALPAHSYSGR,,2772.32235,5 4 2 0,H(5)N(4)A(2),(N(N(H(H(N(H(A))))(H(N(H(A))))))),1791,0 1 0 0;0 2 0 0;1 2 0 0;2 2 0 0;3 2 0 0;3 3 0 0;3 3 1 0;4 3 0 0;,2204.77244,1,39.35429,43.32723,31.97597,6,0.00149,0.29977,0.52941,0.59615,0.0,0,0,0.0,262589.6,261592.8,237144.9,61547.7,163057.5,0,1.4739608566027576e-21,3.525291259089218e-23,-1,0.0,3.525291259089218e-23,sp|P04004|VTNC_HUMAN,VTN,242,6589770.0,94720200.0,,,-1.0,-1.0,-1,,0,0,0
MS_UNDEP_PL_LAC_bRPLC_NGP_05C.36479.36479.4.3.dta,MS_UNDEP_PL_LAC_bRPLC_NGP_05C.36479.36479.4.3.dta,MS_UNDEP_PL_LAC_bRPLC_NGP_05C,36479,6451.6266,4631.05368,1158.51888,4,1,SLGNVJFTVSAEALESQELCGTEVPSVPEHGR,"20,Carbamidomethyl[C];17,Deamidated[Q];",3414.61181,5 2 0 0,H(5)N(2),(N(N(H(H)(H(H(H)))))),2249,0 1 0 0;0 2 0 0;1 2 0 0;2 2 0 0;3 2 0 0;4 2 0 0;,1216.42286,6,23.91777,20.44618,30.365,6,0.01901,4.10535,0.875,0.35484,0.0,0,0,28368.2,33712.1,80035.2,4163.8,0.0,4045.8,0,1.5005117277094418e-20,2.215328049050697e-22,-1,0.0,2.215328049050697e-22,sp|P01023|A2MG_HUMAN,A2M,869,34974600.0,171472000.0,,,-1.0,-1.0,-1,,0,0,0
MS_UNDEP_PL_LAC_bRPLC_NGP_05C.36639.36639.4.1.dta,MS_UNDEP_PL_LAC_bRPLC_NGP_05C.36639.36639.4.1.dta,MS_UNDEP_PL_LAC_bRPLC_NGP_05C,36639,6477.6666,4977.09656,1245.0296,4,1,JISDGFDGIPDNVDAALALPAHSYSGR,,2772.32235,5 4 2 0,H(5)N(4)A(2),(N(N(H(H(N(H(A))))(H(N(H(A))))))),1791,0 1 0 0;0 2 0 0;1 2 0 0;2 2 0 0;3 2 0 0;3 3 1 0;4 3 0 0;4 3 1 0;,2204.77244,1,32.74925,36.78564,25.2531,6,0.00177,0.35562,0.52941,0.63462,0.0,0,0,0.0,343373.3,335209.3,377557.4,68997.2,153847.5,0,3.43773680947494e-17,7.942304768063076e-19,-1,0.0,7.942304768063076e-19,sp|P04004|VTNC_HUMAN,VTN,242,44307500.0,615138000.0,,,-1.0,-1.0,-1,,0,0,0
MS_UNDEP_PL_LAC_bRPLC_NGP_05C.36864.36864.4.1.dta,MS_UNDEP_PL_LAC_bRPLC_NGP_05C.36864.36864.4.1.dta,MS_UNDEP_PL_LAC_bRPLC_NGP_05C,36864,6514.314,4630.05322,1158.26876,4,1,SLGNVJFTVSAEALESQELCGTEVPSVPEHGR,"20,Carbamidomethyl[C];",3413.62779,5 2 0 0,H(5)N(2),(N(N(H(H)(H(H)(H))))),2257,0 1 0 0;2 2 0 0;3 2 0 0;,1216.42286,6,19.75035,28.76576,3.00743,3,0.00256,0.55379,0.375,0.45161,0.0,0,0,25886.1,31783.7,74714.6,69175.5,0.0,3910.3,0,0.0610137426560691,0.0046536146463372,-1,0.0,0.0046536146463372,sp|P01023|A2MG_HUMAN,A2M,869,19619300.0,248669000.0,,,-1.0,-1.0,-1,,0,0,0
MS_UNDEP_PL_LAC_bRPLC_NGP_05C.36928.36928.4.1.dta,MS_UNDEP_PL_LAC_bRPLC_NGP_05C.36928.36928.4.1.dta,MS_UNDEP_PL_LAC_bRPLC_NGP_05C,36928,6524.6916,4877.27445,1220.07407,4,1,LSLHRPALEDLLLGSEAJLTCTLTGLR,"21,Carbamidomethyl[C];",2963.59827,5 4 1 0,H(5)N(4)A(1),(N(N(H(H(N(H)))(H(N(H(A))))))),2036,0 1 0 0;0 2 0 0;1 2 0 0;2 2 0 0;2 3 0 0;3 2 0 0;3 3 0 0;3 3 1 0;4 3 0 0;4 3 1 0;4 4 0 0;5 4 0 0;,1913.67702,18,84.15447,64.21321,121.18824,7,-0.00084,-0.17315,0.875,0.55769,0.0,0,0,0.0,4036885.2,3690712.3,5633236.3,622368.0,1692197.2,0,1.1097460718185764e-78,4.146282025415274e-80,-1,0.0,4.146282025415274e-80,sp|P01876|IGHA1_HUMAN;sp|P01877|IGHA2_HUMAN,IGHA1;IGHA2,144;131,75995300.0,1023630000.0,,,-1.0,-1.0,-1,,0,0,0
MS_UNDEP_PL_LAC_bRPLC_NGP_05C.36929.36929.5.0.dta,MS_UNDEP_PL_LAC_bRPLC_NGP_05C.36929.36929.5.0.dta,MS_UNDEP_PL_LAC_bRPLC_NGP_05C,36929,6524.8446,4894.29218,979.66426,5,1,LSLHRPALEDLLLGSEAJLTCTLTGLR,"21,Carbamidomethyl[C];",2963.59827,6 4 0 1,H(6)N(4)F(1),(N(N(H(H(H))(H(N(H))(N(H)(F)))))),1659,0 1 0 0;1 2 0 0;2 2 0 0;,1930.69234,18,8.89182,12.14588,2.84858,4,0.00157,0.32135,0.16,0.28846,0.0,0,0,0.0,154072.6,127607.8,149501.1,20931.1,61582.4,0,0.0586311464317481,0.0059844547944847,-1,0.0,0.0059844547944847,sp|P01876|IGHA1_HUMAN;sp|P01877|IGHA2_HUMAN,IGHA1;IGHA2,144;131,1110700.0,12040100.0,,,-1.0,-1.0,-1,,0,0,0
MS_UNDEP_PL_LAC_bRPLC_NGP_05C.36940.36940.5.0.dta,MS_UNDEP_PL_LAC_bRPLC_NGP_05C.36940.36940.5.0.dta,MS_UNDEP_PL_LAC_bRPLC_NGP_05C,36940,6526.551,4836.24526,968.05487,5,1,LSLHRPALEDLLLGSEAJLTCTLTGLR,"21,Carbamidomethyl[C];",2963.59827,6 3 1 0,H(6)N(3)A(1),(N(N(H(H)(H(H)(H(N(H(A)))))))),2255,0 1 0 0;3 2 0 0;4 2 0 0;,1872.65047,18,14.19478,20.24094,2.96619,3,-0.00349,-0.7211,0.26667,0.38462,0.0,0,0,0.0,30968.3,55904.0,37994.5,10639.7,31457.2,0,0.0604129817689822,0.0049407049981258,-1,0.0,0.0049407049981258,sp|P01876|IGHA1_HUMAN;sp|P01877|IGHA2_HUMAN,IGHA1;IGHA2,144;131,2630080.0,32514200.0,,,-1.0,-1.0,-1,,0,0,0
MS_UNDEP_PL_LAC_bRPLC_NGP_05C.36993.36993.5.0.dta,MS_UNDEP_PL_LAC_bRPLC_NGP_05C.36993.36993.5.0.dta,MS_UNDEP_PL_LAC_bRPLC_NGP_05C,36993,6535.305,4836.24554,968.05493,5,1,LSLHRPALEDLLLGSEAJLTCTLTGLR,"21,Carbamidomethyl[C];",2963.59827,6 3 1 0,H(6)N(3)A(1),(N(N(H(H)(H(H)(H(N(H(A)))))))),2255,0 1 0 0;0 2 0 0;3 2 0 0;4 2 0 0;,1872.65047,18,25.80505,36.14892,6.59499,4,-0.00321,-0.6632,0.33333,0.5,0.0,0,0,11064.0,108254.0,153447.4,127426.4,30944.4,86386.9,0,8.008304831027454e-05,3.997401491281047e-06,-1,0.0,3.997401491281047e-06,sp|P01876|IGHA1_HUMAN;sp|P01877|IGHA2_HUMAN,IGHA1;IGHA2,144;131,2630080.0,32514200.0,,,-1.0,-1.0,-1,,0,0,0
MS_UNDEP_PL_LAC_bRPLC_NGP_05C.37007.37007.4.1.dta,MS_UNDEP_PL_LAC_bRPLC_NGP_05C.37007.37007.4.1.dta,MS_UNDEP_PL_LAC_bRPLC_NGP_05C,37007,6537.6528,4836.24992,1209.81794,4,1,LSLHRPALEDLLLGSEAJLTCTLTGLR,"21,Carbamidomethyl[C];",2963.59827,6 3 1 0,H(6)N(3)A(1),(N(N(H(H)(H(H)(H(N(H(A)))))))),2255,0 1 0 0;0 2 0 0;1 2 0 0;2 2 0 0;3 2 0 0;3 3 0 0;4 2 0 0;4 3 0 0;4 3 1 0;5 2 0 0;5 3 0 0;5 3 1 0;6 3 0 0;,1872.65047,18,95.41455,75.64145,132.13602,7,0.00118,0.24329,1.0,0.61538,0.0,0,0,0.0,832761.2,1150522.1,1190994.3,239507.8,620013.2,0,8.415823592610224e-86,3.1951162516126683e-87,-1,0.0,3.1951162516126683e-87,sp|P01876|IGHA1_HUMAN;sp|P01877|IGHA2_HUMAN,IGHA1;IGHA2,144;131,24133300.0,310010000.0,,,-1.0,-1.0,-1,,0,0,0
MS_UNDEP_PL_LAC_bRPLC_NGP_05C.37008.37008.4.1.dta,MS_UNDEP_PL_LAC_bRPLC_NGP_05C.37008.37008.4.1.dta,MS_UNDEP_PL_LAC_bRPLC_NGP_05C,37008,6537.8076,4894.27967,1224.32537,4,1,LSLHRPALEDLLLGSEAJLTCTLTGLR,"21,Carbamidomethyl[C];",2963.59827,6 4 0 1,H(6)N(4)F(1),(N(N(H(H(H))(H(N(H))(N(H)(F)))))),1659,0 1 0 0;2 2 0 0;3 2 0 0;3 3 0 0;4 3 0 0;5 4 0 0;,1930.69234,18,9.58936,11.08175,6.81777,4,-0.01094,-2.23449,0.28,0.26923,0.0,0,0,0.0,126556.7,108123.3,150155.8,18656.5,49120.9,0,5.927156471365141e-05,2.818248689125038e-06,-1,0.0,2.818248689125038e-06,sp|P01876|IGHA1_HUMAN;sp|P01877|IGHA2_HUMAN,IGHA1;IGHA2,144;131,5382380.0,42421300.0,,,-1.0,-1.0,-1,,0,0,0
MS_UNDEP_PL_LAC_bRPLC_NGP_05C.37023.37023.4.1.dta,MS_UNDEP_PL_LAC_bRPLC_NGP_05C.37023.37023.4.1.dta,MS_UNDEP_PL_LAC_bRPLC_NGP_05C,37023,6540.2238,5080.35363,1270.84386,4,1,LSLHRPALEDLLLGSEAJLTCTLTGLR,"21,Carbamidomethyl[C];",2963.59827,5 5 1 0,H(5)N(5)A(1),(N(N(H(N)(H(N(H)))(H(N(H(A))))))),2735,0 1 0 0;0 2 0 0;1 3 0 0;2 3 0 0;3 3 0 0;3 4 0 0;4 3 0 0;4 4 0 0;4 4 1 0;5 4 0 0;5 5 0 0;,2116.7564,18,12.34776,11.24891,14.38847,3,-0.00104,-0.20413,0.5,0.25,0.0,0,0,0.0,242244.1,219128.5,332046.8,30840.1,87528.7,0,6.765982515150542e-10,1.140868907137264e-11,-1,0.0,1.140868907137264e-11,sp|P01876|IGHA1_HUMAN;sp|P01877|IGHA2_HUMAN,IGHA1;IGHA2,144;131,11287900.0,158901000.0,,,-1.0,-1.0,-1,,0,0,0
MS_UNDEP_PL_LAC_bRPLC_NGP_05C.37056.37056.4.1.dta,MS_UNDEP_PL_LAC_bRPLC_NGP_05C.37056.37056.4.1.dta,MS_UNDEP_PL_LAC_bRPLC_NGP_05C,37056,6545.6094,4630.05353,1158.26884,4,1,SLGNVJFTVSAEALESQELCGTEVPSVPEHGR,"20,Carbamidomethyl[C];",3413.62779,5 2 0 0,H(5)N(2),(N(N(H(H(H))(H(H))))),1637,0 1 0 0;0 2 0 0;1 2 0 0;2 2 0 0;3 2 0 0;4 2 0 0;,1216.42286,6,30.51247,31.71131,28.28604,6,0.00288,0.62204,0.875,0.46774,0.0,0,0,28373.8,29500.7,3742.2,71064.4,0.0,3775.4,0,3.2502461088049424e-19,6.014664480820853e-21,-1,0.0,6.014664480820853e-21,sp|P01023|A2MG_HUMAN,A2M,869,12594700.0,163729000.0,,,-1.0,-1.0,-1,,0,0,0
MS_UNDEP_PL_LAC_bRPLC_NGP_05C.37057.37057.5.3.dta,MS_UNDEP_PL_LAC_bRPLC_NGP_05C.37057.37057.5.3.dta,MS_UNDEP_PL_LAC_bRPLC_NGP_05C,37057,6545.7624,4715.22352,943.85052,5,1,LSLHRPALEDLLLGSEAJLTCTLTGLR,"21,Carbamidomethyl[C];",2963.59827,4 4 1 0,H(4)N(4)A(1),(N(N(H(H(N))(H(N(H(A))))))),2205,0 1 0 0;0 2 0 0;2 2 0 0;3 2 0 0;3 3 0 0;4 3 0 0;,1751.6242,18,21.48466,24.04516,16.72944,5,0.00105,0.22309,0.5,0.38462,0.0,0,0,0.0,78683.4,173665.1,131255.7,18710.3,65441.6,0,1.7799098116439522e-11,3.9942117722050234e-13,-1,0.0,3.9942117722050234e-13,sp|P01876|IGHA1_HUMAN;sp|P01877|IGHA2_HUMAN,IGHA1;IGHA2,144;131,12415500.0,165761000.0,,,-1.0,-1.0,-1,,0,0,0
MS_UNDEP_PL_LAC_bRPLC_NGP_05C.37058.37058.5.0.dta,MS_UNDEP_PL_LAC_bRPLC_NGP_05C.37058.37058.5.0.dta,MS_UNDEP_PL_LAC_bRPLC_NGP_05C,37058,6545.9154,4877.2797,976.26176,5,1,LSLHRPALEDLLLGSEAJLTCTLTGLR,"21,Carbamidomethyl[C];",2963.59827,5 4 1 0,H(5)N(4)A(1),(N(N(H(H(N(H)))(H(N(H(A))))))),2036,0 1 0 0;0 2 0 0;1 2 0 0;2 2 0 0;3 2 0 0;3 3 0 0;4 3 0 0;,1913.67702,18,24.19848,20.79932,30.51122,7,0.0044,0.90286,0.5625,0.38462,0.0,0,0,0.0,157882.9,128719.5,156979.5,25313.6,69461.5,0,1.2129646180713675e-20,1.7632306645800748e-22,-1,0.0,1.7632306645800748e-22,sp|P01876|IGHA1_HUMAN;sp|P01877|IGHA2_HUMAN,IGHA1;IGHA2,144;131,8477530.0,124277000.0,,,-1.0,-1.0,-1,,0,0,0
MS_UNDEP_PL_LAC_bRPLC_NGP_05C.37119.37119.4.1.dta,MS_UNDEP_PL_LAC_bRPLC_NGP_05C.37119.37119.4.1.dta,MS_UNDEP_PL_LAC_bRPLC_NGP_05C,37119,6556.0122,4877.27597,1220.07445,4,1,LSLHRPALEDLLLGSEAJLTCTLTGLR,"21,Carbamidomethyl[C];",2963.59827,5 4 1 0,H(5)N(4)A(1),(N(N(H(H(N(H)))(H(N(H(A))))))),2036,0 1 0 0;0 2 0 0;1 2 0 0;2 2 0 0;3 2 0 0;3 3 0 0;3 3 1 0;4 3 0 0;4 3 1 0;5 4 0 0;,1913.67702,18,43.32741,30.00883,68.0619,7,0.00068,0.13932,0.75,0.42308,0.0,0,0,0.0,398308.3,323156.9,530714.6,50043.3,152433.7,0,1.9539335507356202e-44,5.598543378276897e-46,-1,0.0,5.598543378276897e-46,sp|P01876|IGHA1_HUMAN;sp|P01877|IGHA2_HUMAN,IGHA1;IGHA2,144;131,75995300.0,1023630000.0,,,-1.0,-1.0,-1,,0,0,0
MS_UNDEP_PL_LAC_bRPLC_NGP_05C.37153.37153.4.1.dta,MS_UNDEP_PL_LAC_bRPLC_NGP_05C.37153.37153.4.1.dta,MS_UNDEP_PL_LAC_bRPLC_NGP_05C,37153,6561.5448,4715.22462,1179.56161,4,1,LSLHRPALEDLLLGSEAJLTCTLTGLR,"21,Carbamidomethyl[C];",2963.59827,4 4 1 0,H(4)N(4)A(1),(N(N(H(H(N))(H(N(H(A))))))),2205,0 1 0 0;0 2 0 0;1 2 0 0;2 2 0 0;2 3 0 0;3 2 0 0;3 3 0 0;3 3 1 0;3 4 0 0;4 3 0 0;4 3 1 0;4 4 0 0;,1751.6242,18,98.31695,77.15052,137.62605,7,0.00215,0.45617,1.0,0.61538,0.0,0,0,0.0,3294819.8,6878631.3,6499795.1,878809.0,2440291.6,0,2.248759719059098e-89,8.85592849090645e-91,-1,0.0,8.85592849090645e-91,sp|P01876|IGHA1_HUMAN;sp|P01877|IGHA2_HUMAN,IGHA1;IGHA2,144;131,148631000.0,1849360000.0,,,-1.0,-1.0,-1,,0,0,0
MS_UNDEP_PL_LAC_bRPLC_NGP_05C.37168.37168.4.1.dta,MS_UNDEP_PL_LAC_bRPLC_NGP_05C.37168.37168.4.1.dta,MS_UNDEP_PL_LAC_bRPLC_NGP_05C,37168,6563.967,4918.30344,1230.33132,4,1,LSLHRPALEDLLLGSEAJLTCTLTGLR,"21,Carbamidomethyl[C];",2963.59827,4 5 1 0,H(4)N(5)A(1),(N(N(H(N)(H(N))(H(N(H(A))))))),2900,0 1 0 0;0 2 0 0;1 2 0 0;1 3 0 0;2 2 0 0;2 3 0 0;2 4 0 0;3 2 0 0;3 3 0 0;3 4 0 0;3 4 1 0;3 5 0 0;4 3 0 0;4 4 0 0;4 4 1 0;4 5 0 0;,1954.70357,18,64.56922,50.59082,90.52912,6,0.00159,0.32418,0.85,0.55769,0.0,0,0,0.0,435666.4,823531.9,769967.0,104798.8,254585.7,0,8.149815037574177e-59,3.1175165453870136e-60,-1,0.0,3.1175165453870136e-60,sp|P01876|IGHA1_HUMAN;sp|P01877|IGHA2_HUMAN,IGHA1;IGHA2,144;131,14032800.0,193716000.0,,,-1.0,-1.0,-1,,0,0,0
MS_UNDEP_PL_LAC_bRPLC_NGP_05C.37200.37200.4.1.dta,MS_UNDEP_PL_LAC_bRPLC_NGP_05C.37200.37200.4.1.dta,MS_UNDEP_PL_LAC_bRPLC_NGP_05C,37200,6569.2038,4836.25098,1209.8182,4,1,LSLHRPALEDLLLGSEAJLTCTLTGLR,"21,Carbamidomethyl[C];",2963.59827,6 3 1 0,H(6)N(3)A(1),(N(N(H(H)(H(H)(H(N(H(A)))))))),2255,0 1 0 0;3 2 0 0;4 2 0 0;5 2 0 0;5 3 0 0;6 3 0 0;,1872.65047,18,11.56564,16.05961,3.21968,2,0.00224,0.46247,0.4,0.32692,0.0,0,0,0.0,75126.8,118412.6,120940.9,22747.9,60594.3,0,0.0612555494107038,0.0031455397784841,-1,0.0,0.0031455397784841,sp|P01876|IGHA1_HUMAN;sp|P01877|IGHA2_HUMAN,IGHA1;IGHA2,144;131,24133300.0,310010000.0,,,-1.0,-1.0,-1,,0,0,0
MS_UNDEP_PL_LAC_bRPLC_NGP_05C.37215.37215.4.5.dta,MS_UNDEP_PL_LAC_bRPLC_NGP_05C.37215.37215.4.5.dta,MS_UNDEP_PL_LAC_bRPLC_NGP_05C,37215,6571.7172,4674.19968,1169.30538,4,1,LSLHRPALEDLLLGSEAJLTCTLTGLR,"21,Carbamidomethyl[C];",2963.59827,5 3 1 0,H(5)N(3)A(1),(N(N(H(H(H))(H(N(H(A))))))),1650,0 1 0 0;0 2 0 0;2 2 0 0;3 2 0 0;3 3 0 0;4 2 0 0;4 3 0 0;5 3 0 0;,1710.59765,18,23.07195,20.4637,27.91584,5,0.00376,0.80442,0.64286,0.36538,0.0,0,0,0.0,150898.8,215682.0,214657.2,37261.5,99104.1,0,5.679006882801377e-19,1.1348596337226664e-20,-1,0.0,1.1348596337226664e-20,sp|P01876|IGHA1_HUMAN;sp|P01877|IGHA2_HUMAN,IGHA1;IGHA2,144;131,5858450.0,69147800.0,,,-1.0,-1.0,-1,,0,0,0
MS_UNDEP_PL_LAC_bRPLC_NGP_05C.37247.37247.5.1.dta,MS_UNDEP_PL_LAC_bRPLC_NGP_05C.37247.37247.5.1.dta,MS_UNDEP_PL_LAC_bRPLC_NGP_05C,37247,6576.9498,4715.22368,943.85056,5,1,LSLHRPALEDLLLGSEAJLTCTLTGLR,"21,Carbamidomethyl[C];",2963.59827,4 4 1 0,H(4)N(4)A(1),(N(N(H(H(N))(H(N(H(A))))))),2205,0 1 0 0;0 2 0 0;1 2 0 0;2 2 0 0;2 3 0 0;3 2 0 0;3 3 0 0;4 3 0 0;4 3 1 0;,1751.6242,18,68.66113,62.64016,79.84293,7,0.00121,0.25596,0.78571,0.57692,0.0,0,0,0.0,277842.9,630010.4,416862.6,80176.8,218977.9,0,5.640038547748228e-52,1.0325932274357196e-53,-1,0.0,1.0325932274357196e-53,sp|P01876|IGHA1_HUMAN;sp|P01877|IGHA2_HUMAN,IGHA1;IGHA2,144;131,12415500.0,165761000.0,,,-1.0,-1.0,-1,,0,0,0
MS_UNDEP_PL_LAC_bRPLC_NGP_05C.37282.37282.3.0.dta,MS_UNDEP_PL_LAC_bRPLC_NGP_05C.37282.37282.3.0.dta,MS_UNDEP_PL_LAC_bRPLC_NGP_05C,37282,6582.546,4715.22401,1572.41286,3,1,LSLHRPALEDLLLGSEAJLTCTLTGLR,"21,Carbamidomethyl[C];",2963.59827,4 4 1 0,H(4)N(4)A(1),(N(N(H(H(N))(H(N(H(A))))))),2205,0 1 0 0;0 2 0 0;1 2 0 0;2 2 0 0;2 3 0 0;3 2 0 0;3 3 0 0;4 3 0 0;4 4 0 0;,1751.6242,18,17.33831,7.6268,35.37396,6,0.00154,0.32743,0.71429,0.19231,0.0,0,0,0.0,174919.5,272903.2,450457.1,34319.9,65232.1,0,1.2645945662018108e-23,2.5800369180603894e-25,-1,0.006787330316742,0.006787330316742,sp|P01876|IGHA1_HUMAN;sp|P01877|IGHA2_HUMAN,IGHA1;IGHA2,144;131,7867460.0,105332000.0,,,-1.0,-1.0,-1,,0,0,0
MS_UNDEP_PL_LAC_bRPLC_NGP_05C.37347.37347.4.1.dta,MS_UNDEP_PL_LAC_bRPLC_NGP_05C.37347.37347.4.1.dta,MS_UNDEP_PL_LAC_bRPLC_NGP_05C,37347,6593.1408,4715.22354,1179.56134,4,1,LSLHRPALEDLLLGSEAJLTCTLTGLR,"21,Carbamidomethyl[C];",2963.59827,4 4 1 0,H(4)N(4)A(1),(N(N(H(H(N))(H(N(H(A))))))),2205,0 1 0 0;0 2 0 0;1 2 0 0;2 2 0 0;2 3 0 0;3 2 0 0;3 3 0 0;3 3 1 0;4 3 0 0;4 3 1 0;4 4 0 0;,1751.6242,18,62.65408,49.87085,86.39437,7,0.00107,0.22797,0.92857,0.55769,0.0,0,0,0.0,279898.4,505818.1,478224.4,69943.9,191748.0,0,3.6523848884064977e-56,5.009241886506636e-58,-1,0.0,5.009241886506636e-58,sp|P01876|IGHA1_HUMAN;sp|P01877|IGHA2_HUMAN,IGHA1;IGHA2,144;131,148631000.0,1849360000.0,,,-1.0,-1.0,-1,,0,0,0
MS_UNDEP_PL_LAC_bRPLC_NGP_05C.37375.37375.4.1.dta,MS_UNDEP_PL_LAC_bRPLC_NGP_05C.37375.37375.4.1.dta,MS_UNDEP_PL_LAC_bRPLC_NGP_05C,37375,6597.7512,4512.1442,1128.79151,4,1,LSLHRPALEDLLLGSEAJLTCTLTGLR,"21,Carbamidomethyl[C];",2963.59827,4 3 1 0,H(4)N(3)A(1),(N(N(H(H)(H(N(H(A))))))),2270,0 1 0 0;0 2 0 0;1 2 0 0;2 2 0 0;3 2 0 0;3 3 0 0;4 3 0 0;,1548.54483,18,76.86773,79.75727,71.50144,7,0.0011,0.24367,0.81818,0.63462,0.0,0,0,0.0,453061.9,587296.9,677466.8,117842.1,332242.4,0,1.2149674052570751e-46,2.795892467721945e-48,-1,0.0,2.795892467721945e-48,sp|P01876|IGHA1_HUMAN;sp|P01877|IGHA2_HUMAN,IGHA1;IGHA2,144;131,24635800.0,284079000.0,,,-1.0,-1.0,-1,,0,0,0
MS_UNDEP_PL_LAC_bRPLC_NGP_05C.37407.37407.4.1.dta,MS_UNDEP_PL_LAC_bRPLC_NGP_05C.37407.37407.4.1.dta,MS_UNDEP_PL_LAC_bRPLC_NGP_05C,37407,6602.9724,4630.05279,1158.26865,4,1,SLGNVJFTVSAEALESQELCGTEVPSVPEHGR,"20,Carbamidomethyl[C];",3413.62779,5 2 0 0,H(5)N(2),(N(N(H(H)(H(H(H)))))),2249,0 1 0 0;0 2 0 0;1 2 0 0;2 2 0 0;3 2 0 0;4 2 0 0;,1216.42286,6,36.8844,39.05302,32.85697,6,0.00214,0.46135,0.875,0.51613,0.0,0,0,27217.2,38098.9,92305.1,80517.2,0.0,0.0,0,4.2268135132040164e-22,8.381261996501577e-24,-1,0.0,8.381261996501577e-24,sp|P01023|A2MG_HUMAN,A2M,869,22328100.0,281523000.0,,,-1.0,-1.0,-1,,0,0,0
MS_UNDEP_PL_LAC_bRPLC_NGP_05C.37598.37598.4.1.dta,MS_UNDEP_PL_LAC_bRPLC_NGP_05C.37598.37598.4.1.dta,MS_UNDEP_PL_LAC_bRPLC_NGP_05C,37598,6633.9456,4630.0541,1158.26898,4,1,SLGNVJFTVSAEALESQELCGTEVPSVPEHGR,"20,Carbamidomethyl[C];",3413.62779,5 2 0 0,H(5)N(2),(N(N(H(H)(H(H(H)))))),2249,0 1 0 0;0 2 0 0;1 2 0 0;2 2 0 0;3 2 0 0;4 2 0 0;,1216.42286,6,31.84524,28.35666,38.32405,6,0.00344,0.74386,0.875,0.45161,0.0,0,0,27648.7,31496.5,72413.2,68149.2,0.0,0.0,0,2.1885648784861424e-25,3.953670027037065e-27,-1,0.0,3.953670027037065e-27,sp|P01023|A2MG_HUMAN,A2M,869,17764500.0,218756000.0,,,-1.0,-1.0,-1,,0,0,0
MS_UNDEP_PL_LAC_bRPLC_NGP_05C.37665.37665.3.0.dta,MS_UNDEP_PL_LAC_bRPLC_NGP_05C.37665.37665.3.0.dta,MS_UNDEP_PL_LAC_bRPLC_NGP_05C,37665,6644.775,4082.7892,1361.60125,3,1,ELCTISHIFIPAMGJITYDFSFK,"3,Carbamidomethyl[C];",2704.31495,6 2 0 0,H(6)N(2),(N(N(H(H(H))(H(H)(H))))),1636,0 1 0 0;0 2 0 0;1 2 0 0;2 2 0 0;3 2 0 0;4 2 0 0;,1378.47569,15,13.02857,9.3478,19.86427,6,-0.00143,-0.35082,0.77778,0.22727,0.0,0,0,19420.8,43240.9,92881.7,76011.0,0.0,5061.6,0,1.5539261793542026e-13,2.0414160031863018e-15,-1,0.0,2.0414160031863018e-15,sp|P04114|APOB_HUMAN,APOB,3336,3420520.0,35345300.0,,,-1.0,-1.0,-1,,0,0,0
MS_UNDEP_PL_LAC_bRPLC_NGP_05C.37789.37789.4.1.dta,MS_UNDEP_PL_LAC_bRPLC_NGP_05C.37789.37789.4.1.dta,MS_UNDEP_PL_LAC_bRPLC_NGP_05C,37789,6665.0484,4630.05158,1158.26835,4,1,SLGNVJFTVSAEALESQELCGTEVPSVPEHGR,"20,Carbamidomethyl[C];",3413.62779,5 2 0 0,H(5)N(2),(N(N(H(H)(H(H)(H))))),2257,0 1 0 0;0 2 0 0;1 2 0 0;2 2 0 0;3 2 0 0;4 2 0 0;,1216.42286,6,45.23151,51.52512,33.54337,6,0.00092,0.19959,0.875,0.6129,0.0,0,0,35530.5,34054.5,101844.2,79566.4,0.0,0.0,0,1.6106620851188504e-22,2.4659664850342748e-24,-1,0.0,2.4659664850342748e-24,sp|P01023|A2MG_HUMAN,A2M,869,23431900.0,295964000.0,,,-1.0,-1.0,-1,,0,0,0
MS_UNDEP_PL_LAC_bRPLC_NGP_05C.37981.37981.4.3.dta,MS_UNDEP_PL_LAC_bRPLC_NGP_05C.37981.37981.4.3.dta,MS_UNDEP_PL_LAC_bRPLC_NGP_05C,37981,6696.1056,4630.05262,1158.26861,4,1,SLGNVJFTVSAEALESQELCGTEVPSVPEHGR,"20,Carbamidomethyl[C];",3413.62779,5 2 0 0,H(5)N(2),(N(N(H(H(H))(H(H))))),1637,0 1 0 0;0 2 0 0;1 2 0 0;2 2 0 0;3 2 0 0;4 2 0 0;,1216.42286,6,48.08031,56.30919,32.79809,6,0.00197,0.42593,0.875,0.66129,0.0,0,0,33410.2,75381.1,125047.8,111851.9,11525.5,25484.0,0,4.593013607693741e-22,9.845288291218694e-24,-1,0.0,9.845288291218694e-24,sp|P01023|A2MG_HUMAN,A2M,869,23002700.0,293888000.0,,,-1.0,-1.0,-1,,0,0,0
MS_UNDEP_PL_LAC_bRPLC_NGP_05C.38050.38050.4.1.dta,MS_UNDEP_PL_LAC_bRPLC_NGP_05C.38050.38050.4.1.dta,MS_UNDEP_PL_LAC_bRPLC_NGP_05C,38050,6707.3076,5376.38264,1344.85112,4,1,WVLTAAHCLLYPPWDKJFTENDLLVR,"8,Carbamidomethyl[C];",3171.60843,5 4 2 0,H(5)N(4)A(2),(N(N(H(H(N(H(A))))(H(N(H(A))))))),1791,0 1 0 0;0 2 0 0;2 2 0 0;3 2 0 0;3 3 0 0;3 3 1 0;4 3 0 0;4 3 1 0;5 4 1 0;,2204.77244,17,11.75303,10.98034,13.18802,4,0.00177,0.32977,0.52941,0.26,0.0,0,0,0.0,377131.1,393545.0,558723.8,110063.2,261368.8,0,4.672514610218096e-09,7.089776359579518e-11,-1,0.0,7.089776359579518e-11,sp|P00734|THRB_HUMAN,F2,416,6185710.0,122357000.0,,,-1.0,-1.0,-1,,0,0,0
MS_UNDEP_PL_LAC_bRPLC_NGP_05C.38184.38184.4.1.dta,MS_UNDEP_PL_LAC_bRPLC_NGP_05C.38184.38184.4.1.dta,MS_UNDEP_PL_LAC_bRPLC_NGP_05C,38184,6729.0324,4630.05178,1158.2684,4,1,SLGNVJFTVSAEALESQELCGTEVPSVPEHGR,"20,Carbamidomethyl[C];",3413.62779,5 2 0 0,H(5)N(2),(N(N(H(H)(H(H(H)))))),2249,0 1 0 0;0 2 0 0;1 2 0 0;2 2 0 0;3 2 0 0;4 2 0 0;,1216.42286,6,33.15,33.24916,32.96584,6,0.00112,0.24278,0.875,0.48387,0.0,0,0,26128.0,44412.6,127201.9,101943.1,7611.6,16747.6,0,3.625375943558465e-22,5.759206307179151e-24,-1,0.0,5.759206307179151e-24,sp|P01023|A2MG_HUMAN,A2M,869,16494200.0,204953000.0,,,-1.0,-1.0,-1,,0,0,0
MS_UNDEP_PL_LAC_bRPLC_NGP_05C.38374.38374.4.1.dta,MS_UNDEP_PL_LAC_bRPLC_NGP_05C.38374.38374.4.1.dta,MS_UNDEP_PL_LAC_bRPLC_NGP_05C,38374,6759.8676,4630.05004,1158.26797,4,1,SLGNVJFTVSAEALESQELCGTEVPSVPEHGR,"20,Carbamidomethyl[C];",3413.62779,5 2 0 0,H(5)N(2),(N(N(H(H)(H(H(H)))))),2249,0 1 0 0;0 2 0 0;1 2 0 0;2 2 0 0;3 2 0 0;,1216.42286,6,42.90385,52.60152,24.8939,6,-0.00061,-0.13216,0.75,0.64516,0.0,0,0,25215.9,28520.0,85439.0,70265.1,0.0,0.0,0,6.040116745728846e-17,9.506791302983864e-19,-1,0.0,9.506791302983864e-19,sp|P01023|A2MG_HUMAN,A2M,869,14245800.0,194821000.0,,,-1.0,-1.0,-1,,0,0,0
MS_UNDEP_PL_LAC_bRPLC_NGP_05C.38426.38426.4.3.dta,MS_UNDEP_PL_LAC_bRPLC_NGP_05C.38426.38426.4.3.dta,MS_UNDEP_PL_LAC_bRPLC_NGP_05C,38426,6768.2658,4630.05115,1158.26824,4,1,SLGNVJFTVSAEALESQELCGTEVPSVPEHGR,"20,Carbamidomethyl[C];",3413.62779,5 2 0 0,H(5)N(2),(N(N(H(H(H))(H(H))))),1637,0 1 0 0;1 2 0 0;2 2 0 0;3 2 0 0;4 2 0 0;,1216.42286,6,9.73012,10.47153,8.35321,4,0.0005,0.10715,0.625,0.25806,0.0,0,0,9431.0,15512.2,35266.3,32950.1,0.0,2266.2,0,8.312056566162635e-06,3.181901386040031e-07,-1,0.0,3.181901386040031e-07,sp|P01023|A2MG_HUMAN,A2M,869,13332300.0,183630000.0,,,-1.0,-1.0,-1,,0,0,0
MS_UNDEP_PL_LAC_bRPLC_NGP_05C.38650.38650.4.3.dta,MS_UNDEP_PL_LAC_bRPLC_NGP_05C.38650.38650.4.3.dta,MS_UNDEP_PL_LAC_bRPLC_NGP_05C,38650,6804.5484,5168.37012,1292.84799,4,1,LSLHRPALEDLLLGSEAJLTCTLTGLR,"21,Carbamidomethyl[C];",2963.59827,5 4 2 0,H(5)N(4)A(2),(N(N(H(H(N(H(A))))(H(N(H(A))))))),1791,0 1 0 0;2 2 0 0;3 3 0 0;4 3 0 0;4 3 1 0;,2204.77244,18,24.02232,34.19198,5.13581,3,-0.00059,-0.11474,0.35294,0.46154,0.0,0,0,0.0,597622.8,627887.8,810988.2,159566.0,410137.8,0,0.0007943187452014,3.433693035929942e-05,-1,0.0,3.433693035929942e-05,sp|P01876|IGHA1_HUMAN;sp|P01877|IGHA2_HUMAN,IGHA1;IGHA2,144;131,2159270.0,31721100.0,,,-1.0,-1.0,-1,,0,0,0
MS_UNDEP_PL_LAC_bRPLC_NGP_05C.38657.38657.5.1.dta,MS_UNDEP_PL_LAC_bRPLC_NGP_05C.38657.38657.5.1.dta,MS_UNDEP_PL_LAC_bRPLC_NGP_05C,38657,6805.6236,5168.40113,1034.48605,5,1,LSLHRPALEDLLLGSEAJLTCTLTGLR,"21,Carbamidomethyl[C];",2963.59827,5 4 2 0,H(5)N(4)A(2),(N(N(H(H(N(H(A))))(H(N(H(A))))))),1791,0 1 0 0;3 2 0 0;3 3 0 0;,2204.77244,18,13.22706,18.76962,2.93374,3,0.03042,5.88518,0.23529,0.34615,0.0,0,0,0.0,205974.5,248541.5,246659.0,53959.2,152429.3,0,0.0599060441968033,0.0052787223552561,-1,0.0,0.0052787223552561,sp|P01876|IGHA1_HUMAN;sp|P01877|IGHA2_HUMAN,IGHA1;IGHA2,144;131,1452700.0,10790000.0,,,-1.0,-1.0,-1,,0,0,0
MS_UNDEP_PL_LAC_bRPLC_NGP_05C.38699.38699.4.1.dta,MS_UNDEP_PL_LAC_bRPLC_NGP_05C.38699.38699.4.1.dta,MS_UNDEP_PL_LAC_bRPLC_NGP_05C,38699,6812.5026,3985.68096,997.1757,4,1,DLQSLEDILHQVEJK,,1780.90757,5 4 2 0,H(5)N(4)A(2),(N(N(H(H(N(H(A))))(H(N(H(A))))))),1791,0 1 0 0;0 2 0 0;1 2 0 0;2 2 0 0;2 3 0 0;3 2 0 0;3 3 0 0;3 3 1 0;4 3 0 0;4 3 1 0;,2204.77244,14,28.10243,11.34498,59.22341,7,0.00095,0.2386,0.70588,0.39286,0.0,0,0,0.0,289532.7,271619.0,321061.3,85956.5,238088.0,0,9.901523074021767e-39,2.1029217131669942e-40,-1,0.0,2.1029217131669942e-40,sp|P02679|FIBG_HUMAN,FGG,78,6107140.0,47924300.0,,,-1.0,-1.0,-1,,0,0,0
MS_UNDEP_PL_LAC_bRPLC_NGP_05C.38701.38701.3.0.dta,MS_UNDEP_PL_LAC_bRPLC_NGP_05C.38701.38701.3.0.dta,MS_UNDEP_PL_LAC_bRPLC_NGP_05C,38701,6812.8134,3985.67981,1329.23146,3,1,DLQSLEDILHQVEJK,,1780.90757,5 4 2 0,H(5)N(4)A(2),(N(N(H(H(N(H(A))))(H(N(H(A))))))),1791,0 1 0 0;0 2 0 0;1 2 0 0;2 2 0 0;2 3 0 0;3 2 0 0;3 3 0 0;3 3 1 0;4 3 0 0;4 3 1 0;5 4 0 0;5 4 1 0;,2204.77244,14,35.8712,14.57924,75.4134,7,-0.0002,-0.04918,0.82353,0.42857,0.0,0,0,0.0,563420.2,594078.7,765660.4,125600.7,297474.8,0,3.814556943656908e-49,6.097051544099856e-51,-1,0.0,6.097051544099856e-51,sp|P02679|FIBG_HUMAN,FGG,78,6090880.0,55145200.0,,,-1.0,-1.0,-1,,0,0,0
MS_UNDEP_PL_LAC_bRPLC_NGP_05C.38759.38759.4.1.dta,MS_UNDEP_PL_LAC_bRPLC_NGP_05C.38759.38759.4.1.dta,MS_UNDEP_PL_LAC_bRPLC_NGP_05C,38759,6822.2166,4631.05321,1158.51876,4,1,SLGNVJFTVSAEALESQELCGTEVPSVPEHGR,"20,Carbamidomethyl[C];17,Deamidated[Q];",3414.61181,5 2 0 0,H(5)N(2),(N(N(H(H(H))(H(H))))),1637,0 2 0 0;1 2 0 0;2 2 0 0;,1216.42286,6,10.42647,14.63989,2.60155,3,0.01854,4.00343,0.375,0.29032,0.0,0,0,22849.3,21117.9,65999.7,57402.7,0.0,0.0,0,0.0576725079261429,0.0078893591598442,-1,0.0,0.0078893591598442,sp|P01023|A2MG_HUMAN,A2M,869,39851200.0,189058000.0,,,-1.0,-1.0,-1,,0,0,0
MS_UNDEP_PL_LAC_bRPLC_NGP_05C.38821.38821.4.1.dta,MS_UNDEP_PL_LAC_bRPLC_NGP_05C.38821.38821.4.1.dta,MS_UNDEP_PL_LAC_bRPLC_NGP_05C,38821,6832.206,5780.38036,1445.85055,4,1,JISDGFDGIPDNVDAALALPAHSYSGR,,2772.32235,6 5 2 3,H(6)N(5)A(2)F(3),(N(N(H(H(N(F)(H(A))))(H(N(H)(F))(N(F)(H(A))))))),1687,0 1 0 0;0 2 0 0;2 2 0 0;3 3 0 0;3 3 1 0;4 3 0 0;4 4 0 2;5 4 1 0;5 4 1 1;5 4 2 0;5 4 2 1;,3008.07836,1,14.4214,17.13667,9.37877,4,-0.02036,-3.52164,0.15789,0.38462,0.0,0,0,0.0,279432.2,308790.8,319777.7,105687.4,197991.4,0,2.09878635791801e-06,5.7914925854738286e-08,-1,0.0,5.7914925854738286e-08,sp|P04004|VTNC_HUMAN,VTN,242,1466930.0,10452700.0,6 5 3 1,H(6)N(5)A(3)F(1),307204.0,10760000.0,-1,,0,0,0
MS_UNDEP_PL_LAC_bRPLC_NGP_05C.38866.38866.4.1.dta,MS_UNDEP_PL_LAC_bRPLC_NGP_05C.38866.38866.4.1.dta,MS_UNDEP_PL_LAC_bRPLC_NGP_05C,38866,6839.5326,5633.31919,1409.08525,4,1,JISDGFDGIPDNVDAALALPAHSYSGR,,2772.32235,6 5 3 0,H(6)N(5)A(3),(N(N(H(H(N(H(A))))(H(N(H(A)))(N(H(A))))))),1790,0 1 0 0;0 2 0 0;1 2 0 0;2 2 0 0;3 3 0 0;3 3 1 0;4 3 0 0;4 3 1 0;5 4 0 0;5 4 1 0;5 4 2 0;,2861.00005,1,15.33059,11.17601,23.04623,5,-0.00321,-0.57063,0.4,0.28846,0.0,0,0,0.0,296366.2,293126.6,332853.0,93627.6,174328.0,0,1.1136092114707544e-15,1.8569584216735058e-17,-1,0.0,1.8569584216735058e-17,sp|P04004|VTNC_HUMAN,VTN,242,609066.0,11362600.0,,,-1.0,-1.0,-1,,0,0,0
MS_UNDEP_PL_LAC_bRPLC_NGP_05C.38956.38956.4.1.dta,MS_UNDEP_PL_LAC_bRPLC_NGP_05C.38956.38956.4.1.dta,MS_UNDEP_PL_LAC_bRPLC_NGP_05C,38956,6854.2854,4630.05117,1158.26825,4,1,SLGNVJFTVSAEALESQELCGTEVPSVPEHGR,"20,Carbamidomethyl[C];",3413.62779,5 2 0 0,H(5)N(2),(N(N(H(H(H))(H(H))))),1637,0 1 0 0;2 2 0 0;,1216.42286,6,34.33107,51.14255,3.10975,3,0.00052,0.11233,0.375,0.6129,0.0,0,0,28861.8,49375.0,102160.5,94854.7,0.0,7078.5,0,0.0619348192003968,0.0038214810794502,-1,0.0,0.0038214810794502,sp|P01023|A2MG_HUMAN,A2M,869,14951800.0,187179000.0,,,-1.0,-1.0,-1,,0,0,0
MS_UNDEP_PL_LAC_bRPLC_NGP_05C.39029.39029.3.0.dta,MS_UNDEP_PL_LAC_bRPLC_NGP_05C.39029.39029.3.0.dta,MS_UNDEP_PL_LAC_bRPLC_NGP_05C,39029,6866.1432,3931.82411,1311.27955,3,1,VSJQTLSLFFTVLQDVPVR,,2163.18083,5 4 0 1,H(5)N(4)F(1),(N(F)(N(H(H(N(H)))(H(N(H)))))),509,0 1 0 0;0 1 0 1;2 2 0 0;2 2 0 1;3 2 0 0;3 2 0 1;3 3 0 0;3 3 0 1;4 3 0 0;4 3 0 1;,1768.63952,3,17.47171,21.36031,10.25004,4,0.00376,0.95686,0.43478,0.55556,0.0,0,0,0.0,329530.2,188930.4,361295.0,0.0,0.0,0,5.708689829889994e-07,1.439184312728685e-08,-1,0.0,1.439184312728685e-08,sp|P01023|A2MG_HUMAN,A2M,1424,479548.0,4367840.0,,,-1.0,-1.0,-1,,0,0,0
MS_UNDEP_PL_LAC_bRPLC_NGP_05C.39071.39071.3.0.dta,MS_UNDEP_PL_LAC_bRPLC_NGP_05C.39071.39071.3.0.dta,MS_UNDEP_PL_LAC_bRPLC_NGP_05C,39071,6873.0276,3960.66978,1320.89478,3,1,YLGJATAIFFLPDEGK,,1755.89521,5 4 2 0,H(5)N(4)A(2),(N(N(H(H(N(H(A))))(H(N(H(A))))))),1791,0 1 0 0;0 2 0 0;1 2 0 0;2 2 0 0;3 2 0 0;3 3 0 0;3 3 1 0;4 3 0 0;4 3 1 0;4 4 0 0;5 4 0 0;5 4 1 0;,2204.77244,4,32.36682,19.25516,56.71704,6,0.00214,0.53929,0.76471,0.53333,0.0,0,0,0.0,580024.2,583415.0,665699.8,137893.2,302661.8,0,4.210502855334331e-37,1.028175943338832e-38,-1,0.0,1.028175943338832e-38,sp|P01009|A1AT_HUMAN,SERPINA1,271,6584540.0,59400200.0,,,-1.0,-1.0,-1,,0,0,0
MS_UNDEP_PL_LAC_bRPLC_NGP_05C.39075.39075.4.2.dta,MS_UNDEP_PL_LAC_bRPLC_NGP_05C.39075.39075.4.2.dta,MS_UNDEP_PL_LAC_bRPLC_NGP_05C,39075,6873.645,3960.66843,990.92256,4,1,YLGJATAIFFLPDEGK,,1755.89521,5 4 2 0,H(5)N(4)A(2),(N(N(H(H(N(H(A))))(H(N(H(A))))))),1791,0 1 0 0;0 2 0 0;2 2 0 0;3 2 0 0;3 3 0 0;3 3 1 0;4 3 0 0;4 3 1 0;,2204.77244,4,14.97143,13.69118,17.34902,5,0.00078,0.19743,0.52941,0.46667,0.0,0,0,0.0,117730.3,131875.0,132322.6,37254.8,98553.6,0,6.946474279211665e-12,2.145437540118345e-13,-1,0.0,2.145437540118345e-13,sp|P01009|A1AT_HUMAN,SERPINA1,271,1426090.0,10425900.0,,,-1.0,-1.0,-1,,0,0,0
MS_UNDEP_PL_LAC_bRPLC_NGP_05C.39149.39149.4.1.dta,MS_UNDEP_PL_LAC_bRPLC_NGP_05C.39149.39149.4.1.dta,MS_UNDEP_PL_LAC_bRPLC_NGP_05C,39149,6885.7356,4630.05454,1158.26909,4,1,SLGNVJFTVSAEALESQELCGTEVPSVPEHGR,"20,Carbamidomethyl[C];",3413.62779,5 2 0 0,H(5)N(2),(N(N(H(H(H))(H(H))))),1637,0 1 0 0;0 2 0 0;1 2 0 0;2 2 0 0;3 2 0 0;4 2 0 0;,1216.42286,6,52.03143,63.95614,29.88553,6,0.00389,0.83975,0.875,0.70968,0.0,0,0,36039.3,37616.9,104748.7,88552.6,0.0,0.0,0,3.023978993217055e-20,6.125643274447986e-22,-1,0.0,6.125643274447986e-22,sp|P01023|A2MG_HUMAN,A2M,869,9528790.0,121766000.0,,,-1.0,-1.0,-1,,0,0,0
MS_UNDEP_PL_LAC_bRPLC_NGP_05C.39299.39299.4.1.dta,MS_UNDEP_PL_LAC_bRPLC_NGP_05C.39299.39299.4.1.dta,MS_UNDEP_PL_LAC_bRPLC_NGP_05C,39299,6910.143,5729.61893,1433.16019,4,1,SSVITLNTNAELFJQSDIVAHLLSSSSSVIDALQYK,,3864.98654,9 2 0 0,H(9)N(2),(N(N(H(H)(H(H(H))(H(H(H(H)))))))),2246,0 1 0 0;0 2 0 0;1 2 0 0;2 2 0 0;3 2 0 0;4 2 0 0;5 2 0 0;6 2 0 0;8 2 0 0;,1864.63416,14,72.12928,82.62953,52.62883,6,-0.00177,-0.30851,0.83333,0.6,0.0,0,0,222313.8,139045.5,391126.7,297643.2,0.0,0.0,0,1.951592254329064e-34,2.847451941213529e-36,-1,0.0,2.847451941213529e-36,sp|P04114|APOB_HUMAN,APOB,3358,5961610.0,114603000.0,,,-1.0,-1.0,-1,,0,0,0
MS_UNDEP_PL_LAC_bRPLC_NGP_05C.39313.39313.4.1.dta,MS_UNDEP_PL_LAC_bRPLC_NGP_05C.39313.39313.4.1.dta,MS_UNDEP_PL_LAC_bRPLC_NGP_05C,39313,6912.4044,4565.00816,1142.0075,4,1,KAFITJFSMIIDGMTYPGIIK,,2360.23927,5 4 2 0,H(5)N(4)A(2),(N(N(H(H(N(H(A))))(H(N(H(A))))))),1791,0 1 0 0;0 2 0 0;1 2 0 0;2 2 0 0;3 2 0 0;3 3 0 0;3 3 1 0;4 3 0 0;4 3 1 0;,2204.77244,6,20.46794,13.10109,34.14925,6,-0.00355,-0.77788,0.58824,0.375,0.0,0,0,0.0,231688.9,225518.6,259428.4,61709.4,162600.6,0,6.90981060157058e-23,1.1667836566481596e-24,-1,0.0,1.1667836566481596e-24,sp|Q14624|ITIH4_HUMAN,ITIH4,81,662801.0,12211500.0,,,-1.0,-1.0,-1,,0,0,0
MS_UNDEP_PL_LAC_bRPLC_NGP_05C.39314.39314.5.2.dta,MS_UNDEP_PL_LAC_bRPLC_NGP_05C.39314.39314.5.2.dta,MS_UNDEP_PL_LAC_bRPLC_NGP_05C,39314,6912.5586,5730.62573,1146.93097,5,1,SSVITLNTNAELFJQSDIVAHLLSSSSSVIDALQYK,"15,Deamidated[Q];",3865.97056,9 2 0 0,H(9)N(2),(N(N(H(H(H(H(H))))(H(H(H(H))))))),1436,0 2 0 0;3 2 0 0;4 2 0 0;,1864.63416,14,21.5486,31.88482,2.35277,3,0.02102,3.6672,0.33333,0.45714,0.0,0,0,70184.1,65538.0,119385.4,86143.0,8290.3,24905.2,0,0.0618721267108123,0.0093506755194073,-1,0.0,0.0093506755194073,sp|P04114|APOB_HUMAN,APOB,3358,1537190.0,11307700.0,,,-1.0,-1.0,-1,,0,0,0
MS_UNDEP_PL_LAC_bRPLC_NGP_05C.39331.39331.3.1.dta,MS_UNDEP_PL_LAC_bRPLC_NGP_05C.39331.39331.3.1.dta,MS_UNDEP_PL_LAC_bRPLC_NGP_05C,39331,6915.2898,5730.63104,1910.88186,3,1,SSVITLNTNAELFJQSDIVAHLLSSSSSVIDALQYK,"15,Deamidated[Q];",3865.97056,9 2 0 0,H(9)N(2),(N(N(H(H(H(H)))(H(H(H(H(H)))))))),1475,0 2 0 0;2 2 0 0;4 2 0 0;6 2 0 0;7 2 0 0;8 2 0 0;,1864.63416,14,34.98445,46.38487,13.81225,4,0.02632,4.5931,0.66667,0.48571,0.0,0,0,232848.8,157272.1,647498.7,545443.8,0.0,0.0,0,1.700358949222901e-09,2.648201598034353e-11,-1,0.0,2.648201598034353e-11,sp|P04114|APOB_HUMAN,APOB,3358,1238940.0,10402600.0,,,-1.0,-1.0,-1,,0,0,0
MS_UNDEP_PL_LAC_bRPLC_NGP_05C.39340.39340.4.1.dta,MS_UNDEP_PL_LAC_bRPLC_NGP_05C.39340.39340.4.1.dta,MS_UNDEP_PL_LAC_bRPLC_NGP_05C,39340,6916.7892,4630.05457,1158.2691,4,1,SLGNVJFTVSAEALESQELCGTEVPSVPEHGR,"20,Carbamidomethyl[C];",3413.62779,5 2 0 0,H(5)N(2),(N(N(H(H(H))(H(H))))),1637,0 1 0 0;1 2 0 0;2 2 0 0;3 2 0 0;4 2 0 0;,1216.42286,6,37.83417,44.46809,25.51403,5,0.00392,0.84666,0.75,0.58065,0.0,0,0,41484.3,36847.7,103519.1,92041.5,0.0,5647.1,0,2.2854859829639264e-17,3.906191068724476e-19,-1,0.0,3.906191068724476e-19,sp|P01023|A2MG_HUMAN,A2M,869,21459200.0,265039000.0,,,-1.0,-1.0,-1,,0,0,0
MS_UNDEP_PL_LAC_bRPLC_NGP_05C.39532.39532.4.1.dta,MS_UNDEP_PL_LAC_bRPLC_NGP_05C.39532.39532.4.1.dta,MS_UNDEP_PL_LAC_bRPLC_NGP_05C,39532,6947.9802,4630.05307,1158.26872,4,1,SLGNVJFTVSAEALESQELCGTEVPSVPEHGR,"20,Carbamidomethyl[C];",3413.62779,5 2 0 0,H(5)N(2),(N(N(H(H)(H(H(H)))))),2249,0 1 0 0;0 2 0 0;1 2 0 0;2 2 0 0;3 2 0 0;4 2 0 0;,1216.42286,6,54.90884,64.51061,37.07697,6,0.00242,0.52183,0.875,0.70968,0.0,0,0,40033.9,39496.5,97147.7,83860.8,0.0,5766.8,0,1.2137244256769492e-24,1.68721619887805e-26,-1,0.0,1.68721619887805e-26,sp|P01023|A2MG_HUMAN,A2M,869,22973700.0,279923000.0,,,-1.0,-1.0,-1,,0,0,0
MS_UNDEP_PL_LAC_bRPLC_NGP_05C.39538.39538.4.3.dta,MS_UNDEP_PL_LAC_bRPLC_NGP_05C.39538.39538.4.3.dta,MS_UNDEP_PL_LAC_bRPLC_NGP_05C,39538,6948.9012,5731.61667,1433.65963,4,1,SSVITLNTNAELFJQSDIVAHLLSSSSSVIDALQYK,"15,Deamidated[Q];34,Deamidated[Q];",3866.95458,9 2 0 0,H(9)N(2),(N(N(H(H)(H(H)(H(H(H(H(H))))))))),2251,0 1 0 0;0 2 0 0;1 2 0 0;2 2 0 0;3 2 0 0;4 2 0 0;5 2 0 0;7 2 0 0;,1864.63416,14,15.77513,10.24813,26.03956,6,0.02794,4.87478,0.75,0.2,0.0,0,0,52829.0,39848.3,91675.7,85539.2,0.0,4703.0,0,1.0079220700775853e-17,1.815207496415885e-19,-1,0.0,1.815207496415885e-19,sp|P04114|APOB_HUMAN,APOB,3358,824190.0,4890010.0,,,-1.0,-1.0,-1,,0,0,0
MS_UNDEP_PL_LAC_bRPLC_NGP_05C.39715.39715.4.1.dta,MS_UNDEP_PL_LAC_bRPLC_NGP_05C.39715.39715.4.1.dta,MS_UNDEP_PL_LAC_bRPLC_NGP_05C,39715,6977.7288,4270.9087,1068.48263,4,1,PALEDLLLGSEAJLTCTLTGLR,"16,Carbamidomethyl[C];",2357.23809,5 4 1 0,H(5)N(4)A(1),(N(N(H(H(N(H)))(H(N(H(A))))))),2036,0 1 0 0;1 2 0 0;2 2 0 0;3 2 0 0;3 3 0 0;4 3 0 0;,1913.67702,13,16.63162,19.47571,11.34972,5,-0.00642,-1.50261,0.4375,0.42857,0.0,0,0,0.0,123810.8,88305.2,102864.1,12761.8,44110.9,0,9.668010897490232e-08,2.430864981673879e-09,-1,0.0,2.430864981673879e-09,sp|P01876|IGHA1_HUMAN;sp|P01877|IGHA2_HUMAN,IGHA1;IGHA2,144;131,448468.0,4365640.0,,,-1.0,-1.0,-1,,0,0,0
MS_UNDEP_PL_LAC_bRPLC_NGP_05C.39724.39724.4.1.dta,MS_UNDEP_PL_LAC_bRPLC_NGP_05C.39724.39724.4.1.dta,MS_UNDEP_PL_LAC_bRPLC_NGP_05C,39724,6979.317,4630.0507,1158.26813,4,1,SLGNVJFTVSAEALESQELCGTEVPSVPEHGR,"20,Carbamidomethyl[C];",3413.62779,5 2 0 0,H(5)N(2),(N(N(H(H)(H(H(H)))))),2249,0 1 0 0;1 2 0 0;2 2 0 0;3 2 0 0;4 2 0 0;,1216.42286,6,39.55651,50.79013,18.69407,5,4e-05,0.00952,0.75,0.6129,0.0,0,0,34198.1,32893.7,85481.6,85874.1,0.0,0.0,0,9.126969126263377e-13,1.9580490598675272e-14,-1,0.0,1.9580490598675272e-14,sp|P01023|A2MG_HUMAN,A2M,869,25145400.0,300697000.0,,,-1.0,-1.0,-1,,0,0,0
MS_UNDEP_PL_LAC_bRPLC_NGP_05C.39795.39795.4.1.dta,MS_UNDEP_PL_LAC_bRPLC_NGP_05C.39795.39795.4.1.dta,MS_UNDEP_PL_LAC_bRPLC_NGP_05C,39795,6990.7746,4108.85986,1027.97042,4,1,PALEDLLLGSEAJLTCTLTGLR,"16,Carbamidomethyl[C];",2357.23809,4 4 1 0,H(4)N(4)A(1),(N(N(H(H)(H(N)(N(H(A))))))),2284,0 1 0 0;0 2 0 0;2 2 0 0;3 2 0 0;3 3 0 0;3 4 1 0;,1751.6242,13,15.94385,20.73855,7.0394,4,-0.00243,-0.59045,0.375,0.40476,0.0,0,0,0.0,72121.5,153404.7,121404.4,16831.7,55360.9,0,4.424356134644408e-05,2.122836133308325e-06,-1,0.0,2.122836133308325e-06,sp|P01876|IGHA1_HUMAN;sp|P01877|IGHA2_HUMAN,IGHA1;IGHA2,144;131,560962.0,5711890.0,,,-1.0,-1.0,-1,,0,0,0
MS_UNDEP_PL_LAC_bRPLC_NGP_05C.39916.39916.4.1.dta,MS_UNDEP_PL_LAC_bRPLC_NGP_05C.39916.39916.4.1.dta,MS_UNDEP_PL_LAC_bRPLC_NGP_05C,39916,7010.4288,4630.04998,1158.26795,4,1,SLGNVJFTVSAEALESQELCGTEVPSVPEHGR,"20,Carbamidomethyl[C];",3413.62779,5 2 0 0,H(5)N(2),(N(N(H(H(H))(H(H))))),1637,0 1 0 0;0 2 0 0;1 2 0 0;3 2 0 0;4 2 0 0;,1216.42286,6,34.79522,42.52709,20.43604,5,-0.00067,-0.14426,0.75,0.53226,0.0,0,0,29503.3,27625.8,85234.0,69954.6,0.0,0.0,0,6.493776180764491e-14,9.794664456942346e-16,-1,0.0,9.794664456942346e-16,sp|P01023|A2MG_HUMAN,A2M,869,18525100.0,216832000.0,,,-1.0,-1.0,-1,,0,0,0
MS_UNDEP_PL_LAC_bRPLC_NGP_05C.40107.40107.4.1.dta,MS_UNDEP_PL_LAC_bRPLC_NGP_05C.40107.40107.4.1.dta,MS_UNDEP_PL_LAC_bRPLC_NGP_05C,40107,7041.6972,4630.04975,1158.26789,4,1,SLGNVJFTVSAEALESQELCGTEVPSVPEHGR,"20,Carbamidomethyl[C];",3413.62779,5 2 0 0,H(5)N(2),(N(N(H(H(H))(H(H))))),1637,0 1 0 0;0 2 0 0;1 2 0 0;2 2 0 0;3 2 0 0;4 2 0 0;,1216.42286,6,26.26836,25.11769,28.4053,6,-0.0009,-0.19436,0.875,0.41935,0.0,0,0,25920.4,39309.1,4443.1,75035.2,0.0,8932.3,0,2.717297710852528e-19,4.2868602418868746e-21,-1,0.0,4.2868602418868746e-21,sp|P01023|A2MG_HUMAN,A2M,869,24791400.0,292699000.0,,,-1.0,-1.0,-1,,0,0,0
MS_UNDEP_PL_LAC_bRPLC_NGP_05C.40196.40196.4.1.dta,MS_UNDEP_PL_LAC_bRPLC_NGP_05C.40196.40196.4.1.dta,MS_UNDEP_PL_LAC_bRPLC_NGP_05C,40196,7056.024,4223.91866,1056.73512,4,1,VSJQTLSLFFTVLQDVPVR,,2163.18083,5 4 0 3,H(5)N(4)F(3),(N(F)(N(H(H(N(H(F))))(H(N(H(F))))))),247,0 1 0 0;0 1 0 1;1 2 0 0;2 2 0 0;2 2 0 1;3 2 0 1;,2060.75533,3,12.11984,16.95726,3.13606,4,-0.01751,-4.1453,0.21429,0.5,0.0,0,0,0.0,118389.7,110873.5,123120.1,15545.8,46348.2,0,0.0619621466962863,0.0036382879164114,-1,0.0,0.0036382879164114,sp|P01023|A2MG_HUMAN,A2M,1424,5828990.0,22673200.0,5 4 1 1,H(5)N(4)A(1)F(1),3010350.0,25683600.0,-1,,0,0,0
MS_UNDEP_PL_LAC_bRPLC_NGP_05C.40207.40207.3.0.dta,MS_UNDEP_PL_LAC_bRPLC_NGP_05C.40207.40207.3.0.dta,MS_UNDEP_PL_LAC_bRPLC_NGP_05C,40207,7057.914,4222.91152,1408.30869,3,1,VSJQTLSLFFTVLQDVPVR,,2163.18083,5 4 1 1,H(5)N(4)A(1)F(1),(N(F)(N(H(H(N(H)))(H(N(H(A))))))),490,0 1 0 0;0 1 0 1;0 2 0 0;0 2 0 1;2 2 0 1;3 2 0 0;3 2 0 1;3 3 0 0;3 3 0 1;4 3 0 0;4 3 0 1;,2059.73493,3,28.27284,36.63934,12.73505,5,-0.00424,-1.00483,0.35484,0.72222,0.0,0,0,0.0,528317.9,412906.1,589011.3,57180.3,122750.8,0,9.804574263146001e-09,2.1581384455017168e-10,-1,0.0,2.1581384455017168e-10,sp|P01023|A2MG_HUMAN,A2M,1424,2291380.0,21589900.0,,,-1.0,-1.0,-1,,0,0,0
MS_UNDEP_PL_LAC_bRPLC_NGP_05C.40223.40223.4.1.dta,MS_UNDEP_PL_LAC_bRPLC_NGP_05C.40223.40223.4.1.dta,MS_UNDEP_PL_LAC_bRPLC_NGP_05C,40223,7060.4976,4076.85772,1019.96989,4,1,VSJQTLSLFFTVLQDVPVR,,2163.18083,5 4 1 0,H(5)N(4)A(1),(N(N(H(H(N(H)))(H(N(H(A))))))),2036,0 1 0 0;1 2 0 0;2 2 0 0;3 2 0 0;4 3 0 0;,1913.67702,3,17.50636,23.83279,5.75726,4,-0.00014,-0.03422,0.3125,0.61111,0.0,0,0,0.0,138804.7,99798.5,134533.5,14611.1,46032.0,0,0.0002727727055676,1.1578321527819602e-05,-1,0.0,1.1578321527819602e-05,sp|P01023|A2MG_HUMAN,A2M,1424,957929.0,8151170.0,,,-1.0,-1.0,-1,,0,0,0
MS_UNDEP_PL_LAC_bRPLC_NGP_05C.40224.40224.3.0.dta,MS_UNDEP_PL_LAC_bRPLC_NGP_05C.40224.40224.3.0.dta,MS_UNDEP_PL_LAC_bRPLC_NGP_05C,40224,7060.653,4076.86103,1359.62519,3,1,VSJQTLSLFFTVLQDVPVR,,2163.18083,5 4 1 0,H(5)N(4)A(1),(N(N(H(H(N(H)))(H(N(H(A))))))),2036,0 1 0 0;0 2 0 0;1 2 0 0;2 2 0 0;3 2 0 0;3 3 0 0;4 3 0 0;4 3 1 0;,1913.67702,3,23.71301,27.55922,16.57004,5,0.00317,0.77793,0.5,0.63889,0.0,0,0,0.0,271807.0,212927.2,296109.7,37794.1,69028.7,0,2.2699221843948154e-11,6.071635388349575e-13,-1,0.0,6.071635388349575e-13,sp|P01023|A2MG_HUMAN,A2M,1424,858706.0,8558870.0,,,-1.0,-1.0,-1,,0,0,0
MS_UNDEP_PL_LAC_bRPLC_NGP_05C.40301.40301.4.1.dta,MS_UNDEP_PL_LAC_bRPLC_NGP_05C.40301.40301.4.1.dta,MS_UNDEP_PL_LAC_bRPLC_NGP_05C,40301,7073.229,4630.05197,1158.26845,4,1,SLGNVJFTVSAEALESQELCGTEVPSVPEHGR,"20,Carbamidomethyl[C];",3413.62779,5 2 0 0,H(5)N(2),(N(N(H(H)(H(H)(H))))),2257,0 1 0 0;0 2 0 0;2 2 0 0;3 2 0 0;4 2 0 0;,1216.42286,6,37.01824,47.05034,18.3872,5,0.00132,0.28425,0.75,0.58065,0.0,0,0,27648.5,25621.4,75902.6,69946.3,0.0,0.0,0,1.449483840424888e-12,3.2666627704572616e-14,-1,0.0,3.2666627704572616e-14,sp|P01023|A2MG_HUMAN,A2M,869,23913200.0,280841000.0,,,-1.0,-1.0,-1,,0,0,0
MS_UNDEP_PL_LAC_bRPLC_NGP_05C.40494.40494.4.1.dta,MS_UNDEP_PL_LAC_bRPLC_NGP_05C.40494.40494.4.1.dta,MS_UNDEP_PL_LAC_bRPLC_NGP_05C,40494,7104.5322,4630.05187,1158.26842,4,1,SLGNVJFTVSAEALESQELCGTEVPSVPEHGR,"20,Carbamidomethyl[C];",3413.62779,5 2 0 0,H(5)N(2),(N(N(H(H)(H(H(H)))))),2249,0 1 0 0;0 2 0 0;1 2 0 0;2 2 0 0;4 2 0 0;,1216.42286,6,32.3698,39.1294,19.81626,5,0.00122,0.26352,0.75,0.51613,0.0,0,0,26402.5,29158.2,76750.8,73175.5,0.0,7451.6,0,1.6715876219072009e-13,2.429927405980499e-15,-1,0.0,2.429927405980499e-15,sp|P01023|A2MG_HUMAN,A2M,869,22916100.0,274373000.0,,,-1.0,-1.0,-1,,0,0,0
MS_UNDEP_PL_LAC_bRPLC_NGP_05C.40699.40699.4.2.dta,MS_UNDEP_PL_LAC_bRPLC_NGP_05C.40699.40699.4.2.dta,MS_UNDEP_PL_LAC_bRPLC_NGP_05C,40699,7137.8958,4630.05075,1158.26814,4,1,SLGNVJFTVSAEALESQELCGTEVPSVPEHGR,"20,Carbamidomethyl[C];",3413.62779,5 2 0 0,H(5)N(2),(N(N(H(H)(H(H(H)))))),2249,0 1 0 0;0 2 0 0;1 2 0 0;2 2 0 0;,1216.42286,6,22.28895,27.95027,11.77505,5,0.0001,0.02075,0.625,0.41935,0.0,0,0,32154.7,39232.8,89357.1,80693.7,0.0,7308.1,0,4.7859588303860345e-08,9.566976344859107e-10,-1,0.0,9.566976344859107e-10,sp|P01023|A2MG_HUMAN,A2M,869,22242300.0,265307000.0,,,-1.0,-1.0,-1,,0,0,0
MS_UNDEP_PL_LAC_bRPLC_NGP_05C.40902.40902.4.1.dta,MS_UNDEP_PL_LAC_bRPLC_NGP_05C.40902.40902.4.1.dta,MS_UNDEP_PL_LAC_bRPLC_NGP_05C,40902,7170.8334,4630.05102,1158.26821,4,1,SLGNVJFTVSAEALESQELCGTEVPSVPEHGR,"20,Carbamidomethyl[C];",3413.62779,5 2 0 0,H(5)N(2),(N(N(H(H(H))(H(H))))),1637,0 1 0 0;0 2 0 0;2 2 0 0;,1216.42286,6,25.0042,34.23453,7.86216,4,0.00036,0.07864,0.5,0.48387,0.0,0,0,30104.8,34094.8,85366.3,75946.0,0.0,7011.6,0,1.5489756490960257e-05,7.108131423508012e-07,-1,0.0,7.108131423508012e-07,sp|P01023|A2MG_HUMAN,A2M,869,20929100.0,256072000.0,,,-1.0,-1.0,-1,,0,0,0
MS_UNDEP_PL_LAC_bRPLC_NGP_05C.41197.41197.4.4.dta,MS_UNDEP_PL_LAC_bRPLC_NGP_05C.41197.41197.4.4.dta,MS_UNDEP_PL_LAC_bRPLC_NGP_05C,41197,7218.2754,3859.72041,965.68556,4,1,JVSVEALASALQLLAR,,1654.94865,5 4 2 0,H(5)N(4)A(2),(N(N(H(H(N(H(A))))(H(N(H(A))))))),1791,0 1 0 0;2 2 0 0;3 2 0 0;4 3 0 0;,2204.77244,1,8.23264,11.25394,2.62165,3,-0.00067,-0.17463,0.23529,0.46667,0.0,0,0,0.0,56156.6,2910.0,49080.5,12999.4,31039.3,0,0.0575507883850397,0.0075984330417626,-1,0.0,0.0075984330417626,sp|Q13790|APOF_HUMAN,APOF,139,339985.0,2401570.0,,,-1.0,-1.0,-1,,0,0,0
MS_UNDEP_PL_LAC_bRPLC_NGP_05C.41495.41495.4.1.dta,MS_UNDEP_PL_LAC_bRPLC_NGP_05C.41495.41495.4.1.dta,MS_UNDEP_PL_LAC_bRPLC_NGP_05C,41495,7265.8164,4630.05652,1158.26959,4,1,SLGNVJFTVSAEALESQELCGTEVPSVPEHGR,"20,Carbamidomethyl[C];",3413.62779,5 2 0 0,H(5)N(2),(N(N(H(H(H))(H(H))))),1637,0 1 0 0;0 2 0 0;3 2 0 0;,1216.42286,6,16.22023,21.44199,6.52269,4,0.00587,1.26825,0.5,0.35484,0.0,0,0,21096.3,25158.8,76280.4,57074.1,0.0,4036.2,0,8.845578394936909e-05,4.3317003135794994e-06,-1,0.0,4.3317003135794994e-06,sp|P01023|A2MG_HUMAN,A2M,869,12738100.0,157936000.0,,,-1.0,-1.0,-1,,0,0,0
MS_UNDEP_PL_LAC_bRPLC_NGP_05C.41700.41700.4.1.dta,MS_UNDEP_PL_LAC_bRPLC_NGP_05C.41700.41700.4.1.dta,MS_UNDEP_PL_LAC_bRPLC_NGP_05C,41700,7298.5068,4630.0616,1158.27086,4,1,SLGNVJFTVSAEALESQELCGTEVPSVPEHGR,"20,Carbamidomethyl[C];",3413.62779,5 2 0 0,H(5)N(2),(N(N(H(H)(H(H)(H))))),2257,0 1 0 0;2 2 0 0;3 2 0 0;,1216.42286,6,18.74562,25.48816,6.22376,4,0.01094,2.3637,0.5,0.40323,0.0,0,0,22976.5,24204.4,59055.0,59459.7,0.0,0.0,0,0.0001349154113561,6.507965424849039e-06,-1,0.0,6.507965424849039e-06,sp|P01023|A2MG_HUMAN,A2M,869,17579100.0,219298000.0,,,-1.0,-1.0,-1,,0,0,0
MS_UNDEP_PL_LAC_bRPLC_NGP_05C.41906.41906.4.2.dta,MS_UNDEP_PL_LAC_bRPLC_NGP_05C.41906.41906.4.2.dta,MS_UNDEP_PL_LAC_bRPLC_NGP_05C,41906,7331.361,4630.05632,1158.26954,4,1,SLGNVJFTVSAEALESQELCGTEVPSVPEHGR,"20,Carbamidomethyl[C];",3413.62779,5 2 0 0,H(5)N(2),(N(N(H(H(H))(H(H))))),1637,0 1 0 0;3 2 0 0;,1216.42286,6,14.88149,21.24629,3.06113,3,0.00567,1.22506,0.375,0.37097,0.0,0,0,25088.0,27913.5,66717.8,52044.0,0.0,0.0,0,0.0616329761723829,0.0040628350233572,-1,0.0,0.0040628350233572,sp|P01023|A2MG_HUMAN,A2M,869,17665200.0,218581000.0,,,-1.0,-1.0,-1,,0,0,0
MS_UNDEP_PL_LAC_bRPLC_NGP_05C.42123.42123.4.2.dta,MS_UNDEP_PL_LAC_bRPLC_NGP_05C.42123.42123.4.2.dta,MS_UNDEP_PL_LAC_bRPLC_NGP_05C,42123,7365.9504,4630.05111,1158.26823,4,1,SLGNVJFTVSAEALESQELCGTEVPSVPEHGR,"20,Carbamidomethyl[C];",3413.62779,5 2 0 0,H(5)N(2),(N(N(H(H(H))(H(H))))),1637,0 1 0 0;0 2 0 0;3 2 0 0;,1216.42286,6,13.11828,17.04137,5.83253,4,0.00046,0.09851,0.5,0.33871,0.0,0,0,12115.8,13396.9,41658.6,42571.4,0.0,0.0,0,0.0002423898775825,1.0284848372094504e-05,-1,0.0,1.0284848372094504e-05,sp|P01023|A2MG_HUMAN,A2M,869,15856700.0,198159000.0,,,-1.0,-1.0,-1,,0,0,0
MS_UNDEP_PL_LAC_bRPLC_NGP_05C.42319.42319.4.1.dta,MS_UNDEP_PL_LAC_bRPLC_NGP_05C.42319.42319.4.1.dta,MS_UNDEP_PL_LAC_bRPLC_NGP_05C,42319,7397.3262,4630.05003,1158.26797,4,1,SLGNVJFTVSAEALESQELCGTEVPSVPEHGR,"20,Carbamidomethyl[C];",3413.62779,5 2 0 0,H(5)N(2),(N(N(H(H)(H(H(H)))))),2249,0 1 0 0;0 2 0 0;1 2 0 0;3 2 0 0;,1216.42286,6,13.24953,17.09889,6.10071,4,-0.00062,-0.13389,0.5,0.33871,0.0,0,0,21079.1,20332.1,58343.2,46112.8,0.0,0.0,0,0.0001614749823472,7.885919616132634e-06,-1,0.0,7.885919616132634e-06,sp|P01023|A2MG_HUMAN,A2M,869,12501800.0,158240000.0,,,-1.0,-1.0,-1,,0,0,0
MS_UNDEP_PL_LAC_bRPLC_NGP_05C.42711.42711.4.1.dta,MS_UNDEP_PL_LAC_bRPLC_NGP_05C.42711.42711.4.1.dta,MS_UNDEP_PL_LAC_bRPLC_NGP_05C,42711,7460.139,4630.05357,1158.26885,4,1,SLGNVJFTVSAEALESQELCGTEVPSVPEHGR,"20,Carbamidomethyl[C];",3413.62779,5 2 0 0,H(5)N(2),(N(N(H(H(H))(H(H))))),1637,0 1 0 0;2 2 0 0;4 2 0 0;,1216.42286,6,22.68489,32.50456,4.44834,3,0.00292,0.62982,0.5,0.46774,0.0,0,0,26421.9,22582.9,69857.3,60973.5,0.0,0.0,0,0.0039331459433188,0.0001430784095041,-1,0.0,0.0001430784095041,sp|P01023|A2MG_HUMAN,A2M,869,17484700.0,214450000.0,,,-1.0,-1.0,-1,,0,0,0
MS_UNDEP_PL_LAC_bRPLC_NGP_05C.42899.42899.4.1.dta,MS_UNDEP_PL_LAC_bRPLC_NGP_05C.42899.42899.4.1.dta,MS_UNDEP_PL_LAC_bRPLC_NGP_05C,42899,7490.5728,4630.05337,1158.2688,4,1,SLGNVJFTVSAEALESQELCGTEVPSVPEHGR,"20,Carbamidomethyl[C];",3413.62779,5 2 0 0,H(5)N(2),(N(N(H(H(H))(H(H))))),1637,0 1 0 0;0 2 0 0;2 2 0 0;3 2 0 0;4 2 0 0;,1216.42286,6,19.32516,20.466,17.20647,5,0.00272,0.58662,0.75,0.37097,0.0,0,0,20307.4,17386.8,60197.8,51306.7,0.0,0.0,0,8.620824758829064e-12,2.32429458277403e-13,-1,0.0,2.32429458277403e-13,sp|P01023|A2MG_HUMAN,A2M,869,15465600.0,193119000.0,,,-1.0,-1.0,-1,,0,0,0
MS_UNDEP_PL_LAC_bRPLC_NGP_10C.5929.5929.3.0.dta,MS_UNDEP_PL_LAC_bRPLC_NGP_10C.5929.5929.3.0.dta,MS_UNDEP_PL_LAC_bRPLC_NGP_10C,5929,1526.88108,2796.09599,932.70352,3,1,EEQYJSTYR,,1189.51199,4 4 0 1,H(4)N(4)F(1),(N(F)(N(H(H(H))(H(N)(N))))),89,0 1 0 0;0 1 0 1;0 2 0 0;0 2 0 1;1 2 0 0;1 2 0 1;2 2 0 0;2 2 0 1;2 3 0 0;2 3 0 1;3 2 0 0;3 2 0 1;3 3 0 0;3 3 0 1;3 4 0 1;4 2 0 0;4 2 0 1;4 3 0 0;4 3 0 1;,1606.58669,5,51.77655,13.01883,123.75517,9,-0.00269,-0.96182,0.84,0.5625,0.0,0,0,0.0,397767.8,1012079.4,799006.3,0.0,0.0,0,6.901476226904284e-86,2.8323295204150174e-87,-1,0.0,2.8323295204150174e-87,sp|P01857|IGHG1_HUMAN,IGHG1,180,1254480000.0,5362000000.0,,,-1.0,-1.0,-1,,0,0,0
MS_UNDEP_PL_LAC_bRPLC_NGP_10C.5931.5931.3.0.dta,MS_UNDEP_PL_LAC_bRPLC_NGP_10C.5931.5931.3.0.dta,MS_UNDEP_PL_LAC_bRPLC_NGP_10C,5931,1527.189,2812.09049,938.03502,3,1,EEQYJSTYR,,1189.51199,5 4 0 0,H(5)N(4),(N(N(H(H(H))(H(N)(N(H)))))),1666,0 1 0 0;0 2 0 0;1 2 0 0;2 2 0 0;2 3 0 0;3 2 0 0;3 3 0 0;4 2 0 0;4 3 0 0;5 3 0 0;,1622.58161,5,29.04133,9.10284,66.06996,7,-0.0031,-1.1038,0.8,0.5625,0.0,0,0,0.0,614867.7,524245.8,788392.1,0.0,0.0,0,7.60309342076167e-45,1.0122524118623803e-46,-1,0.0,1.0122524118623803e-46,sp|P01857|IGHG1_HUMAN,IGHG1,180,4132190.0,103335000.0,,,-1.0,-1.0,-1,,0,0,0
MS_UNDEP_PL_LAC_bRPLC_NGP_10C.5932.5932.3.0.dta,MS_UNDEP_PL_LAC_bRPLC_NGP_10C.5932.5932.3.0.dta,MS_UNDEP_PL_LAC_bRPLC_NGP_10C,5932,1527.342,2650.03934,884.01797,3,1,EEQYJSTYR,,1189.51199,4 4 0 0,H(4)N(4),(N(N(H(H(N))(H(N(H)))))),2218,0 1 0 0;0 2 0 0;1 2 0 0;2 2 0 0;2 3 0 0;3 2 0 0;3 3 0 0;4 3 0 0;,1460.52878,5,29.99821,8.54648,69.83714,7,-0.00143,-0.53982,0.90909,0.5,0.0,0,0,0.0,362906.1,731678.2,676190.2,0.0,0.0,0,1.7441586756941475e-47,5.676954061351343e-49,-1,0.0,5.676954061351343e-49,sp|P01857|IGHG1_HUMAN,IGHG1,180,16492700.0,65821500.0,,,-1.0,-1.0,-1,,0,0,0
MS_UNDEP_PL_LAC_bRPLC_NGP_10C.5945.5945.2.0.dta,MS_UNDEP_PL_LAC_bRPLC_NGP_10C.5945.5945.2.0.dta,MS_UNDEP_PL_LAC_bRPLC_NGP_10C,5945,1529.45724,2650.03976,1325.52352,2,1,EEQYJSTYR,,1189.51199,4 4 0 0,H(4)N(4),(N(N(H(H(N))(H(N(H)))))),2218,0 1 0 0;0 2 0 0;1 2 0 0;2 2 0 0;2 3 0 0;3 2 0 0;3 3 0 0;3 4 0 0;4 3 0 0;,1460.52878,5,46.14065,17.46478,99.39584,7,-0.00101,-0.38171,1.0,0.6875,0.0,0,0,0.0,2057185.8,1572763.3,2663106.0,0.0,0.0,0,1.5221942104022672e-68,3.211167074588669e-70,-1,0.0,3.211167074588669e-70,sp|P01857|IGHG1_HUMAN,IGHG1,180,12222000.0,50682700.0,,,-1.0,-1.0,-1,,0,0,0
MS_UNDEP_PL_LAC_bRPLC_NGP_10C.5946.5946.2.0.dta,MS_UNDEP_PL_LAC_bRPLC_NGP_10C.5946.5946.2.0.dta,MS_UNDEP_PL_LAC_bRPLC_NGP_10C,5946,1529.61342,2796.09697,1398.55212,2,1,EEQYJSTYR,,1189.51199,4 4 0 1,H(4)N(4)F(1),(N(F)(N(H(H(N))(H(N(H)))))),670,0 1 0 0;0 1 0 1;0 2 0 0;0 2 0 1;1 2 0 0;1 2 0 1;2 2 0 0;2 2 0 1;2 3 0 0;2 3 0 1;3 2 0 0;3 2 0 1;3 3 0 0;3 3 0 1;3 4 0 0;3 4 0 1;4 3 0 0;4 3 0 1;4 4 0 0;,1606.58669,5,60.60205,9.73736,155.06505,9,-0.00171,-0.61312,1.0,0.5625,0.0,0,0,0.0,592057.0,716219.7,724510.8,0.0,0.0,0,5.458239284471935e-108,4.962036392278266e-109,-1,0.0,4.962036392278266e-109,sp|P01857|IGHG1_HUMAN,IGHG1,180,673835000.0,3598300000.0,,,-1.0,-1.0,-1,,0,0,0
MS_UNDEP_PL_LAC_bRPLC_NGP_10C.5950.5950.2.1.dta,MS_UNDEP_PL_LAC_bRPLC_NGP_10C.5950.5950.2.1.dta,MS_UNDEP_PL_LAC_bRPLC_NGP_10C,5950,1530.22674,2958.14974,1479.57851,2,1,EEQYJSTYR,,1189.51199,5 4 0 1,H(5)N(4)F(1),(N(F)(N(H(H(N))(H(N(H(H))))))),659,0 1 0 0;0 1 0 1;0 2 0 0;0 2 0 1;1 2 0 0;1 2 0 1;2 2 0 0;2 2 0 1;2 3 0 0;3 2 0 0;3 2 0 1;3 3 0 0;3 3 0 1;4 3 0 0;4 3 0 1;4 4 0 0;4 4 0 1;5 3 0 1;5 4 0 0;,1768.63952,5,58.87426,13.48679,143.16526,9,-0.00177,-0.5976,0.84,0.625,0.0,0,0,0.0,3533116.1,1587081.2,3610537.9,0.0,0.0,0,1.2914512960410411e-99,7.85817310844208e-101,-1,0.0,7.85817310844208e-101,sp|P01857|IGHG1_HUMAN,IGHG1,180,53985600.0,291750000.0,,,-1.0,-1.0,-1,,0,0,0
MS_UNDEP_PL_LAC_bRPLC_NGP_10C.5995.5995.2.0.dta,MS_UNDEP_PL_LAC_bRPLC_NGP_10C.5995.5995.2.0.dta,MS_UNDEP_PL_LAC_bRPLC_NGP_10C,5995,1537.73688,2430.96657,1215.98692,2,1,EEQYJSTYR,,1189.51199,3 3 0 1,H(3)N(3)F(1),(N(F)(N(H(H)(H(N))))),720,0 1 0 0;0 1 0 1;0 2 0 0;0 2 0 1;1 2 0 0;1 2 0 1;2 2 0 0;2 2 0 1;2 3 0 0;2 3 0 1;3 2 0 0;3 2 0 1;3 3 0 0;,1241.4545,5,40.93789,11.10774,96.33674,9,8e-05,0.03439,1.0,0.5625,0.0,0,0,0.0,190245.5,263322.3,326982.2,0.0,0.0,0,2.3363935784098413e-66,5.0347325970250074e-68,-1,0.0,5.0347325970250074e-68,sp|P01857|IGHG1_HUMAN,IGHG1,180,26676200.0,85806200.0,,,-1.0,-1.0,-1,,0,0,0
MS_UNDEP_PL_LAC_bRPLC_NGP_10C.6113.6113.3.0.dta,MS_UNDEP_PL_LAC_bRPLC_NGP_10C.6113.6113.3.0.dta,MS_UNDEP_PL_LAC_bRPLC_NGP_10C,6113,1557.37278,2796.09641,932.70366,3,1,EEQYJSTYR,,1189.51199,4 4 0 1,H(4)N(4)F(1),(N(F)(N(H(H(H))(H(N)(N))))),89,0 1 0 0;0 1 0 1;0 2 0 0;0 2 0 1;1 2 0 0;1 2 0 1;2 2 0 0;2 2 0 1;2 3 0 0;2 3 0 1;3 2 0 0;3 2 0 1;3 3 0 0;3 3 0 1;3 4 0 0;3 4 0 1;4 2 0 0;4 2 0 1;4 3 0 0;4 3 0 1;,1606.58669,5,74.76432,31.61077,154.90663,9,-0.00227,-0.81161,0.88,0.875,0.0,0,0,0.0,3412870.9,6285576.0,5750637.6,0.0,0.0,0,7.05214112875884e-108,1.4173639744544553e-108,-1,0.0,1.4173639744544553e-108,sp|P01857|IGHG1_HUMAN,IGHG1,180,1254480000.0,5362000000.0,,,-1.0,-1.0,-1,,0,0,0
MS_UNDEP_PL_LAC_bRPLC_NGP_10C.6114.6114.3.0.dta,MS_UNDEP_PL_LAC_bRPLC_NGP_10C.6114.6114.3.0.dta,MS_UNDEP_PL_LAC_bRPLC_NGP_10C,6114,1557.52692,2958.15026,986.7216,3,1,EEQYJSTYR,,1189.51199,5 4 0 1,H(5)N(4)F(1),(N(F)(N(H(H(N))(H(N(H(H))))))),659,0 1 0 0;0 1 0 1;0 2 0 0;0 2 0 1;1 2 0 0;1 2 0 1;2 2 0 0;2 2 0 1;2 3 0 0;2 3 0 1;3 2 0 0;3 2 0 1;3 3 0 0;3 3 0 1;4 3 0 0;4 3 0 1;5 3 0 1;,1768.63952,5,46.89209,14.25174,107.50988,9,-0.00125,-0.42215,0.76,0.625,0.0,0,0,0.0,1045789.5,688706.9,1200552.6,0.0,0.0,0,2.4655491236357527e-74,1.1218089869571864e-75,-1,0.0,1.1218089869571864e-75,sp|P01857|IGHG1_HUMAN,IGHG1,180,227244000.0,1039490000.0,,,-1.0,-1.0,-1,,0,0,0
MS_UNDEP_PL_LAC_bRPLC_NGP_10C.6128.6128.2.0.dta,MS_UNDEP_PL_LAC_bRPLC_NGP_10C.6128.6128.2.0.dta,MS_UNDEP_PL_LAC_bRPLC_NGP_10C,6128,1559.87148,2796.09787,1398.55257,2,1,EEQYJSTYR,,1189.51199,4 4 0 1,H(4)N(4)F(1),(N(F)(N(H(H(N))(H(N(H)))))),670,0 1 0 0;0 1 0 1;0 2 0 0;0 2 0 1;1 2 0 0;1 2 0 1;2 2 0 0;2 2 0 1;2 3 0 0;2 3 0 1;3 2 0 0;3 2 0 1;3 3 0 0;3 3 0 1;3 4 0 0;3 4 0 1;4 3 0 0;4 3 0 1;4 4 0 0;,1606.58669,5,84.66437,28.99798,188.0448,9,-0.00082,-0.29196,1.0,0.875,0.0,0,0,0.0,5802383.7,4813746.3,6819027.0,0.0,0.0,0,5.02110693389966e-131,2.5105535191492096e-131,-1,0.0,2.5105535191492096e-131,sp|P01857|IGHG1_HUMAN,IGHG1,180,673835000.0,3598300000.0,,,-1.0,-1.0,-1,,0,0,0
MS_UNDEP_PL_LAC_bRPLC_NGP_10C.6173.6173.2.0.dta,MS_UNDEP_PL_LAC_bRPLC_NGP_10C.6173.6173.2.0.dta,MS_UNDEP_PL_LAC_bRPLC_NGP_10C,6173,1567.68498,2634.04345,1317.52536,2,1,EEQYJSTYR,,1189.51199,3 4 0 1,H(3)N(4)F(1),(N(F)(N(H(H(N))(H(N))))),679,0 1 0 0;0 1 0 1;0 2 0 0;0 2 0 1;1 2 0 0;1 2 0 1;2 2 0 0;2 2 0 1;2 3 0 0;2 3 0 1;3 2 0 0;3 2 0 1;3 3 0 0;3 3 0 1;3 4 0 0;,1444.53387,5,84.37055,34.82629,176.38133,9,-0.00241,-0.91605,1.0,0.75,0.0,0,0,0.0,2357283.6,12113032.7,7043158.7,0.0,0.0,0,6.584172343210885e-123,1.1552066108923627e-123,-1,0.0,1.1552066108923627e-123,sp|P01857|IGHG1_HUMAN,IGHG1,180,1510550000.0,6979290000.0,,,-1.0,-1.0,-1,,0,0,0
MS_UNDEP_PL_LAC_bRPLC_NGP_10C.6181.6181.3.0.dta,MS_UNDEP_PL_LAC_bRPLC_NGP_10C.6181.6181.3.0.dta,MS_UNDEP_PL_LAC_bRPLC_NGP_10C,6181,1568.96364,2634.04406,878.6862,3,1,EEQYJSTYR,,1189.51199,3 4 0 1,H(3)N(4)F(1),(N(F)(N(H(H(N))(H(N))))),679,0 1 0 0;0 1 0 1;0 2 0 0;0 2 0 1;1 2 0 0;1 2 0 1;2 2 0 0;2 2 0 1;2 3 0 0;2 3 0 1;3 2 0 0;3 2 0 1;3 3 0 0;3 3 0 1;3 4 0 0;,1444.53387,5,82.11383,42.85918,155.01532,9,-0.0018,-0.68409,1.0,0.9375,0.0,0,0,0.0,1047362.4,11148514.9,6081698.7,0.0,0.0,0,5.915350507642985e-108,9.477992115957565e-109,-1,0.0,9.477992115957565e-109,sp|P01857|IGHG1_HUMAN,IGHG1,180,1466810000.0,5743840000.0,,,-1.0,-1.0,-1,,0,0,0
MS_UNDEP_PL_LAC_bRPLC_NGP_10C.6182.6182.2.0.dta,MS_UNDEP_PL_LAC_bRPLC_NGP_10C.6182.6182.2.0.dta,MS_UNDEP_PL_LAC_bRPLC_NGP_10C,6182,1569.1197,2430.96572,1215.9865,2,1,EEQYJSTYR,,1189.51199,3 3 0 1,H(3)N(3)F(1),(N(F)(N(H(H)(H(N))))),720,0 1 0 0;0 1 0 1;0 2 0 0;0 2 0 1;1 2 0 0;1 2 0 1;2 2 0 0;2 2 0 1;2 3 0 0;2 3 0 1;3 2 0 0;3 2 0 1;3 3 0 0;,1241.4545,5,54.02742,24.76356,108.37458,9,-0.00076,-0.31362,1.0,0.8125,0.0,0,0,0.0,189317.5,632109.8,539996.0,0.0,0.0,0,5.964531578457198e-75,2.7935607145447515e-76,-1,0.0,2.7935607145447515e-76,sp|P01857|IGHG1_HUMAN,IGHG1,180,21122700.0,68256200.0,,,-1.0,-1.0,-1,,0,0,0
MS_UNDEP_PL_LAC_bRPLC_NGP_10C.6296.6296.3.0.dta,MS_UNDEP_PL_LAC_bRPLC_NGP_10C.6296.6296.3.0.dta,MS_UNDEP_PL_LAC_bRPLC_NGP_10C,6296,1588.43706,2796.09654,932.7037,3,1,EEQYJSTYR,,1189.51199,4 4 0 1,H(4)N(4)F(1),(N(F)(N(H(H(N))(H(N(H)))))),670,0 1 0 0;0 1 0 1;0 2 0 0;0 2 0 1;1 2 0 0;1 2 0 1;2 2 0 0;2 2 0 1;2 3 0 0;2 3 0 1;3 2 0 0;3 2 0 1;3 3 0 0;3 3 0 1;3 4 0 0;3 4 0 1;4 3 0 0;4 3 0 1;4 4 0 0;,1606.58669,5,69.05723,23.26054,154.10822,9,-0.00215,-0.76763,1.0,0.6875,0.0,0,0,0.0,1754257.4,3276733.5,3144118.9,0.0,0.0,0,2.5655658490942537e-107,3.148670725632175e-108,-1,0.0,3.148670725632175e-108,sp|P01857|IGHG1_HUMAN,IGHG1,180,1254480000.0,5362000000.0,,,-1.0,-1.0,-1,,0,0,0
MS_UNDEP_PL_LAC_bRPLC_NGP_10C.6312.6312.2.0.dta,MS_UNDEP_PL_LAC_bRPLC_NGP_10C.6312.6312.2.0.dta,MS_UNDEP_PL_LAC_bRPLC_NGP_10C,6312,1591.11198,2796.09749,1398.55238,2,1,EEQYJSTYR,,1189.51199,4 4 0 1,H(4)N(4)F(1),(N(F)(N(H(H(N))(H(N(H)))))),670,0 1 0 0;0 1 0 1;0 2 0 0;0 2 0 1;1 2 0 0;1 2 0 1;2 2 0 0;2 2 0 1;2 3 0 0;2 3 0 1;3 2 0 0;3 2 0 1;3 3 0 0;3 3 0 1;3 4 0 0;3 4 0 1;4 3 0 0;4 3 0 1;4 4 0 0;,1606.58669,5,84.06157,29.93937,184.57423,9,-0.00119,-0.42572,1.0,0.8125,0.0,0,0,0.0,3555799.7,2817511.4,4047296.6,0.0,0.0,0,1.296968855834773e-128,4.339966542910238e-129,-1,0.0,4.339966542910238e-129,sp|P01857|IGHG1_HUMAN,IGHG1,180,673835000.0,3598300000.0,,,-1.0,-1.0,-1,,0,0,0
MS_UNDEP_PL_LAC_bRPLC_NGP_10C.6354.6354.2.0.dta,MS_UNDEP_PL_LAC_bRPLC_NGP_10C.6354.6354.2.0.dta,MS_UNDEP_PL_LAC_bRPLC_NGP_10C,6354,1598.0517,2634.04299,1317.52514,2,1,EEQYJSTYR,,1189.51199,3 4 0 1,H(3)N(4)F(1),(N(F)(N(H(H(N))(H(N))))),679,0 1 0 0;0 1 0 1;0 2 0 0;0 2 0 1;1 2 0 0;1 2 0 1;2 2 0 0;2 2 0 1;2 3 0 0;2 3 0 1;3 2 0 0;3 2 0 1;3 3 0 0;3 3 0 1;3 4 0 0;,1444.53387,5,82.55812,37.73954,165.79262,9,-0.00286,-1.08765,1.0,0.8125,0.0,0,0,0.0,1402222.1,7696325.7,4575778.7,0.0,0.0,0,1.6441069064367014e-115,2.0551345454236098e-116,-1,0.0,2.0551345454236098e-116,sp|P01857|IGHG1_HUMAN,IGHG1,180,1510550000.0,6979290000.0,,,-1.0,-1.0,-1,,0,0,0
MS_UNDEP_PL_LAC_bRPLC_NGP_10C.6371.6371.3.0.dta,MS_UNDEP_PL_LAC_bRPLC_NGP_10C.6371.6371.3.0.dta,MS_UNDEP_PL_LAC_bRPLC_NGP_10C,6371,1600.9059,2634.04381,878.68612,3,1,EEQYJSTYR,,1189.51199,3 4 0 1,H(3)N(4)F(1),(N(F)(N(H(H(N))(H(N))))),679,0 1 0 0;0 1 0 1;0 2 0 0;0 2 0 1;1 2 0 0;1 2 0 1;2 2 0 0;2 2 0 1;2 3 0 0;2 3 0 1;3 2 0 0;3 2 0 1;3 3 0 0;3 3 0 1;,1444.53387,5,57.60891,21.2572,125.11922,9,-0.00205,-0.77862,0.94118,0.6875,0.0,0,0,0.0,362228.2,4009578.4,2249075.3,0.0,0.0,0,7.438332015841019e-87,2.868513377754856e-88,-1,0.0,2.868513377754856e-88,sp|P01857|IGHG1_HUMAN,IGHG1,180,1466810000.0,5743840000.0,,,-1.0,-1.0,-1,,0,0,0
MS_UNDEP_PL_LAC_bRPLC_NGP_10C.6484.6484.3.0.dta,MS_UNDEP_PL_LAC_bRPLC_NGP_10C.6484.6484.3.0.dta,MS_UNDEP_PL_LAC_bRPLC_NGP_10C,6484,1619.7495,2796.09692,932.70383,3,1,EEQYJSTYR,,1189.51199,4 4 0 1,H(4)N(4)F(1),(N(F)(N(H(H(N))(H(N(H)))))),670,0 1 0 0;0 1 0 1;0 2 0 0;0 2 0 1;1 2 0 0;1 2 0 1;2 2 0 0;2 2 0 1;2 3 0 0;2 3 0 1;3 2 0 0;3 2 0 1;3 3 0 0;3 3 0 1;4 3 0 0;4 3 0 1;,1606.58669,5,60.3442,27.43417,121.46283,9,-0.00176,-0.62922,0.85714,0.875,0.0,0,0,0.0,758832.7,1310806.2,1225985.4,0.0,0.0,0,2.9223006764709183e-84,1.1689070642641632e-85,-1,0.0,1.1689070642641632e-85,sp|P01857|IGHG1_HUMAN,IGHG1,180,1254480000.0,5362000000.0,,,-1.0,-1.0,-1,,0,0,0
MS_UNDEP_PL_LAC_bRPLC_NGP_10C.6500.6500.2.0.dta,MS_UNDEP_PL_LAC_bRPLC_NGP_10C.6500.6500.2.0.dta,MS_UNDEP_PL_LAC_bRPLC_NGP_10C,6500,1622.3301,2796.09778,1398.55253,2,1,EEQYJSTYR,,1189.51199,4 4 0 1,H(4)N(4)F(1),(N(F)(N(H(H(N))(H(N(H)))))),670,0 1 0 0;0 1 0 1;0 2 0 0;0 2 0 1;1 2 0 0;1 2 0 1;2 2 0 0;2 2 0 1;2 3 0 0;2 3 0 1;3 2 0 0;3 2 0 1;3 3 0 0;3 3 0 1;3 4 0 0;3 4 0 1;4 3 0 0;4 3 0 1;4 4 0 0;,1606.58669,5,67.78322,15.26953,165.30866,9,-0.0009,-0.32272,1.0,0.625,0.0,0,0,0.0,1642902.6,1357644.9,1954319.9,0.0,0.0,0,3.5864019988860128e-115,7.470341569457023e-116,-1,0.0,7.470341569457023e-116,sp|P01857|IGHG1_HUMAN,IGHG1,180,673835000.0,3598300000.0,,,-1.0,-1.0,-1,,0,0,0
MS_UNDEP_PL_LAC_bRPLC_NGP_10C.6532.6532.3.0.dta,MS_UNDEP_PL_LAC_bRPLC_NGP_10C.6532.6532.3.0.dta,MS_UNDEP_PL_LAC_bRPLC_NGP_10C,6532,1627.61256,2999.1757,1000.39675,3,1,EEQYJSTYR,,1189.51199,4 5 0 1,H(4)N(5)F(1),(N(F)(N(H(N)(H(N))(H(N(H)))))),1333,0 1 0 0;0 1 0 1;0 2 0 0;0 2 0 1;1 2 0 0;1 2 0 1;1 3 0 0;1 3 0 1;2 2 0 0;2 2 0 1;2 3 0 0;2 3 0 1;2 4 0 0;2 4 0 1;3 2 0 1;3 3 0 0;3 3 0 1;3 4 0 0;3 4 0 1;4 3 0 0;4 3 0 1;4 4 0 0;4 4 0 1;,1809.66607,5,58.79209,14.39922,141.23598,8,-0.00235,-0.78384,0.86207,0.625,0.0,0,0,0.0,981968.0,1983833.3,1601047.6,0.0,0.0,0,2.9633404337543715e-98,1.623986667650139e-99,-1,0.0,1.623986667650139e-99,sp|P01857|IGHG1_HUMAN,IGHG1,180,179805000.0,852230000.0,,,-1.0,-1.0,-1,,0,0,0
MS_UNDEP_PL_LAC_bRPLC_NGP_10C.6534.6534.2.0.dta,MS_UNDEP_PL_LAC_bRPLC_NGP_10C.6534.6534.2.0.dta,MS_UNDEP_PL_LAC_bRPLC_NGP_10C,6534,1627.92564,2999.17671,1500.09199,2,1,EEQYJSTYR,,1189.51199,4 5 0 1,H(4)N(5)F(1),(N(F)(N(H(N)(H(N))(H(N(H)))))),1333,0 1 0 0;0 1 0 1;0 2 0 0;0 2 0 1;1 2 0 0;1 2 0 1;1 3 0 0;1 3 0 1;2 2 0 0;2 3 0 0;2 3 0 1;2 4 0 0;2 4 0 1;3 3 0 0;3 3 0 1;3 4 0 0;3 4 0 1;3 5 0 1;4 3 0 1;4 4 0 0;4 4 0 1;4 5 0 0;,1809.66607,5,54.58492,12.97222,131.86566,8,-0.00134,-0.44842,0.82759,0.625,0.0,0,0,0.0,1282035.7,1169378.2,1537855.8,0.0,0.0,0,1.2374596747795794e-91,5.728466497999192e-93,-1,0.0,5.728466497999192e-93,sp|P01857|IGHG1_HUMAN,IGHG1,180,27753500.0,186918000.0,,,-1.0,-1.0,-1,,0,0,0
MS_UNDEP_PL_LAC_bRPLC_NGP_10C.6549.6549.2.0.dta,MS_UNDEP_PL_LAC_bRPLC_NGP_10C.6549.6549.2.0.dta,MS_UNDEP_PL_LAC_bRPLC_NGP_10C,6549,1630.3587,2634.0434,1317.52534,2,1,EEQYJSTYR,,1189.51199,3 4 0 1,H(3)N(4)F(1),(N(F)(N(H(H(N))(H(N))))),679,0 1 0 0;0 1 0 1;0 2 0 0;0 2 0 1;1 2 0 0;1 2 0 1;2 2 0 0;2 2 0 1;2 3 0 0;2 3 0 1;3 2 0 0;3 2 0 1;3 3 0 0;3 3 0 1;3 4 0 0;,1444.53387,5,62.50943,18.29401,144.62379,9,-0.00246,-0.93428,1.0,0.6875,0.0,0,0,0.0,364268.8,1847953.8,1035023.3,0.0,0.0,0,1.2104631274069542e-100,7.236462557560774e-102,-1,0.0,7.236462557560774e-102,sp|P01857|IGHG1_HUMAN,IGHG1,180,1510550000.0,6979290000.0,,,-1.0,-1.0,-1,,0,0,0
MS_UNDEP_PL_LAC_bRPLC_NGP_10C.6564.6564.3.0.dta,MS_UNDEP_PL_LAC_bRPLC_NGP_10C.6564.6564.3.0.dta,MS_UNDEP_PL_LAC_bRPLC_NGP_10C,6564,1632.80502,2634.0442,878.68625,3,1,EEQYJSTYR,,1189.51199,3 4 0 1,H(3)N(4)F(1),(N(F)(N(H(H(N))(H(N))))),679,0 1 0 0;0 1 0 1;0 2 0 0;0 2 0 1;1 2 0 0;1 2 0 1;2 2 0 0;2 2 0 1;2 3 0 0;2 3 0 1;3 2 0 0;3 2 0 1;3 3 0 0;3 3 0 1;,1444.53387,5,49.52076,14.02878,115.43445,9,-0.00165,-0.62828,0.94118,0.625,0.0,0,0,0.0,100279.7,1074366.2,606228.9,0.0,0.0,0,5.6139348304649336e-80,1.816307087710295e-81,-1,0.0,1.816307087710295e-81,sp|P01857|IGHG1_HUMAN,IGHG1,180,1466810000.0,5743840000.0,,,-1.0,-1.0,-1,,0,0,0
MS_UNDEP_PL_LAC_bRPLC_NGP_10C.6638.6638.2.0.dta,MS_UNDEP_PL_LAC_bRPLC_NGP_10C.6638.6638.2.0.dta,MS_UNDEP_PL_LAC_bRPLC_NGP_10C,6638,1645.0371,2837.12235,1419.06481,2,1,EEQYJSTYR,,1189.51199,3 5 0 1,H(3)N(5)F(1),(N(F)(N(H(N)(H(N))(H(N))))),1341,0 1 0 0;0 1 0 1;0 2 0 0;0 2 0 1;1 2 0 0;1 2 0 1;1 3 0 0;1 3 0 1;2 2 0 0;2 2 0 1;2 3 0 0;2 3 0 1;2 4 0 0;2 4 0 1;3 2 0 0;3 2 0 1;3 3 0 0;3 3 0 1;3 4 0 0;3 4 0 1;3 5 0 0;,1647.61324,5,74.17719,15.43297,183.2736,9,-0.00288,-1.01633,1.0,0.625,0.0,0,0,0.0,327536.7,1912868.2,974486.8,0.0,0.0,0,1.0414402575656757e-127,2.9290981346324567e-128,-1,0.0,2.9290981346324567e-128,sp|P01857|IGHG1_HUMAN,IGHG1,180,44435500.0,230206000.0,,,-1.0,-1.0,-1,,0,0,0
MS_UNDEP_PL_LAC_bRPLC_NGP_10C.6679.6679.3.0.dta,MS_UNDEP_PL_LAC_bRPLC_NGP_10C.6679.6679.3.0.dta,MS_UNDEP_PL_LAC_bRPLC_NGP_10C,6679,1651.70784,2837.12357,946.37937,3,1,EEQYJSTYR,,1189.51199,3 5 0 1,H(3)N(5)F(1),(N(F)(N(H(N)(H(N))(H(N))))),1341,0 1 0 0;0 1 0 1;0 2 0 0;0 2 0 1;1 2 0 0;1 2 0 1;1 3 0 0;1 3 0 1;2 2 0 0;2 2 0 1;2 3 0 0;2 3 0 1;2 4 0 0;2 4 0 1;3 2 0 0;3 2 0 1;3 3 0 0;3 3 0 1;3 4 0 0;3 4 0 1;,1647.61324,5,69.10029,17.13851,165.60075,9,-0.00166,-0.58667,0.95652,0.625,0.0,0,0,0.0,215693.5,2590969.7,1320170.9,0.0,0.0,0,2.239831934232121e-115,4.3154884117455656e-116,-1,0.0,4.3154884117455656e-116,sp|P01857|IGHG1_HUMAN,IGHG1,180,135336000.0,591642000.0,,,-1.0,-1.0,-1,,0,0,0
MS_UNDEP_PL_LAC_bRPLC_NGP_10C.6680.6680.3.0.dta,MS_UNDEP_PL_LAC_bRPLC_NGP_10C.6680.6680.3.0.dta,MS_UNDEP_PL_LAC_bRPLC_NGP_10C,6680,1651.86198,2796.09776,932.7041,3,1,EEQYJSTYR,,1189.51199,4 4 0 1,H(4)N(4)F(1),(N(F)(N(H(H(N))(H(N(H)))))),670,0 1 0 0;0 1 0 1;0 2 0 0;0 2 0 1;1 2 0 0;1 2 0 1;2 2 0 0;2 2 0 1;2 3 0 0;2 3 0 1;3 2 0 0;3 2 0 1;3 3 0 0;3 3 0 1;4 3 0 0;4 3 0 1;,1606.58669,5,42.05869,8.91247,103.61596,9,-0.00092,-0.32987,0.85714,0.5625,0.0,0,0,0.0,323552.9,581229.2,527408.1,0.0,0.0,0,1.4765602085107872e-71,3.7909031097295054e-73,-1,0.0,3.7909031097295054e-73,sp|P01857|IGHG1_HUMAN,IGHG1,180,1256490000.0,5385410000.0,,,-1.0,-1.0,-1,,0,0,0
MS_UNDEP_PL_LAC_bRPLC_NGP_10C.6727.6727.3.0.dta,MS_UNDEP_PL_LAC_bRPLC_NGP_10C.6727.6727.3.0.dta,MS_UNDEP_PL_LAC_bRPLC_NGP_10C,6727,1659.58218,2999.17587,1000.39681,3,1,EEQYJSTYR,,1189.51199,4 5 0 1,H(4)N(5)F(1),(N(F)(N(H(N)(H(N))(H(N(H)))))),1333,0 1 0 0;0 1 0 1;0 2 0 0;0 2 0 1;1 2 0 0;1 2 0 1;1 3 0 0;1 3 0 1;2 2 0 0;2 2 0 1;2 3 0 0;2 3 0 1;2 4 0 0;2 4 0 1;3 2 0 0;3 2 0 1;3 3 0 0;3 3 0 1;3 4 0 0;3 4 0 1;4 3 0 0;4 3 0 1;4 4 0 0;4 4 0 1;,1809.66607,5,69.6271,12.9171,174.94567,9,-0.00219,-0.72883,0.89655,0.625,0.0,0,0,0.0,943167.7,2041990.2,1623055.9,0.0,0.0,0,6.605897902817995e-122,1.0427174099076303e-122,-1,0.0,1.0427174099076303e-122,sp|P01857|IGHG1_HUMAN,IGHG1,180,179805000.0,852230000.0,,,-1.0,-1.0,-1,,0,0,0
MS_UNDEP_PL_LAC_bRPLC_NGP_10C.6728.6728.2.0.dta,MS_UNDEP_PL_LAC_bRPLC_NGP_10C.6728.6728.2.0.dta,MS_UNDEP_PL_LAC_bRPLC_NGP_10C,6728,1659.73926,2999.17677,1500.09202,2,1,EEQYJSTYR,,1189.51199,4 5 0 1,H(4)N(5)F(1),(N(F)(N(H(N)(H(N))(H(N(H)))))),1333,0 1 0 0;0 1 0 1;0 2 0 0;0 2 0 1;1 2 0 0;1 2 0 1;1 3 0 0;1 3 0 1;2 2 0 0;2 3 0 0;2 3 0 1;2 4 0 0;2 4 0 1;3 3 0 0;3 3 0 1;3 4 0 0;3 4 0 1;3 5 0 1;4 3 0 1;4 4 0 0;4 4 0 1;4 5 0 0;,1809.66607,5,52.56684,10.13644,131.36616,8,-0.00129,-0.42908,0.82759,0.5625,0.0,0,0,0.0,1045686.3,973223.5,1252595.9,0.0,0.0,0,2.792629892419528e-91,1.7621271834692828e-92,-1,0.0,1.7621271834692828e-92,sp|P01857|IGHG1_HUMAN,IGHG1,180,27753500.0,186918000.0,,,-1.0,-1.0,-1,,0,0,0
MS_UNDEP_PL_LAC_bRPLC_NGP_10C.6743.6743.2.0.dta,MS_UNDEP_PL_LAC_bRPLC_NGP_10C.6743.6743.2.0.dta,MS_UNDEP_PL_LAC_bRPLC_NGP_10C,6743,1662.18186,2634.04453,1317.5259,2,1,EEQYJSTYR,,1189.51199,3 4 0 1,H(3)N(4)F(1),(N(F)(N(H(H(N))(H(N))))),679,0 1 0 0;0 1 0 1;0 2 0 0;0 2 0 1;1 2 0 0;1 2 0 1;2 2 0 0;2 2 0 1;2 3 0 0;2 3 0 1;3 2 0 0;3 2 0 1;3 3 0 0;3 3 0 1;3 4 0 0;,1444.53387,5,53.49989,12.91833,128.86566,9,-0.00133,-0.50528,1.0,0.625,0.0,0,0,0.0,143238.3,757166.2,566434.6,0.0,0.0,0,1.645820354114801e-89,7.9211065286429e-91,-1,0.0,7.9211065286429e-91,sp|P01857|IGHG1_HUMAN,IGHG1,180,1533800000.0,7116880000.0,,,-1.0,-1.0,-1,,0,0,0
MS_UNDEP_PL_LAC_bRPLC_NGP_10C.6744.6744.3.2.dta,MS_UNDEP_PL_LAC_bRPLC_NGP_10C.6744.6744.3.2.dta,MS_UNDEP_PL_LAC_bRPLC_NGP_10C,6744,1662.33594,2853.11882,951.71113,3,1,EEQYJSTYR,,1189.51199,4 5 0 0,H(4)N(5),(N(N(H(N)(H(N))(H(N(H)))))),2911,0 1 0 0;0 2 0 0;1 2 0 0;1 3 0 0;2 3 0 0;2 4 0 0;3 3 0 0;3 4 0 0;,1663.60816,5,14.86046,8.87213,25.98166,5,-0.00132,-0.46373,0.66667,0.5625,0.0,0,0,0.0,228909.0,650127.3,457080.1,0.0,0.0,0,9.801843661671875e-17,2.5109154020043773e-18,-1,0.0,2.5109154020043773e-18,sp|P01857|IGHG1_HUMAN,IGHG1,180,46815900.0,214637000.0,,,-1.0,-1.0,-1,,0,0,0
MS_UNDEP_PL_LAC_bRPLC_NGP_10C.6872.6872.3.0.dta,MS_UNDEP_PL_LAC_bRPLC_NGP_10C.6872.6872.3.0.dta,MS_UNDEP_PL_LAC_bRPLC_NGP_10C,6872,1683.34356,2837.12398,946.37951,3,1,EEQYJSTYR,,1189.51199,3 5 0 1,H(3)N(5)F(1),(N(F)(N(H(N)(H(N))(H(N))))),1341,0 1 0 0;0 1 0 1;0 2 0 0;0 2 0 1;1 2 0 0;1 2 0 1;1 3 0 0;1 3 0 1;2 2 0 0;2 2 0 1;2 3 0 0;2 3 0 1;2 4 0 0;2 4 0 1;3 2 0 0;3 2 0 1;3 3 0 0;3 3 0 1;3 4 0 0;3 4 0 1;,1647.61324,5,55.69931,8.63649,143.10169,9,-0.00125,-0.4418,0.95652,0.5,0.0,0,0,0.0,91254.5,1165008.3,600854.9,0.0,0.0,0,1.4318578559394928e-99,1.4980679028731932e-100,-1,0.0,1.4980679028731932e-100,sp|P01857|IGHG1_HUMAN,IGHG1,180,135336000.0,591642000.0,,,-1.0,-1.0,-1,,0,0,0
MS_UNDEP_PL_LAC_bRPLC_NGP_10C.6936.6936.2.0.dta,MS_UNDEP_PL_LAC_bRPLC_NGP_10C.6936.6936.2.0.dta,MS_UNDEP_PL_LAC_bRPLC_NGP_10C,6936,1693.79538,2634.04496,1317.52612,2,1,EEQYJSTYR,,1189.51199,3 4 0 1,H(3)N(4)F(1),(N(F)(N(H(H(N))(H(N))))),679,0 1 0 0;0 1 0 1;0 2 0 0;0 2 0 1;1 2 0 0;1 2 0 1;2 2 0 0;2 2 0 1;2 3 0 0;2 3 0 1;3 2 0 0;3 2 0 1;3 3 0 0;3 3 0 1;3 4 0 0;,1444.53387,5,41.35245,8.75041,101.89909,9,-0.0009,-0.34279,1.0,0.5,0.0,0,0,0.0,65409.0,435251.3,322007.9,0.0,0.0,0,2.481607430193609e-70,1.068284503045433e-71,-1,0.0,1.068284503045433e-71,sp|P01857|IGHG1_HUMAN,IGHG1,180,821606000.0,3891860000.0,,,-1.0,-1.0,-1,,0,0,0
MS_UNDEP_PL_LAC_bRPLC_NGP_10C.8370.8370.3.0.dta,MS_UNDEP_PL_LAC_bRPLC_NGP_10C.8370.8370.3.0.dta,MS_UNDEP_PL_LAC_bRPLC_NGP_10C,8370,1939.63626,3249.24358,1083.75271,3,1,EEQYJSTYR,,1189.51199,5 4 1 1,H(5)N(4)A(1)F(1),(N(F)(N(H(H(N(H)))(H(N(H(A))))))),490,0 1 0 0;0 1 0 1;0 2 0 0;0 2 0 1;1 2 0 0;1 2 0 1;2 2 0 0;2 2 0 1;2 3 0 0;2 3 0 1;3 2 0 0;3 2 0 1;3 3 0 0;3 3 0 1;3 3 1 0;3 3 1 1;4 3 0 0;4 3 0 1;4 3 1 0;4 3 1 1;4 4 0 0;4 4 0 1;5 4 0 0;5 4 0 1;,2059.73493,5,74.98565,19.4007,178.21483,9,-0.00334,-1.02926,0.83871,0.6875,0.0,0,0,0.0,3501620.7,2551715.0,3560732.5,491878.6,1355112.8,0,3.4695015821790623e-124,6.94134644286583e-125,-1,0.0,6.94134644286583e-125,sp|P01857|IGHG1_HUMAN,IGHG1,180,220088000.0,1158790000.0,,,-1.0,-1.0,-1,,0,0,0
MS_UNDEP_PL_LAC_bRPLC_NGP_10C.8544.8544.3.0.dta,MS_UNDEP_PL_LAC_bRPLC_NGP_10C.8544.8544.3.0.dta,MS_UNDEP_PL_LAC_bRPLC_NGP_10C,8544,1968.28008,3087.19094,1029.73516,3,1,EEQYJSTYR,,1189.51199,4 4 1 1,H(4)N(4)A(1)F(1),(N(F)(N(H(H(N))(H(N(H(A))))))),657,0 1 0 0;0 1 0 1;0 2 0 0;0 2 0 1;1 2 0 0;1 2 0 1;2 2 0 0;2 2 0 1;2 3 0 0;2 3 0 1;3 2 0 0;3 2 0 1;3 3 0 0;3 3 0 1;3 3 1 0;3 3 1 1;3 4 0 0;3 4 0 1;4 3 0 0;4 3 0 1;4 3 1 0;4 3 1 1;4 4 0 0;4 4 0 1;,1897.68211,5,85.25186,23.93535,199.12539,9,-0.00316,-1.02419,0.96296,0.75,0.0,0,0,0.0,1601282.1,2819080.6,2300414.2,419873.0,1180870.1,0,1.0439875946655754e-138,1.0439875946655754e-138,-1,0.0,1.0439875946655754e-138,sp|P01857|IGHG1_HUMAN,IGHG1,180,181416000.0,891179000.0,,,-1.0,-1.0,-1,,0,0,0
MS_UNDEP_PL_LAC_bRPLC_NGP_10C.8619.8619.2.0.dta,MS_UNDEP_PL_LAC_bRPLC_NGP_10C.8619.8619.2.0.dta,MS_UNDEP_PL_LAC_bRPLC_NGP_10C,8619,1980.64812,3087.19207,1544.09967,2,1,EEQYJSTYR,,1189.51199,4 4 1 1,H(4)N(4)A(1)F(1),(N(F)(N(H(H(N))(H(N(H(A))))))),657,0 1 0 0;0 1 0 1;0 2 0 0;0 2 0 1;1 2 0 0;1 2 0 1;2 2 0 0;2 2 0 1;2 3 0 0;2 3 0 1;3 2 0 0;3 2 0 1;3 3 0 0;3 3 0 1;3 3 1 1;3 4 0 1;4 3 0 0;4 3 0 1;4 3 1 0;4 3 1 1;4 4 0 0;4 4 0 1;4 4 1 0;,1897.68211,5,62.01926,13.23511,152.6184,9,-0.00203,-0.65655,0.92593,0.625,0.0,0,0,0.0,1366105.6,1594447.4,1465826.2,225743.0,391095.6,0,2.858483790736555e-106,2.1995317948833728e-107,-1,0.0,2.1995317948833728e-107,sp|P01857|IGHG1_HUMAN,IGHG1,180,34076100.0,251248000.0,,,-1.0,-1.0,-1,,0,0,0
MS_UNDEP_PL_LAC_bRPLC_NGP_10C.11751.11751.3.0.dta,MS_UNDEP_PL_LAC_bRPLC_NGP_10C.11751.11751.3.0.dta,MS_UNDEP_PL_LAC_bRPLC_NGP_10C,11751,2499.225,2764.10767,922.04074,3,1,EEQFJSTFR,,1157.52218,4 4 0 1,H(4)N(4)F(1),(N(F)(N(H(H(N))(H(N(H)))))),670,0 1 0 0;0 1 0 1;0 2 0 0;0 2 0 1;1 2 0 0;1 2 0 1;2 2 0 0;2 2 0 1;2 3 0 0;2 3 0 1;3 2 0 0;3 2 0 1;3 3 0 0;3 3 0 1;4 3 0 0;4 3 0 1;,1606.58669,5,42.51217,8.82363,105.07659,9,-0.0012,-0.43282,0.85714,0.5625,0.0,0,0,0.0,250528.2,485980.5,479459.0,0.0,0.0,0,1.340012671141932e-72,5.2124134288065904e-74,-1,0.0,5.2124134288065904e-74,sp|P01859|IGHG2_HUMAN,IGHG2,176,28783000.0,122554000.0,,,-1.0,-1.0,-1,,0,0,0
MS_UNDEP_PL_LAC_bRPLC_NGP_10C.13705.13705.3.0.dta,MS_UNDEP_PL_LAC_bRPLC_NGP_10C.13705.13705.3.0.dta,MS_UNDEP_PL_LAC_bRPLC_NGP_10C,13705,2818.0473,3767.53874,1256.51776,3,1,FSDGLESJSSTQFEVKK,,1902.90796,9 2 0 0,H(9)N(2),(N(N(H(H(H)(H(H)))(H(H)(H(H)))))),1535,0 1 0 0;0 2 0 0;1 2 0 0;2 2 0 0;3 2 0 0;4 2 0 0;5 2 0 0;6 2 0 0;7 2 0 0;8 2 0 0;,1864.63416,8,91.96317,75.37099,122.77723,7,-0.00338,-0.89651,1.0,0.9375,0.0,0,0,796928.4,148142.4,523801.6,631223.0,0.0,0.0,0,3.410412321518036e-85,2.6393610618529158e-86,-1,0.0,2.6393610618529158e-86,sp|P0C0L4|CO4A_HUMAN;sp|P0C0L5|CO4B_HUMAN,C4A;C4B,226;226,107016000.0,761055000.0,,,-1.0,-1.0,-1,,0,0,0
MS_UNDEP_PL_LAC_bRPLC_NGP_10C.16162.16162.4.1.dta,MS_UNDEP_PL_LAC_bRPLC_NGP_10C.16162.16162.4.1.dta,MS_UNDEP_PL_LAC_bRPLC_NGP_10C,16162,3218.64954,3691.63994,923.66544,4,1,QRJASRENLNLPEPQPATGQPR,"15,Deamidated[Q];20,Deamidated[Q];",2475.23349,5 2 0 0,H(5)N(2),(N(N(H(H(H))(H(H))))),1637,0 2 0 0;1 2 0 0;2 2 0 0;3 2 0 0;,1216.42286,3,8.55824,9.15549,7.44907,4,-0.01641,-4.44461,0.5,0.2619,0.0,0,0,364105.1,84932.5,245333.5,247275.3,0.0,0.0,0,0.0001465278364545,4.301297121555886e-06,-1,0.0,4.301297121555886e-06,sp|Q9NPG4|PCD12_HUMAN,PCDH12,857,45316800.0,329100000.0,,,-1.0,-1.0,-1,,0,0,0
MS_UNDEP_PL_LAC_bRPLC_NGP_10C.17255.17255.2.0.dta,MS_UNDEP_PL_LAC_bRPLC_NGP_10C.17255.17255.2.0.dta,MS_UNDEP_PL_LAC_bRPLC_NGP_10C,17255,3397.77738,3639.45061,1820.22894,2,1,FSDGLESJSSTQFEVK,,1774.813,9 2 0 0,H(9)N(2),(N(N(H(H(H)(H))(H(H(H(H(H)))))))),1540,0 1 0 0;0 2 0 0;1 2 0 0;2 2 0 0;3 2 0 0;4 2 0 0;5 2 0 0;6 2 0 0;7 2 0 0;8 2 0 0;,1864.63416,8,32.79915,25.84439,45.71512,6,0.00345,0.94887,0.91667,0.66667,0.0,0,0,131077.7,79205.1,373258.5,310562.8,0.0,0.0,0,1.0710325887730777e-30,2.2497480966637038e-32,-1,0.0,2.2497480966637038e-32,sp|P0C0L4|CO4A_HUMAN;sp|P0C0L5|CO4B_HUMAN,C4A;C4B,226;226,4677290.0,59229700.0,,,-1.0,-1.0,-1,,0,0,0
MS_UNDEP_PL_LAC_bRPLC_NGP_10C.17283.17283.3.0.dta,MS_UNDEP_PL_LAC_bRPLC_NGP_10C.17283.17283.3.0.dta,MS_UNDEP_PL_LAC_bRPLC_NGP_10C,17283,3402.42876,3639.4463,1213.82028,3,1,FSDGLESJSSTQFEVK,,1774.813,9 2 0 0,H(9)N(2),(N(N(H(H)(H(H)(H(H(H(H(H))))))))),2251,0 1 0 0;0 2 0 0;1 2 0 0;2 2 0 0;3 2 0 0;4 2 0 0;5 2 0 0;6 2 0 0;7 2 0 0;,1864.63416,8,109.87006,112.32296,105.31466,7,-0.00085,-0.23483,0.91667,1.2,0.0,0,0,1001612.7,260080.4,783359.6,597005.1,0.0,0.0,0,9.063332600807656e-73,2.2173238082162037e-74,-1,0.0,2.2173238082162037e-74,sp|P0C0L4|CO4A_HUMAN;sp|P0C0L5|CO4B_HUMAN,C4A;C4B,226;226,85283600.0,562750000.0,,,-1.0,-1.0,-1,,0,0,0
MS_UNDEP_PL_LAC_bRPLC_NGP_10C.17443.17443.2.0.dta,MS_UNDEP_PL_LAC_bRPLC_NGP_10C.17443.17443.2.0.dta,MS_UNDEP_PL_LAC_bRPLC_NGP_10C,17443,3428.5236,3639.4497,1820.22849,2,1,FSDGLESJSSTQFEVK,,1774.813,9 2 0 0,H(9)N(2),(N(N(H(H(H(H(H))))(H(H(H(H))))))),1436,0 1 0 0;0 2 0 0;1 2 0 0;4 2 0 0;7 2 0 0;8 2 0 0;,1864.63416,8,12.45575,12.00743,13.28835,4,0.00254,0.69828,0.58333,0.43333,0.0,0,0,102276.5,61787.7,223972.1,178308.6,0.0,0.0,0,2.3945367409206026e-08,5.9008846614022e-10,-1,0.0,5.9008846614022e-10,sp|P0C0L4|CO4A_HUMAN;sp|P0C0L5|CO4B_HUMAN,C4A;C4B,226;226,4677290.0,59229700.0,,,-1.0,-1.0,-1,,0,0,0
MS_UNDEP_PL_LAC_bRPLC_NGP_10C.17478.17478.3.0.dta,MS_UNDEP_PL_LAC_bRPLC_NGP_10C.17478.17478.3.0.dta,MS_UNDEP_PL_LAC_bRPLC_NGP_10C,17478,3434.10228,3639.44648,1213.82035,3,1,FSDGLESJSSTQFEVK,,1774.813,9 2 0 0,H(9)N(2),(N(N(H(H(H)(H))(H(H)(H(H(H))))))),1548,0 1 0 0;0 2 0 0;1 2 0 0;2 2 0 0;3 2 0 0;4 2 0 0;5 2 0 0;6 2 0 0;7 2 0 0;,1864.63416,8,67.49334,53.28872,93.87334,7,-0.00067,-0.18454,0.91667,0.86667,0.0,0,0,341253.8,92135.6,257722.0,199241.3,0.0,0.0,0,1.348402235172431e-64,2.64167548674086e-66,-1,0.0,2.64167548674086e-66,sp|P0C0L4|CO4A_HUMAN;sp|P0C0L5|CO4B_HUMAN,C4A;C4B,226;226,85283600.0,562750000.0,,,-1.0,-1.0,-1,,0,0,0
MS_UNDEP_PL_LAC_bRPLC_NGP_10C.17479.17479.3.0.dta,MS_UNDEP_PL_LAC_bRPLC_NGP_10C.17479.17479.3.0.dta,MS_UNDEP_PL_LAC_bRPLC_NGP_10C,17479,3434.25738,3477.39421,1159.80292,3,1,FSDGLESJSSTQFEVK,,1774.813,8 2 0 0,H(8)N(2),(N(N(H(H(H(H)))(H(H)(H)(H))))),1496,0 1 0 0;0 2 0 0;1 2 0 0;2 2 0 0;3 2 0 0;4 2 0 0;5 2 0 0;,1702.58133,8,32.08386,27.4846,40.62533,6,-0.00012,-0.0337,0.72727,0.66667,0.0,0,0,216187.4,60452.7,166053.0,139770.3,0.0,0.0,0,3.940873319352511e-27,5.870165684258674e-29,-1,0.0,5.870165684258674e-29,sp|P0C0L4|CO4A_HUMAN;sp|P0C0L5|CO4B_HUMAN,C4A;C4B,226;226,21904000.0,133277000.0,,,-1.0,-1.0,-1,,0,0,0
MS_UNDEP_PL_LAC_bRPLC_NGP_10C.17677.17677.3.1.dta,MS_UNDEP_PL_LAC_bRPLC_NGP_10C.17677.17677.3.1.dta,MS_UNDEP_PL_LAC_bRPLC_NGP_10C,17677,3466.54506,3639.44719,1213.82058,3,1,FSDGLESJSSTQFEVK,,1774.813,9 2 0 0,H(9)N(2),(N(N(H(H(H)(H(H)))(H(H)(H(H)))))),1535,0 1 0 0;0 2 0 0;1 2 0 0;2 2 0 0;3 2 0 0;4 2 0 0;5 2 0 0;6 2 0 0;7 2 0 0;,1864.63416,8,52.87127,38.27694,79.97502,7,4e-05,0.00999,0.91667,0.76667,0.0,0,0,199846.5,56976.1,156266.6,127943.5,0.0,0.0,0,1.1535907400247972e-54,2.6338857243708807e-56,-1,0.0,2.6338857243708807e-56,sp|P0C0L4|CO4A_HUMAN;sp|P0C0L5|CO4B_HUMAN,C4A;C4B,226;226,85283600.0,562750000.0,,,-1.0,-1.0,-1,,0,0,0
MS_UNDEP_PL_LAC_bRPLC_NGP_10C.22965.22965.3.0.dta,MS_UNDEP_PL_LAC_bRPLC_NGP_10C.22965.22965.3.0.dta,MS_UNDEP_PL_LAC_bRPLC_NGP_10C,22965,4338.042,2460.0177,820.67742,3,1,JGSLFAFR,,911.47338,4 3 1 0,H(4)N(3)A(1),(N(N(H(H)(H(N(H(A))))))),2270,0 1 0 0;0 2 0 0;1 2 0 0;2 2 0 0;3 2 0 0;3 3 0 0;4 3 0 0;,1548.54483,1,24.9814,10.19077,52.44972,7,-0.0005,-0.20428,0.81818,0.71429,0.0,0,0,0.0,119628.6,165280.7,150964.3,28257.9,82861.7,0,2.199478932849532e-35,3.65695431809513e-37,-1,0.0,3.65695431809513e-37,sp|P04004|VTNC_HUMAN,VTN,169,20526900.0,76512100.0,,,-1.0,-1.0,-1,,0,0,0
MS_UNDEP_PL_LAC_bRPLC_NGP_10C.25176.25176.4.1.dta,MS_UNDEP_PL_LAC_bRPLC_NGP_10C.25176.25176.4.1.dta,MS_UNDEP_PL_LAC_bRPLC_NGP_10C,25176,4710.69522,5329.31076,1333.08315,4,1,RNPPMGGJVVIFDTVITNQEEPYQJHSGR,,3269.57563,5 4 1 1,H(5)N(4)A(1)F(1),(N(F)(N(H(H(N(H)))(H(N(H(A))))))),490,0 1 0 0;0 1 0 1;0 2 0 0;1 2 0 0;1 2 0 1;2 2 0 0;2 2 0 1;2 3 0 1;3 2 0 0;3 2 0 1;3 3 0 0;3 3 0 1;3 3 1 1;4 3 0 0;4 3 0 1;4 3 1 1;,2059.73493,25,29.16939,18.7548,48.51078,7,0.0002,0.03766,0.54839,0.26786,0.0,0,0,0.0,732363.5,526999.2,872530.2,89922.2,196581.8,0,1.2033429424454084e-32,1.6670933369945816e-34,-1,0.0,1.6670933369945816e-34,sp|P02745|C1QA_HUMAN,C1QA,146,24156400.0,405515000.0,,,-1.0,-1.0,-1,,0,0,0
MS_UNDEP_PL_LAC_bRPLC_NGP_10C.30056.30056.3.0.dta,MS_UNDEP_PL_LAC_bRPLC_NGP_10C.30056.30056.3.0.dta,MS_UNDEP_PL_LAC_bRPLC_NGP_10C,30056,5548.27218,4331.76718,1444.59391,3,1,EJLTAPGSDSAVFFEQGTTR,,2126.9989,5 4 2 0,H(5)N(4)A(2),(N(N(H(H(N(H(A))))(H(N(H(A))))))),1791,0 1 0 0;0 2 0 0;1 2 0 0;2 2 0 0;2 3 0 0;3 2 0 0;3 3 0 0;3 3 1 0;4 3 0 0;4 3 1 0;4 4 0 0;5 4 0 0;5 4 1 0;,2204.77244,2,70.35522,76.76477,58.45176,6,-0.00416,-0.96059,0.82353,0.89474,0.0,0,0,0.0,1482855.9,1521843.4,1620356.4,300369.6,644219.8,0,1.5125006869995726e-39,2.544986960162315e-41,-1,0.0,2.544986960162315e-41,sp|P00450|CERU_HUMAN,CP,397,49728500.0,470355000.0,,,-1.0,-1.0,-1,,0,0,0
MS_UNDEP_PL_LAC_bRPLC_NGP_10C.30064.30064.4.1.dta,MS_UNDEP_PL_LAC_bRPLC_NGP_10C.30064.30064.4.1.dta,MS_UNDEP_PL_LAC_bRPLC_NGP_10C,30064,5549.7138,4331.7709,1083.69818,4,1,EJLTAPGSDSAVFFEQGTTR,,2126.9989,5 4 2 0,H(5)N(4)A(2),(N(N(H(H(N(H(A))))(H(N(H(A))))))),1791,0 1 0 0;1 2 0 0;2 2 0 0;3 2 0 0;3 3 0 0;4 3 0 0;,2204.77244,2,22.2027,29.95449,7.80653,4,-0.00045,-0.10274,0.35294,0.60526,0.0,0,0,0.0,199565.0,199729.8,196067.7,45850.6,95707.2,0,8.206241038455634e-05,1.8363243136964e-06,-1,0.0,1.8363243136964e-06,sp|P00450|CERU_HUMAN,CP,397,15028300.0,141954000.0,,,-1.0,-1.0,-1,,0,0,0
MS_UNDEP_PL_LAC_bRPLC_NGP_10C.32012.32012.3.0.dta,MS_UNDEP_PL_LAC_bRPLC_NGP_10C.32012.32012.3.0.dta,MS_UNDEP_PL_LAC_bRPLC_NGP_10C,32012,5914.60548,4086.70995,1362.90817,3,1,ALPQPQJVTSLLGCTH,"14,Carbamidomethyl[C];",1735.87958,5 4 2 1,H(5)N(4)A(2)F(1),(N(F)(N(H(H(N(H(A))))(H(N(H(A))))))),226,0 1 0 0;0 1 0 1;0 2 0 0;1 2 0 0;3 3 0 0;3 3 0 1;3 3 1 1;4 3 0 0;4 3 0 1;4 3 1 0;4 3 1 1;,2350.83035,7,17.4427,18.02742,16.35677,5,1e-05,0.00346,0.36364,0.53333,0.0,0,0,0.0,354834.0,336046.1,418316.9,89946.2,188773.9,0,3.699845825805153e-10,3.2548418177698814e-12,-1,0.0,3.2548418177698814e-12,sp|P02790|HEMO_HUMAN,HPX,453,43468400.0,371171000.0,,,-1.0,-1.0,-1,,0,0,0
MS_UNDEP_PL_LAC_bRPLC_NGP_10C.33690.33690.4.1.dta,MS_UNDEP_PL_LAC_bRPLC_NGP_10C.33690.33690.4.1.dta,MS_UNDEP_PL_LAC_bRPLC_NGP_10C,33690,6222.8292,5261.19437,1316.05405,4,1,FJLTETSEAEIHQSFQHLLR,,2400.19425,6 5 3 0,H(6)N(5)A(3),(N(N(H(H(N(H(A))))(H(N(H(A)))(N(H(A))))))),1790,0 1 0 0;0 2 0 0;1 2 0 0;2 2 0 0;2 3 0 0;3 2 0 0;3 3 0 0;3 3 1 0;4 3 0 0;4 3 1 0;4 4 0 0;4 4 1 0;4 4 2 0;5 4 0 0;5 4 1 0;5 4 2 0;5 5 0 0;5 5 1 0;6 5 0 0;6 5 1 0;6 5 2 0;,2861.00005,2,56.72557,28.83706,108.51852,7,7e-05,0.01321,0.76667,0.63158,0.0,0,0,0.0,529048.1,547743.6,696193.7,174150.3,416876.7,0,4.709709701127027e-75,1.3358234050568738e-76,-1,0.0,1.3358234050568738e-76,sp|P01011|AACT_HUMAN,SERPINA3,106,43211200.0,658182000.0,,,-1.0,-1.0,-1,,0,0,0
MS_UNDEP_PL_LAC_bRPLC_NGP_09A.7062.7062.3.0.dta,MS_UNDEP_PL_LAC_bRPLC_NGP_09A.7062.7062.3.0.dta,MS_UNDEP_PL_LAC_bRPLC_NGP_09A,7062,1699.12728,2797.08131,933.03195,3,1,EEQYJSTYR,"3,Deamidated[Q];",1190.49601,4 4 0 1,H(4)N(4)F(1),(N(F)(N(H(H(N))(H(N(H)))))),670,0 1 0 0;0 1 0 1;0 2 0 0;0 2 0 1;1 2 0 0;1 2 0 1;2 2 0 0;2 2 0 1;2 3 0 0;2 3 0 1;3 2 0 0;3 2 0 1;3 3 0 0;3 3 0 1;4 3 0 0;4 3 0 1;,1606.58669,5,48.99408,10.70999,120.0931,9,-0.00139,-0.49636,0.85714,0.5,0.0,0,0,0.0,578107.9,1060836.7,953382.8,0.0,0.0,0,0.0,0.0,-1,0.0,0.0,sp|P01857|IGHG1_HUMAN,IGHG1,180,52603200.0,223508000.0,,,-1.0,-1.0,-1,,0,0,0
MS_UNDEP_PL_LAC_bRPLC_NGP_09A.7128.7128.3.0.dta,MS_UNDEP_PL_LAC_bRPLC_NGP_09A.7128.7128.3.0.dta,MS_UNDEP_PL_LAC_bRPLC_NGP_09A,7128,1709.91144,2635.02809,879.01421,3,1,EEQYJSTYR,"3,Deamidated[Q];",1190.49601,3 4 0 1,H(3)N(4)F(1),(N(F)(N(H(H(N))(H(N))))),679,0 1 0 0;0 1 0 1;0 2 0 0;0 2 0 1;1 2 0 0;1 2 0 1;2 2 0 0;2 2 0 1;2 3 0 0;2 3 0 1;3 2 0 0;3 2 0 1;3 3 0 0;3 3 0 1;3 4 0 0;,1444.53387,5,73.26838,40.05482,134.95069,9,-0.00178,-0.67738,1.0,1.0625,0.0,0,0,0.0,232447.1,2797294.8,1516863.6,0.0,0.0,0,0.0,0.0,-1,0.0,0.0,sp|P01857|IGHG1_HUMAN,IGHG1,180,94533600.0,370102000.0,,,-1.0,-1.0,-1,,0,0,0
MS_UNDEP_PL_LAC_bRPLC_NGP_09A.7227.7227.3.0.dta,MS_UNDEP_PL_LAC_bRPLC_NGP_09A.7227.7227.3.0.dta,MS_UNDEP_PL_LAC_bRPLC_NGP_09A,7227,1726.20654,3093.22375,1031.7461,3,1,JVTAEQAR,,888.45337,5 4 2 0,H(5)N(4)A(2),(N(N(H(H(N(H(A))))(H(N(H(A))))))),1791,0 1 0 0;0 2 0 0;1 2 0 0;2 2 0 0;3 2 0 0;3 3 0 0;3 3 1 0;4 3 0 0;4 3 1 0;4 4 0 0;5 4 0 0;5 4 1 0;,2204.77244,1,36.88273,14.35793,78.71451,7,-0.00206,-0.66598,0.82353,0.85714,0.0,0,0,0.0,426555.0,381109.9,379372.8,97790.1,234445.9,0,8.87469864286689e-235,2.972772969395915e-236,-1,0.0,2.972772969395915e-236,sp|P00748|FA12_HUMAN,F12,249,44888900.0,215407000.0,,,-1.0,-1.0,-1,,0,0,0
MS_UNDEP_PL_LAC_bRPLC_NGP_09A.7256.7256.2.0.dta,MS_UNDEP_PL_LAC_bRPLC_NGP_09A.7256.7256.2.0.dta,MS_UNDEP_PL_LAC_bRPLC_NGP_09A,7256,1730.97918,2635.02847,1318.01787,2,1,EEQYJSTYR,"3,Deamidated[Q];",1190.49601,3 4 0 1,H(3)N(4)F(1),(N(F)(N(H(H(N))(H(N))))),679,0 1 0 0;0 1 0 1;0 2 0 0;0 2 0 1;1 2 0 0;1 2 0 1;2 2 0 0;2 2 0 1;2 3 0 0;2 3 0 1;3 2 0 0;3 2 0 1;3 3 0 0;3 3 0 1;3 4 0 0;,1444.53387,5,52.13093,12.17528,126.33426,9,-0.00141,-0.53393,1.0,0.625,0.0,0,0,0.0,75108.6,516570.3,373011.0,0.0,0.0,0,0.0,0.0,-1,0.0,0.0,sp|P01857|IGHG1_HUMAN,IGHG1,180,66089000.0,282520000.0,,,-1.0,-1.0,-1,,0,0,0
MS_UNDEP_PL_LAC_bRPLC_NGP_09A.8699.8699.3.0.dta,MS_UNDEP_PL_LAC_bRPLC_NGP_09A.8699.8699.3.0.dta,MS_UNDEP_PL_LAC_bRPLC_NGP_09A,8699,1967.4378,3249.24274,1083.75243,3,1,EEQYJSTYR,,1189.51199,5 4 1 1,H(5)N(4)A(1)F(1),(N(F)(N(H(H(N(H)))(H(N(H(A))))))),490,0 1 0 0;0 1 0 1;0 2 0 0;0 2 0 1;1 2 0 0;1 2 0 1;2 2 0 0;2 2 0 1;2 3 0 0;2 3 0 1;3 2 0 0;3 2 0 1;3 3 0 0;3 3 0 1;3 3 1 0;3 3 1 1;4 3 0 0;4 3 0 1;4 3 1 0;4 3 1 1;4 4 0 0;4 4 0 1;5 4 0 0;5 4 0 1;,2059.73493,5,81.04137,22.22808,190.26603,9,-0.00418,-1.28593,0.83871,0.6875,0.0,0,0,0.0,4963378.8,3940072.3,5441356.8,772812.4,2029902.9,0,0.0,0.0,-1,0.0,0.0,sp|P01857|IGHG1_HUMAN,IGHG1,180,243482000.0,1296020000.0,,,-1.0,-1.0,-1,,0,0,0
MS_UNDEP_PL_LAC_bRPLC_NGP_09A.8717.8717.3.0.dta,MS_UNDEP_PL_LAC_bRPLC_NGP_09A.8717.8717.3.0.dta,MS_UNDEP_PL_LAC_bRPLC_NGP_09A,8717,1970.30718,3265.23304,1089.08253,3,1,EEQYJSTYR,,1189.51199,6 4 1 0,H(6)N(4)A(1),(N(N(H(H(N(H(H))))(H(N(H(A))))))),1845,0 1 0 0;0 2 0 0;1 2 0 0;2 2 0 0;3 2 0 0;3 3 0 0;4 3 0 0;4 3 1 0;5 4 0 0;,2075.72985,5,18.65145,6.04821,42.05746,7,-0.0088,-2.69382,0.57895,0.4375,0.0,0,0,0.0,585718.5,409940.6,575146.9,91794.6,215506.6,0,8.277025996804496e-123,1.2847203859648862e-124,-1,0.0,1.2847203859648862e-124,sp|P01857|IGHG1_HUMAN,IGHG1,180,1615320.0,106678000.0,,,-1.0,-1.0,-1,,0,0,0
MS_UNDEP_PL_LAC_bRPLC_NGP_09A.8733.8733.2.0.dta,MS_UNDEP_PL_LAC_bRPLC_NGP_09A.8733.8733.2.0.dta,MS_UNDEP_PL_LAC_bRPLC_NGP_09A,8733,1972.97376,3249.24686,1625.12707,2,1,EEQYJSTYR,,1189.51199,5 4 1 1,H(5)N(4)A(1)F(1),(N(F)(N(H(H(N(H)))(H(N(H(A))))))),490,0 1 0 0;0 1 0 1;0 2 0 0;0 2 0 1;1 2 0 0;1 2 0 1;2 2 0 0;2 2 0 1;3 2 0 0;3 2 0 1;3 3 0 0;3 3 0 1;3 3 1 0;4 3 0 0;4 3 0 1;4 3 1 1;5 4 0 1;5 4 1 0;,2059.73493,5,37.39443,9.86754,88.51578,9,-6e-05,-0.01856,0.64516,0.5625,0.0,0,0,0.0,1352192.6,1040226.1,1481782.1,134831.0,239946.9,0,8.281381676133443e-265,3.60535909146356e-266,-1,0.0,3.60535909146356e-266,sp|P01857|IGHG1_HUMAN,IGHG1,180,18787900.0,197853000.0,,,-1.0,-1.0,-1,,0,0,0
MS_UNDEP_PL_LAC_bRPLC_NGP_09A.12035.12035.3.0.dta,MS_UNDEP_PL_LAC_bRPLC_NGP_09A.12035.12035.3.0.dta,MS_UNDEP_PL_LAC_bRPLC_NGP_09A,12035,2508.53814,2764.10763,922.04073,3,1,EEQFJSTFR,,1157.52218,4 4 0 1,H(4)N(4)F(1),(N(F)(N(H(H(N))(H(N(H)))))),670,0 1 0 0;0 1 0 1;0 2 0 0;0 2 0 1;1 2 0 0;1 2 0 1;2 2 0 0;2 2 0 1;2 3 0 0;2 3 0 1;3 2 0 0;3 2 0 1;3 3 0 0;3 3 0 1;4 3 0 0;4 3 0 1;,1606.58669,5,44.83176,10.92232,107.80643,9,-0.00124,-0.44693,0.85714,0.5625,0.0,0,0,0.0,429098.0,697444.5,743691.8,0.0,0.0,0,0.0,0.0,-1,0.0,0.0,sp|P01859|IGHG2_HUMAN,IGHG2,176,52217700.0,225599000.0,,,-1.0,-1.0,-1,,0,0,0
MS_UNDEP_PL_LAC_bRPLC_NGP_09A.12106.12106.2.0.dta,MS_UNDEP_PL_LAC_bRPLC_NGP_09A.12106.12106.2.0.dta,MS_UNDEP_PL_LAC_bRPLC_NGP_09A,12106,2520.0258,2602.05487,1301.53107,2,1,EEQFJSTFR,,1157.52218,3 4 0 1,H(3)N(4)F(1),(N(F)(N(H(H(N))(H(N))))),679,0 1 0 0;0 1 0 1;0 2 0 0;,1444.53387,5,5.79631,6.24215,4.96832,5,-0.00118,-0.45384,0.29412,0.4375,0.0,0,0,0.0,63922.4,395233.1,300082.2,0.0,0.0,0,3.8477154797883866e-05,4.5473303980766556e-07,-1,0.0,4.5473303980766556e-07,sp|P01859|IGHG2_HUMAN,IGHG2,176,34980900.0,140711000.0,,,-1.0,-1.0,-1,,0,0,0
MS_UNDEP_PL_LAC_bRPLC_NGP_09A.16005.16005.4.1.dta,MS_UNDEP_PL_LAC_bRPLC_NGP_09A.16005.16005.4.1.dta,MS_UNDEP_PL_LAC_bRPLC_NGP_09A,16005,3155.92272,3691.63956,923.66535,4,1,KTQWLJQVESYIAEQRR,"7,Deamidated[Q];15,Deamidated[Q];",2151.0829,7 2 0 0,H(7)N(2),(N(N(H(H(H(H)))(H(H(H)))))),1488,1 2 0 0;2 2 0 0;4 2 0 0;5 2 0 0;6 2 0 0;,1540.52851,6,8.20275,10.77303,3.42938,2,0.02815,7.6254,0.5,0.28125,0.0,0,0,539833.3,137010.5,387752.0,379359.4,0.0,0.0,0,0.1512286121115763,0.007951423123958,-1,0.0,0.007951423123958,sp|Q6L9W6|B4GN3_HUMAN,B4GALNT3,563,97166800.0,695174000.0,,,-1.0,-1.0,-1,,0,0,0
MS_UNDEP_PL_LAC_bRPLC_NGP_09A.17297.17297.2.0.dta,MS_UNDEP_PL_LAC_bRPLC_NGP_09A.17297.17297.2.0.dta,MS_UNDEP_PL_LAC_bRPLC_NGP_09A,17297,3366.92538,3802.50661,1901.75694,2,1,FSDGLESJSSTQFEVK,"12,Deamidated[Q];",1775.79701,10 2 0 0,H(10)N(2),(N(N(H(H(H(H)))(H(H(H(H(H(H))))))))),1471,1 2 0 0;2 2 0 0;3 2 0 0;5 2 0 0;6 2 0 0;8 2 0 0;9 2 0 0;,2026.68698,8,11.36016,11.25725,11.55128,4,0.02261,5.94659,0.61538,0.36667,0.0,0,0,223335.9,98857.3,493813.4,456308.8,0.0,0.0,0,1.138068862646936e-30,1.1081944130221587e-32,-1,0.0,1.1081944130221587e-32,sp|P0C0L4|CO4A_HUMAN;sp|P0C0L5|CO4B_HUMAN,C4A;C4B,226;226,734858.0,2496820.0,,,-1.0,-1.0,-1,,0,0,0
MS_UNDEP_PL_LAC_bRPLC_NGP_09A.17359.17359.3.0.dta,MS_UNDEP_PL_LAC_bRPLC_NGP_09A.17359.17359.3.0.dta,MS_UNDEP_PL_LAC_bRPLC_NGP_09A,17359,3376.99224,3477.39409,1159.80288,3,1,FSDGLESJSSTQFEVK,,1774.813,8 2 0 0,H(8)N(2),(N(N(H(H(H(H)))(H(H(H(H))))))),1480,0 1 0 0;0 2 0 0;1 2 0 0;2 2 0 0;3 2 0 0;4 2 0 0;6 2 0 0;,1702.58133,8,21.88081,15.88018,33.02485,6,-0.00024,-0.06821,0.72727,0.5,0.0,0,0,122095.1,29520.5,93317.5,76635.5,0.0,0.0,0,3.300367979775265e-95,4.1915080883243624e-97,-1,0.0,4.1915080883243624e-97,sp|P0C0L4|CO4A_HUMAN;sp|P0C0L5|CO4B_HUMAN,C4A;C4B,226;226,105552000.0,629507000.0,,,-1.0,-1.0,-1,,0,0,0
MS_UNDEP_PL_LAC_bRPLC_NGP_09A.17421.17421.3.0.dta,MS_UNDEP_PL_LAC_bRPLC_NGP_09A.17421.17421.3.0.dta,MS_UNDEP_PL_LAC_bRPLC_NGP_09A,17421,3387.24486,3639.4442,1213.81958,3,1,FSDGLESJSSTQFEVK,,1774.813,9 2 0 0,H(9)N(2),(N(N(H(H(H(H)))(H(H)(H(H(H))))))),1492,0 1 0 0;0 2 0 0;1 2 0 0;2 2 0 0;3 2 0 0;4 2 0 0;5 2 0 0;6 2 0 0;7 2 0 0;,1864.63416,8,110.1675,109.38802,111.6151,7,-0.00296,-0.81266,0.91667,1.13333,0.0,0,0,5139249.1,1200204.0,3815592.2,3056876.9,0.0,0.0,0,0.0,0.0,-1,0.0,0.0,sp|P0C0L4|CO4A_HUMAN;sp|P0C0L5|CO4B_HUMAN,C4A;C4B,226;226,527753000.0,3463300000.0,,,-1.0,-1.0,-1,,0,0,0
MS_UNDEP_PL_LAC_bRPLC_NGP_09A.17438.17438.3.0.dta,MS_UNDEP_PL_LAC_bRPLC_NGP_09A.17438.17438.3.0.dta,MS_UNDEP_PL_LAC_bRPLC_NGP_09A,17438,3390.07692,3801.49906,1267.83787,3,1,FSDGLESJSSTQFEVK,,1774.813,10 2 0 0,H(10)N(2),(N(N(H(H(H)(H(H)))(H(H(H(H(H)))))))),1524,0 1 0 0;0 2 0 0;1 2 0 0;2 2 0 0;3 2 0 0;4 2 0 0;5 2 0 0;6 2 0 0;7 2 0 0;8 2 0 0;,2026.68698,8,56.05324,38.00499,89.57143,7,-0.00092,-0.24124,0.92308,0.76667,0.0,0,0,307019.5,59112.1,197013.5,152923.9,0.0,0.0,0,4.7935234524398614e-268,2.2841281172138863e-269,-1,0.0,2.2841281172138863e-269,sp|P0C0L4|CO4A_HUMAN;sp|P0C0L5|CO4B_HUMAN,C4A;C4B,226;226,37037700.0,259744000.0,,,-1.0,-1.0,-1,,0,0,0
MS_UNDEP_PL_LAC_bRPLC_NGP_09A.17549.17549.3.0.dta,MS_UNDEP_PL_LAC_bRPLC_NGP_09A.17549.17549.3.0.dta,MS_UNDEP_PL_LAC_bRPLC_NGP_09A,17549,3408.30906,3477.39412,1159.80289,3,1,FSDGLESJSSTQFEVK,,1774.813,8 2 0 0,H(8)N(2),(N(N(H(H(H(H)))(H(H(H(H))))))),1480,0 1 0 0;0 2 0 0;1 2 0 0;2 2 0 0;3 2 0 0;4 2 0 0;5 2 0 0;6 2 0 0;7 2 0 0;,1702.58133,8,92.42902,84.26676,107.58749,7,-0.00021,-0.06131,1.0,1.06667,0.0,0,0,646688.7,177168.2,494858.8,415221.5,0.0,0.0,0,0.0,0.0,-1,0.0,0.0,sp|P0C0L4|CO4A_HUMAN;sp|P0C0L5|CO4B_HUMAN,C4A;C4B,226;226,105552000.0,629507000.0,,,-1.0,-1.0,-1,,0,0,0
MS_UNDEP_PL_LAC_bRPLC_NGP_09A.17552.17552.2.0.dta,MS_UNDEP_PL_LAC_bRPLC_NGP_09A.17552.17552.2.0.dta,MS_UNDEP_PL_LAC_bRPLC_NGP_09A,17552,3408.77304,3639.45063,1820.22896,2,1,FSDGLESJSSTQFEVK,,1774.813,9 2 0 0,H(9)N(2),(N(N(H(H(H))(H(H(H(H(H(H))))))))),1613,0 1 0 0;0 2 0 0;1 2 0 0;2 2 0 0;3 2 0 0;4 2 0 0;5 2 0 0;6 2 0 0;7 2 0 0;8 2 0 0;,1864.63416,8,75.79455,76.27408,74.90399,7,0.00348,0.95601,1.0,1.03333,0.0,0,0,962771.9,601569.8,2628820.7,2318656.7,0.0,0.0,0,4.011536665881215e-223,1.0842020898229633e-224,-1,0.0,1.0842020898229633e-224,sp|P0C0L4|CO4A_HUMAN;sp|P0C0L5|CO4B_HUMAN,C4A;C4B,226;226,35806900.0,583271000.0,,,-1.0,-1.0,-1,,0,0,0
MS_UNDEP_PL_LAC_bRPLC_NGP_09A.17555.17555.3.0.dta,MS_UNDEP_PL_LAC_bRPLC_NGP_09A.17555.17555.3.0.dta,MS_UNDEP_PL_LAC_bRPLC_NGP_09A,17555,3409.23108,3315.34107,1105.78521,3,1,FSDGLESJSSTQFEVK,,1774.813,7 2 0 0,H(7)N(2),(N(N(H(H(H(H)))(H(H(H)))))),1488,0 1 0 0;0 2 0 0;1 2 0 0;2 2 0 0;3 2 0 0;4 2 0 0;6 2 0 0;,1540.52851,8,21.9168,19.47724,26.44741,6,-0.00044,-0.13144,0.8,0.53333,0.0,0,0,82172.0,24793.0,75707.3,60246.6,0.0,0.0,0,2.1522403004346302e-75,2.084277261775504e-77,-1,0.0,2.084277261775504e-77,sp|P0C0L4|CO4A_HUMAN;sp|P0C0L5|CO4B_HUMAN,C4A;C4B,226;226,9242800.0,56596300.0,,,-1.0,-1.0,-1,,0,0,0
MS_UNDEP_PL_LAC_bRPLC_NGP_09A.17598.17598.2.0.dta,MS_UNDEP_PL_LAC_bRPLC_NGP_09A.17598.17598.2.0.dta,MS_UNDEP_PL_LAC_bRPLC_NGP_09A,17598,3416.28936,3477.39316,1739.20022,2,1,FSDGLESJSSTQFEVK,,1774.813,8 2 0 0,H(8)N(2),(N(N(H(H(H(H)))(H(H)(H)(H))))),1496,0 1 0 0;0 2 0 0;1 2 0 0;2 2 0 0;7 2 0 0;,1702.58133,8,26.41464,31.28511,17.36947,5,-0.00118,-0.33796,0.54545,0.8,0.0,0,0,151362.6,134746.6,484780.4,376104.2,0.0,0.0,0,3.1101320704754705e-48,3.238850859587716e-50,-1,0.0,3.238850859587716e-50,sp|P0C0L4|CO4A_HUMAN;sp|P0C0L5|CO4B_HUMAN,C4A;C4B,226;226,6330930.0,52808000.0,,,-1.0,-1.0,-1,,0,0,0
MS_UNDEP_PL_LAC_bRPLC_NGP_09A.17617.17617.3.0.dta,MS_UNDEP_PL_LAC_bRPLC_NGP_09A.17617.17617.3.0.dta,MS_UNDEP_PL_LAC_bRPLC_NGP_09A,17617,3419.3097,3639.44511,1213.81989,3,1,FSDGLESJSSTQFEVK,,1774.813,9 2 0 0,H(9)N(2),(N(N(H(H(H(H)))(H(H)(H(H(H))))))),1492,0 1 0 0;0 2 0 0;1 2 0 0;2 2 0 0;3 2 0 0;4 2 0 0;5 2 0 0;6 2 0 0;7 2 0 0;8 2 0 0;,1864.63416,8,115.28752,106.83538,130.98435,7,-0.00205,-0.5629,1.0,1.1,0.0,0,0,2232871.0,628209.8,1683962.0,1315479.6,0.0,0.0,0,0.0,0.0,-1,0.0,0.0,sp|P0C0L4|CO4A_HUMAN;sp|P0C0L5|CO4B_HUMAN,C4A;C4B,226;226,527753000.0,3463300000.0,,,-1.0,-1.0,-1,,0,0,0
MS_UNDEP_PL_LAC_bRPLC_NGP_09A.17632.17632.3.0.dta,MS_UNDEP_PL_LAC_bRPLC_NGP_09A.17632.17632.3.0.dta,MS_UNDEP_PL_LAC_bRPLC_NGP_09A,17632,3421.72944,3801.49868,1267.83774,3,1,FSDGLESJSSTQFEVK,,1774.813,10 2 0 0,H(10)N(2),(N(N(H(H(H(H(H))))(H(H)(H(H(H))))))),1447,0 1 0 0;0 2 0 0;1 2 0 0;2 2 0 0;3 2 0 0;4 2 0 0;5 2 0 0;6 2 0 0;,2026.68698,8,27.33747,16.40853,47.63409,7,-0.0013,-0.34146,0.76923,0.53333,0.0,0,0,138882.4,32728.3,91181.5,71850.6,0.0,0.0,0,7.297329826475237e-140,1.252654758307353e-141,-1,0.0,1.252654758307353e-141,sp|P0C0L4|CO4A_HUMAN;sp|P0C0L5|CO4B_HUMAN,C4A;C4B,226;226,37037700.0,259744000.0,,,-1.0,-1.0,-1,,0,0,0
MS_UNDEP_PL_LAC_bRPLC_NGP_09A.17742.17742.3.0.dta,MS_UNDEP_PL_LAC_bRPLC_NGP_09A.17742.17742.3.0.dta,MS_UNDEP_PL_LAC_bRPLC_NGP_09A,17742,3439.57788,3477.39366,1159.80274,3,1,FSDGLESJSSTQFEVK,,1774.813,8 2 0 0,H(8)N(2),(N(N(H(H(H)(H))(H(H)(H(H)))))),1549,0 1 0 0;0 2 0 0;1 2 0 0;2 2 0 0;3 2 0 0;4 2 0 0;5 2 0 0;6 2 0 0;7 2 0 0;,1702.58133,8,78.86247,69.16431,96.87334,7,-0.00068,-0.19417,1.0,1.0,0.0,0,0,466611.4,126554.9,357168.0,267234.0,0.0,0.0,0,1.9145569924020728e-290,1.1636961923434824e-291,-1,0.0,1.1636961923434824e-291,sp|P0C0L4|CO4A_HUMAN;sp|P0C0L5|CO4B_HUMAN,C4A;C4B,226;226,105552000.0,629507000.0,,,-1.0,-1.0,-1,,0,0,0
MS_UNDEP_PL_LAC_bRPLC_NGP_09A.17745.17745.2.0.dta,MS_UNDEP_PL_LAC_bRPLC_NGP_09A.17745.17745.2.0.dta,MS_UNDEP_PL_LAC_bRPLC_NGP_09A,17745,3440.04078,3639.45098,1820.22913,2,1,FSDGLESJSSTQFEVK,,1774.813,9 2 0 0,H(9)N(2),(N(N(H(H(H(H)))(H(H(H(H(H)))))))),1475,0 1 0 0;0 2 0 0;1 2 0 0;2 2 0 0;3 2 0 0;4 2 0 0;6 2 0 0;7 2 0 0;8 2 0 0;,1864.63416,8,44.05215,45.39987,41.54925,6,0.00383,1.05218,0.83333,0.86667,0.0,0,0,282371.9,183241.8,788301.0,608478.9,0.0,0.0,0,2.9705405499372525e-121,6.895212451632823e-123,-1,0.0,6.895212451632823e-123,sp|P0C0L4|CO4A_HUMAN;sp|P0C0L5|CO4B_HUMAN,C4A;C4B,226;226,35806900.0,583271000.0,,,-1.0,-1.0,-1,,0,0,0
MS_UNDEP_PL_LAC_bRPLC_NGP_09A.17760.17760.3.0.dta,MS_UNDEP_PL_LAC_bRPLC_NGP_09A.17760.17760.3.0.dta,MS_UNDEP_PL_LAC_bRPLC_NGP_09A,17760,3442.45794,3315.34036,1105.78497,3,1,FSDGLESJSSTQFEVK,,1774.813,7 2 0 0,H(7)N(2),(N(N(H(H(H))(H(H(H(H))))))),1622,0 1 0 0;0 2 0 0;1 2 0 0;2 2 0 0;3 2 0 0;4 2 0 0;,1540.52851,8,22.5479,15.59649,35.45765,7,-0.00114,-0.34499,0.8,0.46667,0.0,0,0,102685.1,34954.4,88691.9,83663.0,0.0,0.0,0,1.2701366706286094e-102,1.4884786378335195e-104,-1,0.0,1.4884786378335195e-104,sp|P0C0L4|CO4A_HUMAN;sp|P0C0L5|CO4B_HUMAN,C4A;C4B,226;226,9242800.0,56596300.0,,,-1.0,-1.0,-1,,0,0,0
MS_UNDEP_PL_LAC_bRPLC_NGP_09A.17805.17805.3.0.dta,MS_UNDEP_PL_LAC_bRPLC_NGP_09A.17805.17805.3.0.dta,MS_UNDEP_PL_LAC_bRPLC_NGP_09A,17805,3449.823,3639.44565,1213.82007,3,1,FSDGLESJSSTQFEVK,,1774.813,9 2 0 0,H(9)N(2),(N(N(H(H(H(H)))(H(H)(H(H(H))))))),1492,0 1 0 0;0 2 0 0;1 2 0 0;2 2 0 0;3 2 0 0;4 2 0 0;5 2 0 0;6 2 0 0;7 2 0 0;8 2 0 0;,1864.63416,8,100.24756,93.16522,113.40049,7,-0.00151,-0.41452,1.0,1.06667,0.0,0,0,895595.3,228437.1,652468.8,495063.2,0.0,0.0,0,0.0,0.0,-1,0.0,0.0,sp|P0C0L4|CO4A_HUMAN;sp|P0C0L5|CO4B_HUMAN,C4A;C4B,226;226,527753000.0,3463300000.0,,,-1.0,-1.0,-1,,0,0,0
MS_UNDEP_PL_LAC_bRPLC_NGP_09A.17933.17933.3.0.dta,MS_UNDEP_PL_LAC_bRPLC_NGP_09A.17933.17933.3.0.dta,MS_UNDEP_PL_LAC_bRPLC_NGP_09A,17933,3470.52396,3477.39328,1159.80261,3,1,FSDGLESJSSTQFEVK,,1774.813,8 2 0 0,H(8)N(2),(N(N(H(H(H(H)))(H(H)(H)(H))))),1496,0 1 0 0;0 2 0 0;1 2 0 0;2 2 0 0;3 2 0 0;4 2 0 0;5 2 0 0;6 2 0 0;,1702.58133,8,22.92155,12.39385,42.47301,6,-0.00105,-0.30201,0.81818,0.43333,0.0,0,0,98390.7,27709.0,75247.9,60562.9,0.0,0.0,0,4.430868867676128e-124,6.851830265025841e-126,-1,0.0,6.851830265025841e-126,sp|P0C0L4|CO4A_HUMAN;sp|P0C0L5|CO4B_HUMAN,C4A;C4B,226;226,105552000.0,629507000.0,,,-1.0,-1.0,-1,,0,0,0
MS_UNDEP_PL_LAC_bRPLC_NGP_09A.17934.17934.2.0.dta,MS_UNDEP_PL_LAC_bRPLC_NGP_09A.17934.17934.2.0.dta,MS_UNDEP_PL_LAC_bRPLC_NGP_09A,17934,3470.68296,3639.44671,1820.22699,2,1,FSDGLESJSSTQFEVK,,1774.813,9 2 0 0,H(9)N(2),(N(N(H(H(H(H)))(H(H(H(H(H)))))))),1475,0 1 0 0;0 2 0 0;1 2 0 0;2 2 0 0;3 2 0 0;7 2 0 0;,1864.63416,8,24.91443,24.49725,25.68919,6,-0.00045,-0.12272,0.58333,0.63333,0.0,0,0,201075.5,142966.8,602268.0,458543.7,0.0,0.0,0,3.958018316978785e-73,5.296182453033035e-75,-1,0.0,5.296182453033035e-75,sp|P0C0L4|CO4A_HUMAN;sp|P0C0L5|CO4B_HUMAN,C4A;C4B,226;226,38458500.0,604704000.0,,,-1.0,-1.0,-1,,0,0,0
MS_UNDEP_PL_LAC_bRPLC_NGP_09A.17987.17987.3.0.dta,MS_UNDEP_PL_LAC_bRPLC_NGP_09A.17987.17987.3.0.dta,MS_UNDEP_PL_LAC_bRPLC_NGP_09A,17987,3479.96238,3639.44408,1213.81955,3,1,FSDGLESJSSTQFEVK,,1774.813,9 2 0 0,H(9)N(2),(N(N(H(H(H(H)))(H(H(H(H(H)))))))),1475,0 1 0 0;0 2 0 0;1 2 0 0;2 2 0 0;3 2 0 0;4 2 0 0;5 2 0 0;6 2 0 0;7 2 0 0;,1864.63416,8,32.95128,16.76784,63.00624,7,-0.00307,-0.84398,0.91667,0.5,0.0,0,0,176600.1,43940.4,146199.7,109917.7,0.0,0.0,0,8.517727032576905e-187,1.8376131495655355e-188,-1,0.0,1.8376131495655355e-188,sp|P0C0L4|CO4A_HUMAN;sp|P0C0L5|CO4B_HUMAN,C4A;C4B,226;226,538205000.0,3531680000.0,,,-1.0,-1.0,-1,,0,0,0
MS_UNDEP_PL_LAC_bRPLC_NGP_09A.18078.18078.2.0.dta,MS_UNDEP_PL_LAC_bRPLC_NGP_09A.18078.18078.2.0.dta,MS_UNDEP_PL_LAC_bRPLC_NGP_09A,18078,3494.8629,3639.44645,1820.22686,2,1,FSDGLESJSSTQFEVK,,1774.813,9 2 0 0,H(9)N(2),(N(N(H(H(H(H(H))))(H(H(H(H))))))),1436,0 1 0 0;0 2 0 0;6 2 0 0;7 2 0 0;8 2 0 0;,1864.63416,8,8.9178,9.73809,7.39439,3,-0.0007,-0.19361,0.5,0.4,0.0,0,0,65874.7,41268.5,186861.8,184517.4,0.0,0.0,0,1.126372591670369e-18,7.869071575385876e-21,-1,0.0,7.869071575385876e-21,sp|P0C0L4|CO4A_HUMAN;sp|P0C0L5|CO4B_HUMAN,C4A;C4B,226;226,22275800.0,160306000.0,,,-1.0,-1.0,-1,,0,0,0
MS_UNDEP_PL_LAC_bRPLC_NGP_09A.18179.18179.3.0.dta,MS_UNDEP_PL_LAC_bRPLC_NGP_09A.18179.18179.3.0.dta,MS_UNDEP_PL_LAC_bRPLC_NGP_09A,18179,3511.002,3639.44582,1213.82012,3,1,FSDGLESJSSTQFEVK,,1774.813,9 2 0 0,H(9)N(2),(N(N(H(H(H(H)))(H(H(H(H(H)))))))),1475,0 1 0 0;0 2 0 0;1 2 0 0;2 2 0 0;3 2 0 0;4 2 0 0;5 2 0 0;6 2 0 0;7 2 0 0;,1864.63416,8,49.54536,30.10704,85.6451,7,-0.00134,-0.36754,0.91667,0.66667,0.0,0,0,208002.4,53573.7,154788.8,122787.4,0.0,0.0,0,5.2437567256979423e-256,3.088684711643437e-257,-1,0.0,3.088684711643437e-257,sp|P0C0L4|CO4A_HUMAN;sp|P0C0L5|CO4B_HUMAN,C4A;C4B,226;226,125449000.0,845597000.0,,,-1.0,-1.0,-1,,0,0,0
MS_UNDEP_PL_LAC_bRPLC_NGP_09A.18371.18371.3.0.dta,MS_UNDEP_PL_LAC_bRPLC_NGP_09A.18371.18371.3.0.dta,MS_UNDEP_PL_LAC_bRPLC_NGP_09A,18371,3542.07618,3639.44644,1213.82033,3,1,FSDGLESJSSTQFEVK,,1774.813,9 2 0 0,H(9)N(2),(N(N(H(H(H(H(H))))(H(H(H(H))))))),1436,0 1 0 0;0 2 0 0;1 2 0 0;2 2 0 0;3 2 0 0;4 2 0 0;5 2 0 0;6 2 0 0;7 2 0 0;,1864.63416,8,57.49752,45.23532,80.27017,7,-0.00071,-0.19608,0.91667,0.8,0.0,0,0,385457.9,90301.0,280134.4,232988.9,0.0,0.0,0,1.535697471213693e-239,5.674241963260009e-241,-1,0.0,5.674241963260009e-241,sp|P0C0L4|CO4A_HUMAN;sp|P0C0L5|CO4B_HUMAN,C4A;C4B,226;226,135862000.0,914357000.0,,,-1.0,-1.0,-1,,0,0,0
MS_UNDEP_PL_LAC_bRPLC_NGP_09A.18562.18562.3.0.dta,MS_UNDEP_PL_LAC_bRPLC_NGP_09A.18562.18562.3.0.dta,MS_UNDEP_PL_LAC_bRPLC_NGP_09A,18562,3572.92098,3639.44637,1213.82031,3,1,FSDGLESJSSTQFEVK,,1774.813,9 2 0 0,H(9)N(2),(N(N(H(H(H(H)))(H(H)(H(H)(H)))))),1494,0 1 0 0;0 2 0 0;1 2 0 0;2 2 0 0;3 2 0 0;4 2 0 0;5 2 0 0;6 2 0 0;7 2 0 0;,1864.63416,8,59.90203,46.11457,85.50731,7,-0.00078,-0.21422,0.91667,0.9,0.0,0,0,328178.6,90027.1,269274.9,210668.6,0.0,0.0,0,1.386785181236803e-255,8.110530393570728e-257,-1,0.0,8.110530393570728e-257,sp|P0C0L4|CO4A_HUMAN;sp|P0C0L5|CO4B_HUMAN,C4A;C4B,226;226,145219000.0,977327000.0,,,-1.0,-1.0,-1,,0,0,0
MS_UNDEP_PL_LAC_bRPLC_NGP_09A.18690.18690.3.0.dta,MS_UNDEP_PL_LAC_bRPLC_NGP_09A.18690.18690.3.0.dta,MS_UNDEP_PL_LAC_bRPLC_NGP_09A,18690,3593.82852,3477.39367,1159.80274,3,1,FSDGLESJSSTQFEVK,,1774.813,8 2 0 0,H(8)N(2),(N(N(H(H(H(H)))(H(H)(H)(H))))),1496,0 1 0 0;0 2 0 0;1 2 0 0;2 2 0 0;3 2 0 0;4 2 0 0;5 2 0 0;6 2 0 0;,1702.58133,8,15.58747,6.41825,32.61604,6,-0.00067,-0.19158,0.81818,0.33333,0.0,0,0,57085.8,16913.8,48345.5,40829.5,0.0,0.0,0,5.767428431393069e-94,6.360632173064132e-96,-1,0.0,6.360632173064132e-96,sp|P0C0L4|CO4A_HUMAN;sp|P0C0L5|CO4B_HUMAN,C4A;C4B,226;226,28666800.0,172277000.0,,,-1.0,-1.0,-1,,0,0,0
MS_UNDEP_PL_LAC_bRPLC_NGP_09A.18754.18754.3.0.dta,MS_UNDEP_PL_LAC_bRPLC_NGP_09A.18754.18754.3.0.dta,MS_UNDEP_PL_LAC_bRPLC_NGP_09A,18754,3604.25076,3639.44694,1213.8205,3,1,FSDGLESJSSTQFEVK,,1774.813,9 2 0 0,H(9)N(2),(N(N(H(H(H)(H))(H(H(H(H(H)))))))),1540,0 1 0 0;0 2 0 0;1 2 0 0;2 2 0 0;3 2 0 0;4 2 0 0;5 2 0 0;6 2 0 0;7 2 0 0;,1864.63416,8,56.33659,38.45988,89.5362,7,-0.00022,-0.05925,0.91667,0.8,0.0,0,0,227135.7,56626.5,189559.8,149423.1,0.0,0.0,0,6.14756518659773e-268,4.9746519239758594e-269,-1,0.0,4.9746519239758594e-269,sp|P0C0L4|CO4A_HUMAN;sp|P0C0L5|CO4B_HUMAN,C4A;C4B,226;226,146967000.0,989065000.0,,,-1.0,-1.0,-1,,0,0,0
MS_UNDEP_PL_LAC_bRPLC_NGP_09A.18819.18819.3.2.dta,MS_UNDEP_PL_LAC_bRPLC_NGP_09A.18819.18819.3.2.dta,MS_UNDEP_PL_LAC_bRPLC_NGP_09A,18819,3614.7603,2816.22276,939.41244,3,1,QSVPAHFVALJGSK,"1,Gln->pyro-Glu[AnyN-termQ];",1437.74849,6 2 0 0,H(6)N(2),(N(N(H(H(H))(H(H(H)))))),1628,0 1 0 0;0 2 0 0;1 2 0 0;2 2 0 0;3 2 0 0;4 2 0 0;,1378.47569,11,13.93691,6.48408,27.7779,6,-0.00142,-0.50292,0.77778,0.26923,0.0,0,0,34891.2,9216.9,33309.2,31761.0,0.0,0.0,0,2.2539983647398158e-79,8.047852610434879e-81,-1,0.0,8.047852610434879e-81,sp|P06681|CO2_HUMAN,C2,621,6786550.0,30303400.0,,,-1.0,-1.0,-1,,0,0,0
MS_UNDEP_PL_LAC_bRPLC_NGP_09A.18948.18948.3.0.dta,MS_UNDEP_PL_LAC_bRPLC_NGP_09A.18948.18948.3.0.dta,MS_UNDEP_PL_LAC_bRPLC_NGP_09A,18948,3635.81994,3639.44737,1213.82064,3,1,FSDGLESJSSTQFEVK,,1774.813,9 2 0 0,H(9)N(2),(N(N(H(H(H)(H))(H(H(H(H(H)))))))),1540,0 1 0 0;0 2 0 0;1 2 0 0;2 2 0 0;3 2 0 0;4 2 0 0;5 2 0 0;6 2 0 0;7 2 0 0;,1864.63416,8,43.77787,24.4134,79.74046,7,0.00022,0.05945,0.91667,0.6,0.0,0,0,169804.9,49352.4,120779.7,104347.6,0.0,0.0,0,6.42636836151523e-238,2.0632093319925905e-239,-1,0.0,2.0632093319925905e-239,sp|P0C0L4|CO4A_HUMAN;sp|P0C0L5|CO4B_HUMAN,C4A;C4B,226;226,120288000.0,820103000.0,,,-1.0,-1.0,-1,,0,0,0
MS_UNDEP_PL_LAC_bRPLC_NGP_09A.18994.18994.3.0.dta,MS_UNDEP_PL_LAC_bRPLC_NGP_09A.18994.18994.3.0.dta,MS_UNDEP_PL_LAC_bRPLC_NGP_09A,18994,3643.34022,3696.46744,1232.82733,3,1,MAETLEFJDVYQEVK,"1,Oxidation[M];",1831.84185,9 2 0 0,H(9)N(2),(N(N(H(H)(H(H(H))(H(H(H(H)))))))),2246,0 1 0 0;0 2 0 0;1 2 0 0;2 2 0 0;3 2 0 0;4 2 0 0;5 2 0 0;6 2 0 0;7 2 0 0;,1864.63416,8,34.62418,5.62629,88.4774,7,-0.00856,-2.31698,0.91667,0.21429,0.0,0,0,842734.6,291273.2,779788.9,579037.8,0.0,0.0,0,1.0859226889986326e-264,7.979813666813549e-266,-1,0.0,7.979813666813549e-266,sp|Q08945|SSRP1_HUMAN,SSRP1,8,82077500.0,567065000.0,,,-1.0,-1.0,-1,,0,0,0
MS_UNDEP_PL_LAC_bRPLC_NGP_09A.19140.19140.3.0.dta,MS_UNDEP_PL_LAC_bRPLC_NGP_09A.19140.19140.3.0.dta,MS_UNDEP_PL_LAC_bRPLC_NGP_09A,19140,3667.11132,3639.44703,1213.82053,3,1,FSDGLESJSSTQFEVK,,1774.813,9 2 0 0,H(9)N(2),(N(N(H(H)(H(H)(H(H(H(H(H))))))))),2251,0 1 0 0;0 2 0 0;1 2 0 0;2 2 0 0;3 2 0 0;4 2 0 0;5 2 0 0;6 2 0 0;7 2 0 0;,1864.63416,8,36.40469,17.76303,71.02491,7,-0.00013,-0.03452,0.91667,0.56667,0.0,0,0,137245.2,52865.6,110258.3,120563.8,0.0,0.0,0,2.8564861994742182e-211,7.131815051729884e-213,-1,0.0,7.131815051729884e-213,sp|P0C0L4|CO4A_HUMAN;sp|P0C0L5|CO4B_HUMAN,C4A;C4B,226;226,96189700.0,642868000.0,,,-1.0,-1.0,-1,,0,0,0
MS_UNDEP_PL_LAC_bRPLC_NGP_09A.19186.19186.2.0.dta,MS_UNDEP_PL_LAC_bRPLC_NGP_09A.19186.19186.2.0.dta,MS_UNDEP_PL_LAC_bRPLC_NGP_09A,19186,3674.64396,2654.17084,1327.58906,2,1,QSVPAHFVALJGSK,"1,Gln->pyro-Glu[AnyN-termQ];",1437.74849,5 2 0 0,H(5)N(2),(N(N(H(H(H))(H(H))))),1637,0 1 0 0;0 2 0 0;1 2 0 0;2 2 0 0;3 2 0 0;4 2 0 0;,1216.42286,11,28.31314,17.69863,48.0258,7,-0.00052,-0.19438,1.0,0.46154,0.0,0,0,18862.0,22287.2,122470.7,147202.2,0.0,0.0,0,4.63307591740375e-141,7.690650410333623e-143,-1,0.0,7.690650410333623e-143,sp|P06681|CO2_HUMAN,C2,621,17725800.0,74223900.0,,,-1.0,-1.0,-1,,0,0,0
MS_UNDEP_PL_LAC_bRPLC_NGP_09A.19189.19189.4.1.dta,MS_UNDEP_PL_LAC_bRPLC_NGP_09A.19189.19189.4.1.dta,MS_UNDEP_PL_LAC_bRPLC_NGP_09A,19189,3675.10602,4585.94144,1147.24082,4,1,NJATVHEQVGGPSLTSDLQAQSK,,2381.16916,5 4 2 0,H(5)N(4)A(2),(N(N(H(H(N(H(A))))(H(N(H(A))))))),1791,0 1 0 0;0 2 0 0;1 2 0 0;2 2 0 0;3 2 0 0;3 3 0 0;3 3 1 0;4 3 0 0;4 3 1 0;5 4 0 0;5 4 1 0;,2204.77244,2,33.84418,17.80829,63.62513,7,-0.00016,-0.03533,0.76471,0.43182,0.0,0,0,0.0,361023.7,358660.5,396405.9,101458.7,260399.3,0,1.1015121806914406e-188,2.5881471821981035e-190,-1,0.0,2.5881471821981035e-190,sp|P04004|VTNC_HUMAN,VTN,86,37736100.0,399341000.0,,,-1.0,-1.0,-1,,0,0,0
MS_UNDEP_PL_LAC_bRPLC_NGP_09A.19203.19203.3.0.dta,MS_UNDEP_PL_LAC_bRPLC_NGP_09A.19203.19203.3.0.dta,MS_UNDEP_PL_LAC_bRPLC_NGP_09A,19203,3677.37672,2654.17086,885.39514,3,1,QSVPAHFVALJGSK,"1,Gln->pyro-Glu[AnyN-termQ];",1437.74849,5 2 0 0,H(5)N(2),(N(N(H(H)(H(H(H)))))),2249,0 1 0 0;0 2 0 0;1 2 0 0;2 2 0 0;3 2 0 0;,1216.42286,11,15.23789,7.22063,30.12707,6,-0.00049,-0.18345,0.75,0.30769,0.0,0,0,21770.8,16057.0,52147.1,35565.2,0.0,0.0,0,1.970062469085884e-86,2.6458213441012536e-88,-1,0.0,2.6458213441012536e-88,sp|P06681|CO2_HUMAN,C2,621,13859600.0,57950700.0,,,-1.0,-1.0,-1,,0,0,0
MS_UNDEP_PL_LAC_bRPLC_NGP_09A.19268.19268.3.0.dta,MS_UNDEP_PL_LAC_bRPLC_NGP_09A.19268.19268.3.0.dta,MS_UNDEP_PL_LAC_bRPLC_NGP_09A,19268,3687.89898,3649.62889,1217.21448,3,1,TVLTPATNHMGJVTFTIPANR,"10,Oxidation[M];",2271.15503,6 2 0 0,H(6)N(2),(N(N(H(H(H))(H(H(H)))))),1628,0 1 0 0;0 2 0 0;3 2 0 0;4 2 0 0;5 2 0 0;,1378.47569,12,15.62581,18.90654,9.53302,4,-0.00182,-0.49905,0.66667,0.375,0.0,0,0,28765.5,24702.2,86844.1,74790.3,0.0,0.0,0,1.1044530643358731e-24,1.0059568960872652e-26,-1,0.0,1.0059568960872652e-26,sp|P01024|CO3_HUMAN,C3,85,4836230.0,32378700.0,,,-1.0,-1.0,-1,,0,0,0
MS_UNDEP_PL_LAC_bRPLC_NGP_09A.19329.19329.3.0.dta,MS_UNDEP_PL_LAC_bRPLC_NGP_09A.19329.19329.3.0.dta,MS_UNDEP_PL_LAC_bRPLC_NGP_09A,19329,3697.91682,3639.44596,1213.82017,3,1,FSDGLESJSSTQFEVK,,1774.813,9 2 0 0,H(9)N(2),(N(N(H(H(H)(H))(H(H(H(H(H)))))))),1540,0 1 0 0;0 2 0 0;1 2 0 0;2 2 0 0;3 2 0 0;4 2 0 0;5 2 0 0;6 2 0 0;7 2 0 0;,1864.63416,8,39.00048,18.68884,76.72211,7,-0.00119,-0.32715,0.91667,0.53333,0.0,0,0,134800.5,42518.3,107771.4,88533.9,0.0,0.0,0,1.106199911613823e-228,3.0740177081553644e-230,-1,0.0,3.0740177081553644e-230,sp|P0C0L4|CO4A_HUMAN;sp|P0C0L5|CO4B_HUMAN,C4A;C4B,226;226,67081500.0,445970000.0,,,-1.0,-1.0,-1,,0,0,0
MS_UNDEP_PL_LAC_bRPLC_NGP_09A.19532.19532.3.0.dta,MS_UNDEP_PL_LAC_bRPLC_NGP_09A.19532.19532.3.0.dta,MS_UNDEP_PL_LAC_bRPLC_NGP_09A,19532,3730.7262,3639.44708,1213.82054,3,1,FSDGLESJSSTQFEVK,,1774.813,9 2 0 0,H(9)N(2),(N(N(H(H(H(H)))(H(H)(H(H(H))))))),1492,0 1 0 0;0 2 0 0;1 2 0 0;2 2 0 0;3 2 0 0;4 2 0 0;5 2 0 0;6 2 0 0;7 2 0 0;,1864.63416,8,47.2451,32.65943,74.33277,7,-8e-05,-0.02133,0.91667,0.73333,0.0,0,0,148957.3,36846.6,113791.6,89376.0,0.0,0.0,0,2.2357163254793586e-221,5.989031060007391e-223,-1,0.0,5.989031060007391e-223,sp|P0C0L4|CO4A_HUMAN;sp|P0C0L5|CO4B_HUMAN,C4A;C4B,226;226,72484300.0,474332000.0,,,-1.0,-1.0,-1,,0,0,0
MS_UNDEP_PL_LAC_bRPLC_NGP_09A.19720.19720.3.0.dta,MS_UNDEP_PL_LAC_bRPLC_NGP_09A.19720.19720.3.0.dta,MS_UNDEP_PL_LAC_bRPLC_NGP_09A,19720,3761.32446,3639.44674,1213.82043,3,1,FSDGLESJSSTQFEVK,,1774.813,9 2 0 0,H(9)N(2),(N(N(H(H(H(H(H))))(H(H(H(H))))))),1436,0 1 0 0;0 2 0 0;1 2 0 0;2 2 0 0;3 2 0 0;4 2 0 0;5 2 0 0;6 2 0 0;,1864.63416,8,26.32183,19.1423,39.65523,6,-0.00041,-0.11283,0.75,0.56667,0.0,0,0,163817.0,46640.1,121974.4,110585.7,0.0,0.0,0,1.854968735242951e-115,2.845251681235836e-117,-1,0.0,2.845251681235836e-117,sp|P0C0L4|CO4A_HUMAN;sp|P0C0L5|CO4B_HUMAN,C4A;C4B,226;226,46540700.0,305704000.0,,,-1.0,-1.0,-1,,0,0,0
MS_UNDEP_PL_LAC_bRPLC_NGP_09A.19914.19914.3.0.dta,MS_UNDEP_PL_LAC_bRPLC_NGP_09A.19914.19914.3.0.dta,MS_UNDEP_PL_LAC_bRPLC_NGP_09A,19914,3792.6912,3639.4477,1213.82075,3,1,FSDGLESJSSTQFEVK,,1774.813,9 2 0 0,H(9)N(2),(N(N(H(H)(H(H)(H(H(H(H(H))))))))),2251,0 1 0 0;0 2 0 0;1 2 0 0;2 2 0 0;3 2 0 0;4 2 0 0;5 2 0 0;6 2 0 0;7 2 0 0;,1864.63416,8,25.67837,10.36764,54.11257,6,0.00054,0.1493,0.83333,0.4,0.0,0,0,116775.6,32563.8,90094.3,83723.7,0.0,0.0,0,1.1805904858711745e-159,2.1168218187380684e-161,-1,0.0,2.1168218187380684e-161,sp|P0C0L4|CO4A_HUMAN;sp|P0C0L5|CO4B_HUMAN,C4A;C4B,226;226,47039700.0,306743000.0,,,-1.0,-1.0,-1,,0,0,0
MS_UNDEP_PL_LAC_bRPLC_NGP_09A.20106.20106.3.0.dta,MS_UNDEP_PL_LAC_bRPLC_NGP_09A.20106.20106.3.0.dta,MS_UNDEP_PL_LAC_bRPLC_NGP_09A,20106,3824.16012,3639.44752,1213.82069,3,1,FSDGLESJSSTQFEVK,,1774.813,9 2 0 0,H(9)N(2),(N(N(H(H(H)(H))(H(H(H(H(H)))))))),1540,0 1 0 0;0 2 0 0;1 2 0 0;2 2 0 0;3 2 0 0;4 2 0 0;5 2 0 0;6 2 0 0;7 2 0 0;,1864.63416,8,31.77701,10.35684,71.55734,7,0.00037,0.10149,0.91667,0.4,0.0,0,0,125040.9,30359.9,89034.7,70525.4,0.0,0.0,0,6.755495735437778e-213,1.688949293375857e-214,-1,0.0,1.688949293375857e-214,sp|P0C0L4|CO4A_HUMAN;sp|P0C0L5|CO4B_HUMAN,C4A;C4B,226;226,52381500.0,344683000.0,,,-1.0,-1.0,-1,,0,0,0
MS_UNDEP_PL_LAC_bRPLC_NGP_09A.20292.20292.3.0.dta,MS_UNDEP_PL_LAC_bRPLC_NGP_09A.20292.20292.3.0.dta,MS_UNDEP_PL_LAC_bRPLC_NGP_09A,20292,3854.55312,3639.44578,1213.82011,3,1,FSDGLESJSSTQFEVK,,1774.813,9 2 0 0,H(9)N(2),(N(N(H(H(H)(H))(H(H(H(H(H)))))))),1540,0 1 0 0;0 2 0 0;1 2 0 0;2 2 0 0;3 2 0 0;4 2 0 0;5 2 0 0;6 2 0 0;,1864.63416,8,21.73428,12.33735,39.18572,6,-0.00137,-0.37743,0.75,0.43333,0.0,0,0,71478.7,21607.4,66757.3,48403.4,0.0,0.0,0,5.069352807397366e-114,6.539472767773126e-116,-1,0.0,6.539472767773126e-116,sp|P0C0L4|CO4A_HUMAN;sp|P0C0L5|CO4B_HUMAN,C4A;C4B,226;226,47794000.0,317709000.0,,,-1.0,-1.0,-1,,0,0,0
MS_UNDEP_PL_LAC_bRPLC_NGP_09A.20479.20479.3.0.dta,MS_UNDEP_PL_LAC_bRPLC_NGP_09A.20479.20479.3.0.dta,MS_UNDEP_PL_LAC_bRPLC_NGP_09A,20479,3885.07362,3639.44742,1213.82066,3,1,FSDGLESJSSTQFEVK,,1774.813,9 2 0 0,H(9)N(2),(N(N(H(H(H)(H))(H(H(H(H(H)))))))),1540,0 1 0 0;0 2 0 0;1 2 0 0;2 2 0 0;3 2 0 0;4 2 0 0;5 2 0 0;6 2 0 0;7 2 0 0;,1864.63416,8,21.27805,9.402,43.33358,6,0.00026,0.07264,0.83333,0.36667,0.0,0,0,109753.2,33085.0,80497.7,59735.1,0.0,0.0,0,1.032235926229544e-126,1.6001273356220323e-128,-1,0.0,1.6001273356220323e-128,sp|P0C0L4|CO4A_HUMAN;sp|P0C0L5|CO4B_HUMAN,C4A;C4B,226;226,41522700.0,277537000.0,,,-1.0,-1.0,-1,,0,0,0
MS_UNDEP_PL_LAC_bRPLC_NGP_09A.20861.20861.3.0.dta,MS_UNDEP_PL_LAC_bRPLC_NGP_09A.20861.20861.3.0.dta,MS_UNDEP_PL_LAC_bRPLC_NGP_09A,20861,3947.24136,3639.44812,1213.82089,3,1,FSDGLESJSSTQFEVK,,1774.813,9 2 0 0,H(9)N(2),(N(N(H(H(H)(H))(H(H(H(H(H)))))))),1540,0 1 0 0;0 2 0 0;1 2 0 0;2 2 0 0;3 2 0 0;4 2 0 0;5 2 0 0;6 2 0 0;7 2 0 0;,1864.63416,8,18.2622,6.39186,40.30712,6,0.00096,0.2647,0.83333,0.33333,0.0,0,0,78681.3,19955.8,65425.0,46626.3,0.0,0.0,0,1.877598679930638e-117,5.220228375428567e-119,-1,0.0,5.220228375428567e-119,sp|P0C0L4|CO4A_HUMAN;sp|P0C0L5|CO4B_HUMAN,C4A;C4B,226;226,35876700.0,240210000.0,,,-1.0,-1.0,-1,,0,0,0
MS_UNDEP_PL_LAC_bRPLC_NGP_09A.21053.21053.3.1.dta,MS_UNDEP_PL_LAC_bRPLC_NGP_09A.21053.21053.3.1.dta,MS_UNDEP_PL_LAC_bRPLC_NGP_09A,21053,3978.68916,3639.44681,1213.82046,3,1,FSDGLESJSSTQFEVK,,1774.813,9 2 0 0,H(9)N(2),(N(N(H(H(H)(H))(H(H(H))(H(H)))))),1545,0 1 0 0;0 2 0 0;1 2 0 0;2 2 0 0;3 2 0 0;4 2 0 0;5 2 0 0;6 2 0 0;,1864.63416,8,16.89039,6.15365,36.83005,6,-0.00034,-0.09387,0.75,0.3,0.0,0,0,81267.2,28147.4,71974.7,65987.0,0.0,0.0,0,8.136471440355439e-107,9.415665198785706e-109,-1,0.0,9.415665198785706e-109,sp|P0C0L4|CO4A_HUMAN;sp|P0C0L5|CO4B_HUMAN,C4A;C4B,226;226,33090100.0,219811000.0,,,-1.0,-1.0,-1,,0,0,0
MS_UNDEP_PL_LAC_bRPLC_NGP_09A.21632.21632.3.0.dta,MS_UNDEP_PL_LAC_bRPLC_NGP_09A.21632.21632.3.0.dta,MS_UNDEP_PL_LAC_bRPLC_NGP_09A,21632,4072.64238,3639.44767,1213.82074,3,1,FSDGLESJSSTQFEVK,,1774.813,9 2 0 0,H(9)N(2),(N(N(H(H(H)(H))(H(H(H(H(H)))))))),1540,0 1 0 0;0 2 0 0;1 2 0 0;2 2 0 0;4 2 0 0;5 2 0 0;6 2 0 0;,1864.63416,8,14.13992,10.54722,20.81207,5,0.00051,0.14023,0.66667,0.43333,0.0,0,0,67254.8,20500.7,62572.8,49587.3,0.0,0.0,0,1.4564707486550353e-58,1.8912904741749039e-60,-1,0.0,1.8912904741749039e-60,sp|P0C0L4|CO4A_HUMAN;sp|P0C0L5|CO4B_HUMAN,C4A;C4B,226;226,22362500.0,149389000.0,,,-1.0,-1.0,-1,,0,0,0
MS_UNDEP_PL_LAC_bRPLC_NGP_09A.22352.22352.3.0.dta,MS_UNDEP_PL_LAC_bRPLC_NGP_09A.22352.22352.3.0.dta,MS_UNDEP_PL_LAC_bRPLC_NGP_09A,22352,4190.2143,3795.68877,1265.90111,3,1,TVLTPATNHMGJVTFTIPANR,,2255.16011,7 2 0 0,H(7)N(2),(N(N(H(H(H))(H(H(H(H))))))),1622,0 1 0 0;0 2 0 0;1 2 0 0;2 2 0 0;3 2 0 0;4 2 0 0;5 2 0 0;6 2 0 0;,1540.52851,12,13.29684,9.60508,20.15298,5,0.00014,0.03747,0.8,0.3,0.0,0,0,18130.5,12884.5,43989.8,37553.6,0.0,4313.0,0,1.3699871929046818e-56,1.056764256830152e-58,-1,0.0,1.056764256830152e-58,sp|P01024|CO3_HUMAN,C3,85,1873140.0,14498000.0,,,-1.0,-1.0,-1,,0,0,0
MS_UNDEP_PL_LAC_bRPLC_NGP_09A.22413.22413.3.0.dta,MS_UNDEP_PL_LAC_bRPLC_NGP_09A.22413.22413.3.0.dta,MS_UNDEP_PL_LAC_bRPLC_NGP_09A,22413,4200.07422,3633.63546,1211.88334,3,1,TVLTPATNHMGJVTFTIPANR,,2255.16011,6 2 0 0,H(6)N(2),(N(N(H(H(H))(H(H)(H))))),1636,0 1 0 0;0 2 0 0;1 2 0 0;2 2 0 0;3 2 0 0;4 2 0 0;5 2 0 0;,1378.47569,12,30.88061,15.21147,59.98042,7,-0.00034,-0.09394,1.0,0.375,0.0,0,0,25657.5,16213.8,64962.7,61107.0,0.0,0.0,0,1.4542708615379444e-177,3.091351237887235e-179,-1,0.0,3.091351237887235e-179,sp|P01024|CO3_HUMAN,C3,85,12315100.0,89061100.0,,,-1.0,-1.0,-1,,0,0,0
MS_UNDEP_PL_LAC_bRPLC_NGP_09A.22651.22651.3.0.dta,MS_UNDEP_PL_LAC_bRPLC_NGP_09A.22651.22651.3.0.dta,MS_UNDEP_PL_LAC_bRPLC_NGP_09A,22651,4238.65224,2784.12309,928.71255,3,1,JGSLFAFR,,911.47338,6 3 1 0,H(6)N(3)A(1),(N(N(H(H)(H(H)(H(N(H(A)))))))),2255,0 1 0 0;0 2 0 0;1 2 0 0;2 2 0 0;3 2 0 0;3 3 0 0;4 2 0 0;4 3 0 0;5 2 0 0;5 3 0 0;6 3 0 0;,1872.65047,1,50.92442,28.64095,92.308,7,-0.00076,-0.27276,0.86667,1.21429,0.0,0,0,45595.5,466397.6,608497.6,481540.3,106723.4,280221.7,0,1.935853390924146e-276,2.0086579362874627e-277,-1,0.0,2.0086579362874627e-277,sp|P04004|VTNC_HUMAN,VTN,169,47881700.0,200161000.0,,,-1.0,-1.0,-1,,0,0,0
MS_UNDEP_PL_LAC_bRPLC_NGP_09A.22654.22654.3.0.dta,MS_UNDEP_PL_LAC_bRPLC_NGP_09A.22654.22654.3.0.dta,MS_UNDEP_PL_LAC_bRPLC_NGP_09A,22654,4239.11352,3639.44706,1213.82054,3,1,FSDGLESJSSTQFEVK,,1774.813,9 2 0 0,H(9)N(2),(N(N(H(H(H(H)))(H(H(H))(H(H)))))),1487,0 1 0 0;0 2 0 0;1 2 0 0;3 2 0 0;4 2 0 0;5 2 0 0;6 2 0 0;,1864.63416,8,11.11522,7.82481,17.22597,5,-9e-05,-0.02463,0.66667,0.36667,0.0,0,0,44727.2,14645.6,42905.4,34726.7,0.0,0.0,0,8.405391481629153e-48,1.229092768547935e-49,-1,0.0,1.229092768547935e-49,sp|P0C0L4|CO4A_HUMAN;sp|P0C0L5|CO4B_HUMAN,C4A;C4B,226;226,11364300.0,78626700.0,,,-1.0,-1.0,-1,,0,0,0
MS_UNDEP_PL_LAC_bRPLC_NGP_09A.22672.22672.4.1.dta,MS_UNDEP_PL_LAC_bRPLC_NGP_09A.22672.22672.4.1.dta,MS_UNDEP_PL_LAC_bRPLC_NGP_09A,22672,4242.08478,4416.78684,1104.95217,4,1,DIVEYYJDSJGSHVLQGR,,2065.95735,5 4 2 1,H(5)N(4)A(2)F(1),(N(F)(N(H(H(N(H(A))))(H(N(H(A))))))),226,0 1 0 0;0 1 0 1;0 2 0 0;0 2 0 1;1 2 0 0;1 2 0 1;2 2 0 0;2 2 0 1;3 2 0 0;3 2 0 1;3 3 0 0;3 3 0 1;3 3 1 1;4 3 0 0;4 3 0 1;4 3 1 0;4 3 1 1;5 4 0 1;,2350.83035,7,48.82108,31.73969,80.54367,9,-0.00087,-0.19649,0.60606,0.67647,0.0,0,0,0.0,363674.8,343167.0,402004.7,114036.7,286027.8,0,2.233160975103448e-240,7.443917913230342e-242,-1,0.0,7.443917913230342e-242,sp|P25311|ZA2G_HUMAN,AZGP1,109,7463970.0,73588100.0,,,-1.0,-1.0,-1,,0,0,0
MS_UNDEP_PL_LAC_bRPLC_NGP_09A.22683.22683.3.0.dta,MS_UNDEP_PL_LAC_bRPLC_NGP_09A.22683.22683.3.0.dta,MS_UNDEP_PL_LAC_bRPLC_NGP_09A,22683,4243.88934,2825.1494,942.38798,3,1,JGSLFAFR,,911.47338,5 4 1 0,H(5)N(4)A(1),(N(N(H(H(N(H)))(H(N(H(A))))))),2036,0 1 0 0;0 2 0 0;1 2 0 0;2 2 0 0;2 3 0 0;3 2 0 0;3 3 0 0;3 3 1 0;4 3 0 0;4 3 1 0;4 4 0 0;5 4 0 0;,1913.67702,1,39.16803,14.34081,85.27573,7,-0.001,-0.3552,0.875,0.85714,0.0,0,0,0.0,704849.5,439830.1,580226.6,75383.1,179924.4,0,7.1096175231971065e-255,3.321235974807572e-256,-1,0.0,3.321235974807572e-256,sp|P04004|VTNC_HUMAN,VTN,169,49949600.0,216973000.0,,,-1.0,-1.0,-1,,0,0,0
MS_UNDEP_PL_LAC_bRPLC_NGP_09A.22862.22862.4.1.dta,MS_UNDEP_PL_LAC_bRPLC_NGP_09A.22862.22862.4.1.dta,MS_UNDEP_PL_LAC_bRPLC_NGP_09A,22862,4273.2672,4416.78881,1104.95266,4,1,DIVEYYJDSJGSHVLQGR,,2065.95735,5 4 2 1,H(5)N(4)A(2)F(1),(N(F)(N(H(H(N(H(A))))(H(N(H(A))))))),226,0 1 0 0;0 1 0 1;0 2 0 0;0 2 0 1;1 2 0 0;2 2 0 0;2 2 0 1;3 2 0 0;3 2 0 1;3 3 0 1;3 3 1 1;4 3 0 0;4 3 0 1;4 3 1 1;,2350.83035,7,15.82567,9.24485,28.04718,7,0.0011,0.24999,0.42424,0.32353,0.0,0,0,0.0,174612.2,170610.7,204754.9,61582.2,156871.2,0,3.516751239029411e-80,8.577457727257605e-82,-1,0.0,8.577457727257605e-82,sp|P25311|ZA2G_HUMAN,AZGP1,109,17301900.0,171692000.0,,,-1.0,-1.0,-1,,0,0,0
MS_UNDEP_PL_LAC_bRPLC_NGP_09A.22938.22938.3.0.dta,MS_UNDEP_PL_LAC_bRPLC_NGP_09A.22938.22938.3.0.dta,MS_UNDEP_PL_LAC_bRPLC_NGP_09A,22938,4285.64232,4416.78635,1472.93363,3,1,DIVEYYJDSJGSHVLQGR,,2065.95735,5 4 2 1,H(5)N(4)A(2)F(1),(N(F)(N(H(H(N(H(A))))(H(N(H(A))))))),226,0 1 0 0;0 1 0 1;0 2 0 0;0 2 0 1;1 2 0 0;1 2 0 1;2 2 0 0;2 2 0 1;2 3 0 0;2 3 0 1;3 2 0 0;3 2 0 1;3 3 0 0;3 3 0 1;3 3 1 0;3 3 1 1;4 3 0 0;4 3 0 1;4 3 1 0;4 3 1 1;5 4 0 0;5 4 0 1;5 4 1 0;5 4 1 1;,2350.83035,7,74.16034,41.8839,134.10229,9,-0.00135,-0.30652,0.78788,0.70588,0.0,0,0,0.0,1193704.7,1266431.4,1706150.8,268874.5,631418.6,0,0.0,0.0,-1,0.0,0.0,sp|P25311|ZA2G_HUMAN,AZGP1,109,15144100.0,161223000.0,,,-1.0,-1.0,-1,,0,0,0
MS_UNDEP_PL_LAC_bRPLC_NGP_09A.22971.22971.3.0.dta,MS_UNDEP_PL_LAC_bRPLC_NGP_09A.22971.22971.3.0.dta,MS_UNDEP_PL_LAC_bRPLC_NGP_09A,22971,4291.06152,2622.07098,874.69518,3,1,JGSLFAFR,,911.47338,5 3 1 0,H(5)N(3)A(1),(N(N(H(H(H))(H(N(H(A))))))),1650,0 1 0 0;0 2 0 0;1 2 0 0;2 2 0 0;3 2 0 0;3 3 0 0;4 2 0 0;4 3 0 0;5 3 0 0;,1710.59765,1,33.46098,14.10722,69.40366,7,-4e-05,-0.01639,0.78571,0.85714,0.0,0,0,0.0,165248.3,227411.6,204921.1,39498.0,113937.1,0,2.549285291395196e-206,6.0697965043735884e-208,-1,0.0,6.0697965043735884e-208,sp|P04004|VTNC_HUMAN,VTN,169,47974800.0,190143000.0,,,-1.0,-1.0,-1,,0,0,0
MS_UNDEP_PL_LAC_bRPLC_NGP_09A.23068.23068.3.0.dta,MS_UNDEP_PL_LAC_bRPLC_NGP_09A.23068.23068.3.0.dta,MS_UNDEP_PL_LAC_bRPLC_NGP_09A,23068,4306.7946,4270.72721,1424.24725,3,1,DIVEYYJDSJGSHVLQGR,,2065.95735,5 4 2 0,H(5)N(4)A(2),(N(N(H(H(N(H(A))))(H(N(H(A))))))),1791,0 1 0 0;0 2 0 0;1 2 0 0;2 2 0 0;3 2 0 0;3 3 0 0;3 3 1 0;4 3 0 0;4 3 1 0;5 4 0 0;5 4 1 0;,2204.77244,10,34.78539,20.97514,60.433,7,-0.00259,-0.60599,0.76471,0.5,0.0,0,0,0.0,390867.6,401875.0,557791.2,79293.4,193474.2,0,6.0491244163122636e-179,1.2602342713916837e-180,-1,0.0,1.2602342713916837e-180,sp|P25311|ZA2G_HUMAN,AZGP1,112,23200400.0,214929000.0,,,-1.0,-1.0,-1,,0,0,0
MS_UNDEP_PL_LAC_bRPLC_NGP_09A.23069.23069.4.2.dta,MS_UNDEP_PL_LAC_bRPLC_NGP_09A.23069.23069.4.2.dta,MS_UNDEP_PL_LAC_bRPLC_NGP_09A,23069,4306.94862,4270.72854,1068.43759,4,1,DIVEYYJDSJGSHVLQGR,,2065.95735,5 4 2 0,H(5)N(4)A(2),(N(N(H(H(N(H(A))))(H(N(H(A))))))),1791,0 1 0 0;0 2 0 0;1 2 0 0;2 2 0 0;3 2 0 0;3 3 0 0;3 3 1 0;4 3 0 0;4 3 1 0;,2204.77244,7,10.50482,5.60673,19.60126,5,-0.00126,-0.2948,0.52941,0.26471,0.0,0,0,0.0,152414.1,143754.2,162937.2,46592.6,122059.5,0,6.167427069182376e-55,4.7994409927548745e-57,-1,0.0,4.7994409927548745e-57,sp|P25311|ZA2G_HUMAN,AZGP1,109,18167200.0,181910000.0,,,-1.0,-1.0,-1,,0,0,0
MS_UNDEP_PL_LAC_bRPLC_NGP_09A.26819.26819.4.1.dta,MS_UNDEP_PL_LAC_bRPLC_NGP_09A.26819.26819.4.1.dta,MS_UNDEP_PL_LAC_bRPLC_NGP_09A,26819,4920.39906,4758.14484,1190.29167,4,1,SLGNVJFTVSAEALESQELCGTEVPSVPEHGRK,"20,Carbamidomethyl[C];",3541.72275,5 2 0 0,H(5)N(2),(N(N(H(H(H))(H(H))))),1637,0 1 0 0;2 2 0 0;3 2 0 0;4 2 0 0;,1216.42286,6,10.76154,10.62732,11.01081,4,-0.00078,-0.1637,0.625,0.23438,0.0,0,0,15415.0,12289.6,70547.3,66668.5,0.0,0.0,0,4.799369215222712e-29,4.4004945739170925e-31,-1,0.0,4.4004945739170925e-31,sp|P01023|A2MG_HUMAN,A2M,869,14123700.0,176391000.0,,,-1.0,-1.0,-1,,0,0,0
MS_UNDEP_PL_LAC_bRPLC_NGP_09A.28050.28050.4.1.dta,MS_UNDEP_PL_LAC_bRPLC_NGP_09A.28050.28050.4.1.dta,MS_UNDEP_PL_LAC_bRPLC_NGP_09A,28050,5121.19632,5620.40353,1405.85634,4,1,RNPPMGGJVVIFDTVITNQEEPYQJHSGR,,3269.57563,5 4 2 1,H(5)N(4)A(2)F(1),(N(F)(N(H(H(N(H(A))))(H(N(H(A))))))),226,0 1 0 0;0 1 0 1;0 2 0 0;1 2 0 0;2 2 0 0;2 2 0 1;2 3 0 1;3 2 0 0;3 3 0 0;3 3 0 1;3 3 1 0;3 3 1 1;4 3 0 0;4 3 0 1;4 3 1 0;4 3 1 1;5 4 1 1;,2350.83035,25,31.63371,18.55515,55.92247,7,-0.00244,-0.43482,0.54545,0.26786,0.0,0,0,0.0,559794.8,521099.5,704495.4,117867.5,207391.7,0,3.521892214987649e-165,6.526631322693856e-167,-1,0.0,6.526631322693856e-167,sp|P02745|C1QA_HUMAN,C1QA,146,15215300.0,278957000.0,,,-1.0,-1.0,-1,,0,0,0
MS_UNDEP_PL_LAC_bRPLC_NGP_09A.28051.28051.5.0.dta,MS_UNDEP_PL_LAC_bRPLC_NGP_09A.28051.28051.5.0.dta,MS_UNDEP_PL_LAC_bRPLC_NGP_09A,28051,5121.35034,5620.40688,1124.8872,5,1,RNPPMGGJVVIFDTVITNQEEPYQJHSGR,,3269.57563,5 4 2 1,H(5)N(4)A(2)F(1),(N(F)(N(H(H(N(H(A))))(H(N(H(A))))))),226,0 1 0 0;0 1 0 1;0 2 0 0;0 2 0 1;1 2 0 0;2 2 0 0;2 2 0 1;3 2 0 0;3 2 0 1;3 3 0 0;3 3 0 1;4 3 0 1;,2350.83035,25,18.09732,14.80284,24.21564,7,0.00091,0.16105,0.36364,0.21429,0.0,0,0,0.0,267620.6,221859.1,274905.5,74295.7,200644.5,0,9.893671658991026e-69,8.044160807520565e-71,-1,0.0,8.044160807520565e-71,sp|P02745|C1QA_HUMAN,C1QA,146,9922950.0,185480000.0,,,-1.0,-1.0,-1,,0,0,0
MS_UNDEP_PL_LAC_bRPLC_NGP_09A.29666.29666.3.2.dta,MS_UNDEP_PL_LAC_bRPLC_NGP_09A.29666.29666.3.2.dta,MS_UNDEP_PL_LAC_bRPLC_NGP_09A,29666,5384.64174,4000.76695,1334.2605,3,1,VVLHPJYSQVDIGLIK,"9,Deamidated[Q];",1795.99525,5 4 2 0,H(5)N(4)A(2),(N(N(H(H(N(H(A))))(H(N(H(A))))))),1791,0 1 0 0;0 2 0 0;1 2 0 0;2 2 0 0;2 3 0 0;3 2 0 0;3 3 0 0;3 3 1 0;4 3 0 0;4 3 1 0;4 4 0 0;5 4 0 0;5 4 1 0;,2204.77244,6,27.99311,12.18246,57.35574,6,-0.00075,-0.18647,0.82353,0.4,0.0,0,0,0.0,481568.7,441931.5,609817.0,93981.6,206568.9,0,1.4864280654317423e-169,2.872986839832044e-171,-1,0.0,2.872986839832044e-171,sp|P00738|HPT_HUMAN,HP,241,51198900.0,424163000.0,,,-1.0,-1.0,-1,,0,0,0
MS_UNDEP_PL_LAC_bRPLC_NGP_09A.29667.29667.4.3.dta,MS_UNDEP_PL_LAC_bRPLC_NGP_09A.29667.29667.4.3.dta,MS_UNDEP_PL_LAC_bRPLC_NGP_09A,29667,5384.79576,4000.7674,1000.94731,4,1,VVLHPJYSQVDIGLIK,"9,Deamidated[Q];",1795.99525,5 4 2 0,H(5)N(4)A(2),(N(N(H(H(N(H(A))))(H(N(H(A))))))),1791,0 1 0 0;0 2 0 0;1 2 0 0;2 2 0 0;2 3 0 0;3 2 0 0;3 3 0 0;3 3 1 0;4 3 0 0;4 3 1 0;,2204.77244,6,19.81179,8.01907,41.71257,6,-0.00029,-0.07249,0.64706,0.33333,0.0,0,0,0.0,235962.4,206408.4,272417.8,72224.3,209744.8,0,9.399819682244488e-122,2.7500861296029314e-123,-1,0.0,2.7500861296029314e-123,sp|P00738|HPT_HUMAN,HP,241,31696300.0,255125000.0,,,-1.0,-1.0,-1,,0,0,0
MS_UNDEP_PL_LAC_bRPLC_NGP_09A.29865.29865.3.1.dta,MS_UNDEP_PL_LAC_bRPLC_NGP_09A.29865.29865.3.1.dta,MS_UNDEP_PL_LAC_bRPLC_NGP_09A,29865,5417.08956,4000.76889,1334.26115,3,1,VVLHPJYSQVDIGLIK,"9,Deamidated[Q];",1795.99525,5 4 2 0,H(5)N(4)A(2),(N(N(H(H(N(H(A))))(H(N(H(A))))))),1791,0 1 0 0;0 2 0 0;2 2 0 0;3 2 0 0;3 3 0 0;3 3 1 0;4 3 0 0;4 3 1 0;,2204.77244,6,9.39296,7.83719,12.28225,4,0.00119,0.29868,0.47059,0.33333,0.0,0,0,0.0,158760.8,143828.9,186718.1,44354.7,87001.8,0,7.068765513484477e-33,6.814013546948671e-35,-1,0.0,6.814013546948671e-35,sp|P00738|HPT_HUMAN,HP,241,4770780.0,42604800.0,,,-1.0,-1.0,-1,,0,0,0
MS_UNDEP_PL_LAC_bRPLC_NGP_09A.31070.31070.4.1.dta,MS_UNDEP_PL_LAC_bRPLC_NGP_09A.31070.31070.4.1.dta,MS_UNDEP_PL_LAC_bRPLC_NGP_09A,31070,5614.50786,4036.7733,1009.94878,4,1,VDKDLQSLEDILHQVEJK,,2123.09789,5 4 1 0,H(5)N(4)A(1),(N(N(H(H(N(H)))(H(N(H(A))))))),2036,0 1 0 0;0 2 0 0;1 2 0 0;2 2 0 0;3 2 0 0;3 3 0 0;4 3 0 0;4 4 0 0;5 4 0 0;,1913.67702,17,27.52129,7.71172,64.31051,7,-0.00161,-0.39945,0.6875,0.26471,0.0,0,0,0.0,376962.6,363052.8,591343.1,72599.2,182173.9,0,8.927683566275656e-191,2.029019081387223e-192,-1,0.0,2.029019081387223e-192,sp|P02679|FIBG_HUMAN,FGG,78,16087200.0,137946000.0,,,-1.0,-1.0,-1,,0,0,0
MS_UNDEP_PL_LAC_bRPLC_NGP_09A.31262.31262.4.1.dta,MS_UNDEP_PL_LAC_bRPLC_NGP_09A.31262.31262.4.1.dta,MS_UNDEP_PL_LAC_bRPLC_NGP_09A,31262,5645.5389,3874.72138,969.4358,4,1,VDKDLQSLEDILHQVEJK,,2123.09789,4 4 1 0,H(4)N(4)A(1),(N(N(H(H(N))(H(N(H(A))))))),2205,0 1 0 0;0 2 0 0;1 2 0 0;2 2 0 0;2 3 0 0;3 2 0 0;3 3 0 0;3 4 0 0;4 3 0 0;4 3 1 0;4 4 0 0;,1751.6242,17,38.12285,8.94402,92.3121,7,-0.00071,-0.183,0.92857,0.26471,0.0,0,0,0.0,189340.7,395449.7,371537.9,55860.5,176814.2,0,1.8805966880220133e-276,1.0447759377900185e-277,-1,0.0,1.0447759377900185e-277,sp|P02679|FIBG_HUMAN,FGG,78,17589100.0,137508000.0,,,-1.0,-1.0,-1,,0,0,0
MS_UNDEP_PL_LAC_bRPLC_NGP_09A.34560.34560.4.1.dta,MS_UNDEP_PL_LAC_bRPLC_NGP_09A.34560.34560.4.1.dta,MS_UNDEP_PL_LAC_bRPLC_NGP_09A,34560,6190.4124,4987.9993,1247.75528,4,1,EJLTAPGSDSAVFFEQGTTR,,2126.9989,6 5 3 0,H(6)N(5)A(3),(N(N(H(H(N(H(A))))(H(N(H(A)))(N(H(A))))))),1790,0 1 0 0;0 2 0 0;1 2 0 0;2 2 0 0;3 3 0 0;3 3 1 0;4 3 0 0;4 3 1 0;5 4 1 0;,2861.00005,2,13.91077,16.06173,9.91614,4,0.00035,0.06946,0.3,0.47368,0.0,0,0,0.0,256324.1,218835.5,230358.8,54252.1,132318.8,0,8.49072196196781e-26,4.6223372843148495e-28,-1,0.0,4.6223372843148495e-28,sp|P00450|CERU_HUMAN,CP,397,8308670.0,108967000.0,,,-1.0,-1.0,-1,,0,0,0
MS_UNDEP_PL_LAC_bRPLC_NGP_09A.34580.34580.4.5.dta,MS_UNDEP_PL_LAC_bRPLC_NGP_09A.34580.34580.4.5.dta,MS_UNDEP_PL_LAC_bRPLC_NGP_09A,34580,6193.7106,5687.37184,1422.59842,4,1,LPTQJITFQTESSVAEQEAEFQSPK,,2809.35266,7 5 2 1,H(7)N(5)A(2)F(1),(N(N(H(N)(H(H)(H))(H(N(H(A)))(N(F)(H(A))))))),2341,0 1 0 0;0 2 0 0;1 2 0 0;2 2 0 0;3 3 1 0;4 3 0 0;4 3 1 0;,2878.01537,5,6.19686,6.52421,5.58893,5,0.00381,0.66986,0.09195,0.25,0.0,0,0,0.0,265876.4,201784.5,231782.2,58703.5,107826.9,0,7.928197610273302e-09,3.2431337925507534e-11,-1,0.0,3.2431337925507534e-11,sp|Q14624|ITIH4_HUMAN,ITIH4,517,2998810.0,44871400.0,,,-1.0,-1.0,-1,,0,0,0
MS_UNDEP_PL_LAC_bRPLC_NGP_09A.34623.34623.4.1.dta,MS_UNDEP_PL_LAC_bRPLC_NGP_09A.34623.34623.4.1.dta,MS_UNDEP_PL_LAC_bRPLC_NGP_09A,34623,6200.7306,5261.19481,1316.05416,4,1,FJLTETSEAEIHQSFQHLLR,,2400.19425,6 5 3 0,H(6)N(5)A(3),(N(N(H(H(N(H(A))))(H(N(H(A)))(N(H(A))))))),1790,0 1 0 0;0 2 0 0;1 2 0 0;2 2 0 0;3 3 0 0;3 3 1 0;4 3 0 0;5 4 0 0;5 4 1 0;5 4 2 0;,2861.00005,2,13.37897,11.55768,16.76135,5,0.00051,0.09608,0.36667,0.39474,0.0,0,0,0.0,312840.8,315923.9,397181.7,79996.8,190071.9,0,2.10485753069119e-46,2.281831431691185e-48,-1,0.0,2.281831431691185e-48,sp|P01011|AACT_HUMAN,SERPINA3,106,6904390.0,106884000.0,,,-1.0,-1.0,-1,,0,0,0
MS_UNDEP_PL_LAC_bRPLC_NGP_09A.34942.34942.4.1.dta,MS_UNDEP_PL_LAC_bRPLC_NGP_09A.34942.34942.4.1.dta,MS_UNDEP_PL_LAC_bRPLC_NGP_09A,34942,6253.0908,4987.99746,1247.75482,4,1,EJLTAPGSDSAVFFEQGTTR,,2126.9989,6 5 3 0,H(6)N(5)A(3),(N(N(H(H(N(H(A))))(H(N(H(A)))(N(H(A))))))),1790,0 1 0 0;0 2 0 0;1 2 0 0;2 2 0 0;3 3 0 0;3 3 1 0;4 3 0 0;4 3 1 0;4 4 1 0;5 4 0 0;5 4 1 0;,2861.00005,2,28.36094,35.78558,14.57232,4,-0.0015,-0.30023,0.36667,0.65789,0.0,0,0,0.0,442212.3,419133.8,448606.4,149113.7,329025.6,0,8.430446227459437e-40,1.5346527390857146e-41,-1,0.0,1.5346527390857146e-41,sp|P00450|CERU_HUMAN,CP,397,6694390.0,84364500.0,,,-1.0,-1.0,-1,,0,0,0
MS_UNDEP_PL_LAC_bRPLC_NGP_09A.38180.38180.3.0.dta,MS_UNDEP_PL_LAC_bRPLC_NGP_09A.38180.38180.3.0.dta,MS_UNDEP_PL_LAC_bRPLC_NGP_09A,38180,6801.2904,4188.78025,1396.9316,3,1,IYPGVDFGGEELJVTFVK,,1984.00621,5 4 2 0,H(5)N(4)A(2),(N(N(H(H(N(H(A))))(H(N(H(A))))))),1791,0 1 0 0;0 2 0 0;2 2 0 0;3 2 0 0;3 3 0 0;3 3 1 0;4 3 0 0;4 3 1 0;4 4 1 0;5 4 0 0;5 4 1 0;,2204.77244,13,10.88368,5.63419,20.63274,4,0.0016,0.3822,0.64706,0.23529,0.0,0,0,0.0,348662.7,362835.3,441968.8,78967.9,183320.2,0,5.012587496391025e-58,8.575029230416637e-60,-1,0.0,8.575029230416637e-60,sp|P03952|KLKB1_HUMAN,KLKB1,308,5717140.0,55472800.0,,,-1.0,-1.0,-1,,0,0,0
MS_UNDEP_PL_LAC_bRPLC_NGP_09A.39390.39390.3.0.dta,MS_UNDEP_PL_LAC_bRPLC_NGP_09A.39390.39390.3.0.dta,MS_UNDEP_PL_LAC_bRPLC_NGP_09A,39390,6999.8214,4382.82941,1461.61466,3,1,SLTFJETYQDISELVYGAK,,2178.06009,5 4 2 0,H(5)N(4)A(2),(N(N(H(H(N(H(A))))(H(N(H(A))))))),1791,0 1 0 0;0 2 0 0;2 2 0 0;3 2 0 0;3 3 0 0;3 3 1 0;4 3 0 0;4 3 1 0;,2204.77244,5,28.2316,32.11113,21.02677,5,-0.00312,-0.71119,0.52941,0.63889,0.0,0,0,0.0,523554.2,522306.4,614113.7,110146.3,242349.1,0,3.317763652006196e-59,4.504897135745821e-61,-1,0.0,4.504897135745821e-61,sp|P01008|ANT3_HUMAN,SERPINC1,187,40732300.0,413072000.0,,,-1.0,-1.0,-1,,0,0,0
MS_UNDEP_PL_LAC_bRPLC_NGP_09A.39393.39393.4.1.dta,MS_UNDEP_PL_LAC_bRPLC_NGP_09A.39393.39393.4.1.dta,MS_UNDEP_PL_LAC_bRPLC_NGP_09A,39393,7000.2774,4382.83171,1096.46339,4,1,SLTFJETYQDISELVYGAK,,2178.06009,5 4 2 0,H(5)N(4)A(2),(N(N(H(H(N(H(A))))(H(N(H(A))))))),1791,0 1 0 0;0 2 0 0;1 2 0 0;2 2 0 0;3 2 0 0;3 3 0 0;4 3 0 0;4 3 1 0;,2204.77244,5,18.36611,20.24333,14.87986,5,-0.00082,-0.18664,0.47059,0.55556,0.0,0,0,0.0,126443.7,126117.6,133056.4,34043.4,85815.4,0,9.932130974231622e-41,9.840188917674233e-43,-1,0.0,9.840188917674233e-43,sp|P01008|ANT3_HUMAN,SERPINC1,187,13152800.0,132455000.0,,,-1.0,-1.0,-1,,0,0,0
MS_UNDEP_PL_LAC_bRPLC_NGP_09A.39489.39489.3.0.dta,MS_UNDEP_PL_LAC_bRPLC_NGP_09A.39489.39489.3.0.dta,MS_UNDEP_PL_LAC_bRPLC_NGP_09A,39489,7016.2104,4528.88957,1510.30137,3,1,SLTFJETYQDISELVYGAK,,2178.06009,5 4 2 1,H(5)N(4)A(2)F(1),(N(N(H(H(N(H(A))))(H(N(F)(H(A))))))),1780,0 1 0 0;2 2 0 0;3 3 0 0;3 3 0 1;3 3 1 0;4 3 0 0;4 3 0 1;4 3 1 0;4 3 1 1;,2350.83035,5,6.47054,7.91363,3.79051,2,-0.00087,-0.19251,0.32143,0.30556,0.0,0,0,0.0,243343.7,276424.9,316916.2,105099.2,177422.6,0,0.1774798133254444,0.0039029889425093,-1,0.0,0.0039029889425093,sp|P01008|ANT3_HUMAN,SERPINC1,187,2530300.0,27436500.0,,,-1.0,-1.0,-1,,0,0,0
MS_UNDEP_PL_LAC_bRPLC_NGP_09A.39584.39584.3.0.dta,MS_UNDEP_PL_LAC_bRPLC_NGP_09A.39584.39584.3.0.dta,MS_UNDEP_PL_LAC_bRPLC_NGP_09A,39584,7031.8596,4382.83001,1461.61485,3,1,SLTFJETYQDISELVYGAK,,2178.06009,5 4 2 0,H(5)N(4)A(2),(N(N(H(H(N(H(A))))(H(N(H(A))))))),1791,0 1 0 0;0 2 0 0;1 2 0 0;2 2 0 0;2 3 0 0;3 2 0 0;3 3 0 0;3 3 1 0;4 3 0 0;4 3 1 0;4 4 0 0;5 4 0 0;5 4 1 0;,2204.77244,5,49.90653,47.22049,54.8949,6,-0.00252,-0.57566,0.82353,0.80556,0.0,0,0,0.0,829347.6,898150.6,940934.2,278062.7,560192.7,0,4.826208241229385e-162,8.781332040261163e-164,-1,0.0,8.781332040261163e-164,sp|P01008|ANT3_HUMAN,SERPINC1,187,40732300.0,413072000.0,,,-1.0,-1.0,-1,,0,0,0
MS_UNDEP_PL_LAC_bRPLC_NGP_09A.39586.39586.4.1.dta,MS_UNDEP_PL_LAC_bRPLC_NGP_09A.39586.39586.4.1.dta,MS_UNDEP_PL_LAC_bRPLC_NGP_09A,39586,7032.1662,4382.8322,1096.46351,4,1,SLTFJETYQDISELVYGAK,,2178.06009,5 4 2 0,H(5)N(4)A(2),(N(N(H(H(N(H(A))))(H(N(H(A))))))),1791,0 1 0 0;0 2 0 0;1 2 0 0;2 2 0 0;3 2 0 0;3 3 0 0;4 3 0 0;,2204.77244,5,14.39126,15.14689,12.98796,5,-0.00033,-0.07621,0.41176,0.47222,0.0,0,0,0.0,128716.2,136462.7,133013.0,59802.4,121815.0,0,5.192434488424445e-35,3.3793391571233383e-37,-1,0.0,3.3793391571233383e-37,sp|P01008|ANT3_HUMAN,SERPINC1,187,13221600.0,132983000.0,,,-1.0,-1.0,-1,,0,0,0
MS_UNDEP_PL_LAC_bRPLC_NGP_09A.39899.39899.4.3.dta,MS_UNDEP_PL_LAC_bRPLC_NGP_09A.39899.39899.4.3.dta,MS_UNDEP_PL_LAC_bRPLC_NGP_09A,39899,7084.0488,4749.86447,1188.22158,4,1,CSDGWSFDATTLDDJGTMLFFK,"1,Carbamidomethyl[C];",2528.07445,6 4 1 1,H(6)N(4)A(1)F(1),(N(N(H(H(N(H(H))))(H(N(F)(H(A))))))),1841,0 1 0 0;0 2 0 0;2 2 0 0;3 2 0 0;3 3 0 0;4 3 0 0;5 4 0 0;,2221.78776,15,9.82533,11.53286,6.6542,4,0.00226,0.47607,0.22581,0.33333,0.0,0,0,0.0,224276.2,221388.4,239437.1,61659.9,157743.1,0,1.7780989912085874e-16,1.2987919236548162e-18,-1,0.0,1.2987919236548162e-18,sp|P02790|HEMO_HUMAN,HPX,64,1893340.0,19175700.0,,,-1.0,-1.0,-1,,0,0,0
MS_UNDEP_PL_LAC_bRPLC_NGP_09B.7084.7084.3.0.dta,MS_UNDEP_PL_LAC_bRPLC_NGP_09B.7084.7084.3.0.dta,MS_UNDEP_PL_LAC_bRPLC_NGP_09B,7084,1705.6242,2797.08114,933.0319,3,1,EEQYJSTYR,"3,Deamidated[Q];",1190.49601,4 4 0 1,H(4)N(4)F(1),(N(F)(N(H(H(N))(H(N(H)))))),670,0 1 0 0;0 1 0 1;0 2 0 0;0 2 0 1;1 2 0 0;1 2 0 1;2 2 0 0;2 2 0 1;2 3 0 0;2 3 0 1;3 2 0 0;3 2 0 1;3 3 0 0;3 3 0 1;4 3 0 0;4 3 0 1;,1606.58669,5,48.57041,13.899,112.96016,9,-0.00156,-0.55642,0.85714,0.625,0.0,0,0,0.0,484076.7,869405.3,809746.6,0.0,0.0,0,0.0,0.0,-1,0.0,0.0,sp|P01857|IGHG1_HUMAN,IGHG1,180,52006100.0,219938000.0,,,-1.0,-1.0,-1,,0,0,0
MS_UNDEP_PL_LAC_bRPLC_NGP_09B.7085.7085.3.0.dta,MS_UNDEP_PL_LAC_bRPLC_NGP_09B.7085.7085.3.0.dta,MS_UNDEP_PL_LAC_bRPLC_NGP_09B,7085,1705.7772,2635.02816,879.01424,3,1,EEQYJSTYR,"3,Deamidated[Q];",1190.49601,3 4 0 1,H(3)N(4)F(1),(N(F)(N(H(H(N))(H(N))))),679,0 1 0 0;0 1 0 1;0 2 0 0;0 2 0 1;1 2 0 0;1 2 0 1;2 2 0 0;2 2 0 1;2 3 0 0;2 3 0 1;3 2 0 0;3 2 0 1;3 3 0 0;3 3 0 1;,1444.53387,5,48.92781,14.36555,113.11486,9,-0.00171,-0.64892,0.94118,0.625,0.0,0,0,0.0,106546.2,1254468.9,695106.1,0.0,0.0,0,0.0,0.0,-1,0.0,0.0,sp|P01857|IGHG1_HUMAN,IGHG1,180,93112400.0,366527000.0,,,-1.0,-1.0,-1,,0,0,0
MS_UNDEP_PL_LAC_bRPLC_NGP_09B.7235.7235.2.0.dta,MS_UNDEP_PL_LAC_bRPLC_NGP_09B.7235.7235.2.0.dta,MS_UNDEP_PL_LAC_bRPLC_NGP_09B,7235,1730.35314,2635.0282,1318.01774,2,1,EEQYJSTYR,"3,Deamidated[Q];",1190.49601,3 4 0 1,H(3)N(4)F(1),(N(F)(N(H(H(N))(H(N))))),679,0 1 0 0;0 1 0 1;0 2 0 0;0 2 0 1;1 2 0 0;1 2 0 1;2 2 0 0;2 2 0 1;2 3 0 0;2 3 0 1;3 2 0 0;3 2 0 1;3 3 0 0;3 3 0 1;3 4 0 0;,1444.53387,5,56.97531,13.15483,138.35618,9,-0.00167,-0.63564,1.0,0.625,0.0,0,0,0.0,136559.7,805275.5,577341.5,0.0,0.0,0,0.0,0.0,-1,0.0,0.0,sp|P01857|IGHG1_HUMAN,IGHG1,180,77606500.0,326115000.0,,,-1.0,-1.0,-1,,0,0,0
MS_UNDEP_PL_LAC_bRPLC_NGP_09B.7275.7275.3.0.dta,MS_UNDEP_PL_LAC_bRPLC_NGP_09B.7275.7275.3.0.dta,MS_UNDEP_PL_LAC_bRPLC_NGP_09B,7275,1737.009,2635.028,879.01418,3,1,EEQYJSTYR,"3,Deamidated[Q];",1190.49601,3 4 0 1,H(3)N(4)F(1),(N(F)(N(H(H(N))(H(N))))),679,0 1 0 0;0 1 0 1;0 2 0 0;0 2 0 1;1 2 0 0;1 2 0 1;2 2 0 0;2 2 0 1;2 3 0 0;2 3 0 1;3 2 0 0;3 2 0 1;3 3 0 0;3 3 0 1;,1444.53387,5,45.02507,11.79495,106.73815,9,-0.00187,-0.71154,0.94118,0.625,0.0,0,0,0.0,67617.1,802212.5,450450.5,0.0,0.0,0,0.0,0.0,-1,0.0,0.0,sp|P01857|IGHG1_HUMAN,IGHG1,180,93112400.0,366527000.0,,,-1.0,-1.0,-1,,0,0,0
MS_UNDEP_PL_LAC_bRPLC_NGP_09B.8697.8697.3.0.dta,MS_UNDEP_PL_LAC_bRPLC_NGP_09B.8697.8697.3.0.dta,MS_UNDEP_PL_LAC_bRPLC_NGP_09B,8697,1970.43894,3249.24287,1083.75248,3,1,EEQYJSTYR,,1189.51199,5 4 1 1,H(5)N(4)A(1)F(1),(N(F)(N(H(H(N(H)))(H(N(H(A))))))),490,0 1 0 0;0 1 0 1;0 2 0 0;0 2 0 1;1 2 0 0;1 2 0 1;2 2 0 0;2 2 0 1;2 3 0 0;2 3 0 1;3 2 0 0;3 2 0 1;3 3 0 0;3 3 0 1;3 3 1 0;3 3 1 1;4 3 0 0;4 3 0 1;4 3 1 0;4 3 1 1;4 4 0 0;4 4 0 1;5 4 0 0;5 4 0 1;,2059.73493,5,75.86366,16.25787,186.56013,9,-0.00405,-1.24623,0.83871,0.625,0.0,0,0,0.0,4600327.5,3331104.8,4602214.1,694009.7,1809527.7,0,0.0,0.0,-1,0.0,0.0,sp|P01857|IGHG1_HUMAN,IGHG1,180,226991000.0,1208490000.0,,,-1.0,-1.0,-1,,0,0,0
MS_UNDEP_PL_LAC_bRPLC_NGP_09B.11998.11998.3.0.dta,MS_UNDEP_PL_LAC_bRPLC_NGP_09B.11998.11998.3.0.dta,MS_UNDEP_PL_LAC_bRPLC_NGP_09B,11998,2506.4772,2764.10775,922.04077,3,1,EEQFJSTFR,,1157.52218,4 4 0 1,H(4)N(4)F(1),(N(F)(N(H(H(N))(H(N(H)))))),670,0 1 0 0;0 1 0 1;0 2 0 0;0 2 0 1;1 2 0 0;1 2 0 1;2 2 0 0;2 2 0 1;2 3 0 0;2 3 0 1;3 2 0 0;3 2 0 1;3 3 0 0;3 3 0 1;4 3 0 0;4 3 0 1;,1606.58669,5,45.78907,10.21144,111.86182,9,-0.00112,-0.40351,0.85714,0.5,0.0,0,0,0.0,418228.1,708044.6,742489.3,0.0,0.0,0,0.0,0.0,-1,0.0,0.0,sp|P01859|IGHG2_HUMAN,IGHG2,176,50262700.0,213979000.0,,,-1.0,-1.0,-1,,0,0,0
MS_UNDEP_PL_LAC_bRPLC_NGP_09B.17276.17276.2.2.dta,MS_UNDEP_PL_LAC_bRPLC_NGP_09B.17276.17276.2.2.dta,MS_UNDEP_PL_LAC_bRPLC_NGP_09B,17276,3367.68144,3802.50503,1901.75615,2,1,FSDGLESJSSTQFEVK,"12,Deamidated[Q];",1775.79701,10 2 0 0,H(10)N(2),(N(N(H(H(H(H(H))))(H(H)(H(H(H))))))),1447,3 2 0 0;4 2 0 0;5 2 0 0;7 2 0 0;8 2 0 0;9 2 0 0;,2026.68698,8,10.22846,11.64963,7.58916,3,0.02104,5.53212,0.61538,0.36667,0.0,0,0,195711.8,131479.6,468221.2,354052.0,0.0,0.0,0,1.2093789861480444e-38,6.163383525065516e-41,-1,0.0,6.163383525065516e-41,sp|P0C0L4|CO4A_HUMAN;sp|P0C0L5|CO4B_HUMAN,C4A;C4B,226;226,629709.0,2682490.0,,,-1.0,-1.0,-1,,0,0,0
MS_UNDEP_PL_LAC_bRPLC_NGP_09B.17296.17296.2.0.dta,MS_UNDEP_PL_LAC_bRPLC_NGP_09B.17296.17296.2.0.dta,MS_UNDEP_PL_LAC_bRPLC_NGP_09B,17296,3370.9176,3639.45113,1820.2292,2,1,FSDGLESJSSTQFEVK,,1774.813,9 2 0 0,H(9)N(2),(N(N(H(H(H(H)))(H(H)(H(H(H))))))),1492,0 1 0 0;0 2 0 0;1 2 0 0;2 2 0 0;3 2 0 0;4 2 0 0;5 2 0 0;6 2 0 0;7 2 0 0;8 2 0 0;,1864.63416,8,76.67506,76.1,77.74302,7,0.00397,1.0912,1.0,1.0,0.0,0,0,529384.6,369842.3,1532413.3,1236301.1,0.0,0.0,0,0.0,0.0,-1,0.0,0.0,sp|P0C0L4|CO4A_HUMAN;sp|P0C0L5|CO4B_HUMAN,C4A;C4B,226;226,34906700.0,565414000.0,,,-1.0,-1.0,-1,,0,0,0
MS_UNDEP_PL_LAC_bRPLC_NGP_09B.17300.17300.2.2.dta,MS_UNDEP_PL_LAC_bRPLC_NGP_09B.17300.17300.2.2.dta,MS_UNDEP_PL_LAC_bRPLC_NGP_09B,17300,3371.54058,3721.47993,1861.2436,2,1,FSDGLESJSSTQFEVK,,1774.813,7 4 0 0,H(7)N(4),(N(N(H(H(H)(H))(H(N(H))(N(H)))))),1592,0 1 0 0;0 2 0 0;5 2 0 0;,1946.68725,8,12.52005,17.72131,2.86056,3,-0.02032,-5.46042,0.21053,0.53333,0.0,0,0,101882.8,53094.6,250738.3,261369.7,0.0,0.0,0,0.0023746612618018,2.6430553819269757e-05,-1,0.0,2.6430553819269757e-05,sp|P0C0L4|CO4A_HUMAN;sp|P0C0L5|CO4B_HUMAN,C4A;C4B,226;226,7984950.0,32057300.0,,,-1.0,-1.0,-1,,0,0,0
MS_UNDEP_PL_LAC_bRPLC_NGP_09B.17403.17403.3.0.dta,MS_UNDEP_PL_LAC_bRPLC_NGP_09B.17403.17403.3.0.dta,MS_UNDEP_PL_LAC_bRPLC_NGP_09B,17403,3388.40868,3639.4448,1213.81978,3,1,FSDGLESJSSTQFEVK,,1774.813,9 2 0 0,H(9)N(2),(N(N(H(H(H(H)))(H(H)(H(H)(H)))))),1494,0 1 0 0;0 2 0 0;1 2 0 0;2 2 0 0;3 2 0 0;4 2 0 0;5 2 0 0;6 2 0 0;7 2 0 0;,1864.63416,8,113.58161,109.35387,121.43314,7,-0.00236,-0.6478,0.91667,1.06667,0.0,0,0,4113955.0,1061125.4,3116598.0,2429944.1,0.0,0.0,0,0.0,0.0,-1,0.0,0.0,sp|P0C0L4|CO4A_HUMAN;sp|P0C0L5|CO4B_HUMAN,C4A;C4B,226;226,520050000.0,3414630000.0,,,-1.0,-1.0,-1,,0,0,0
MS_UNDEP_PL_LAC_bRPLC_NGP_09B.17417.17417.3.0.dta,MS_UNDEP_PL_LAC_bRPLC_NGP_09B.17417.17417.3.0.dta,MS_UNDEP_PL_LAC_bRPLC_NGP_09B,17417,3390.7731,3801.49964,1267.83806,3,1,FSDGLESJSSTQFEVK,,1774.813,10 2 0 0,H(10)N(2),(N(N(H(H(H(H)))(H(H)(H(H)(H(H))))))),1493,0 1 0 0;0 2 0 0;1 2 0 0;2 2 0 0;3 2 0 0;4 2 0 0;5 2 0 0;6 2 0 0;7 2 0 0;8 2 0 0;,2026.68698,8,53.90322,39.99542,79.73198,7,-0.00034,-0.08972,0.92308,0.76667,0.0,0,0,333756.5,69512.0,198069.4,160757.0,0.0,0.0,0,0.0,0.0,-1,0.0,0.0,sp|P0C0L4|CO4A_HUMAN;sp|P0C0L5|CO4B_HUMAN,C4A;C4B,226;226,36379900.0,268576000.0,,,-1.0,-1.0,-1,,0,0,0
MS_UNDEP_PL_LAC_bRPLC_NGP_09B.17512.17512.3.0.dta,MS_UNDEP_PL_LAC_bRPLC_NGP_09B.17512.17512.3.0.dta,MS_UNDEP_PL_LAC_bRPLC_NGP_09B,17512,3406.31172,3477.39404,1159.80287,3,1,FSDGLESJSSTQFEVK,,1774.813,8 2 0 0,H(8)N(2),(N(N(H(H(H(H)))(H(H)(H)(H))))),1496,0 1 0 0;0 2 0 0;1 2 0 0;2 2 0 0;3 2 0 0;4 2 0 0;5 2 0 0;6 2 0 0;7 2 0 0;,1702.58133,8,82.59317,68.89747,108.02804,7,-0.00029,-0.08288,1.0,0.9,0.0,0,0,647945.8,174149.6,497826.5,412339.0,0.0,0.0,0,0.0,0.0,-1,0.0,0.0,sp|P0C0L4|CO4A_HUMAN;sp|P0C0L5|CO4B_HUMAN,C4A;C4B,226;226,102789000.0,626155000.0,,,-1.0,-1.0,-1,,0,0,0
MS_UNDEP_PL_LAC_bRPLC_NGP_09B.17518.17518.3.0.dta,MS_UNDEP_PL_LAC_bRPLC_NGP_09B.17518.17518.3.0.dta,MS_UNDEP_PL_LAC_bRPLC_NGP_09B,17518,3407.2392,3315.34151,1105.78535,3,1,FSDGLESJSSTQFEVK,,1774.813,7 2 0 0,H(7)N(2),(N(N(H(H(H(H)))(H(H(H)))))),1488,0 1 0 0;0 2 0 0;1 2 0 0;2 2 0 0;3 2 0 0;,1540.52851,8,17.70932,16.05366,20.78413,6,1e-05,0.00158,0.6,0.53333,0.0,0,0,79442.5,23155.6,65953.4,57318.9,0.0,0.0,0,1.2461454900792143e-114,1.0022607581715836e-116,-1,0.0,1.0022607581715836e-116,sp|P0C0L4|CO4A_HUMAN;sp|P0C0L5|CO4B_HUMAN,C4A;C4B,226;226,10635800.0,57383100.0,,,-1.0,-1.0,-1,,0,0,0
MS_UNDEP_PL_LAC_bRPLC_NGP_09B.17531.17531.2.0.dta,MS_UNDEP_PL_LAC_bRPLC_NGP_09B.17531.17531.2.0.dta,MS_UNDEP_PL_LAC_bRPLC_NGP_09B,17531,3409.3581,3639.45065,1820.22896,2,1,FSDGLESJSSTQFEVK,,1774.813,9 2 0 0,H(9)N(2),(N(N(H(H(H)(H))(H(H)(H(H(H))))))),1548,0 1 0 0;0 2 0 0;1 2 0 0;2 2 0 0;3 2 0 0;4 2 0 0;5 2 0 0;6 2 0 0;7 2 0 0;8 2 0 0;,1864.63416,8,75.41747,74.25461,77.57706,7,0.00349,0.95986,1.0,1.0,0.0,0,0,914315.2,577463.8,2520777.3,2159161.9,0.0,0.0,0,0.0,0.0,-1,0.0,0.0,sp|P0C0L4|CO4A_HUMAN;sp|P0C0L5|CO4B_HUMAN,C4A;C4B,226;226,34906700.0,565414000.0,,,-1.0,-1.0,-1,,0,0,0
MS_UNDEP_PL_LAC_bRPLC_NGP_09B.17578.17578.2.0.dta,MS_UNDEP_PL_LAC_bRPLC_NGP_09B.17578.17578.2.0.dta,MS_UNDEP_PL_LAC_bRPLC_NGP_09B,17578,3417.02046,3477.39556,1739.20142,2,1,FSDGLESJSSTQFEVK,,1774.813,8 2 0 0,H(8)N(2),(N(N(H(H(H(H)))(H(H)(H)(H))))),1496,0 1 0 0;0 2 0 0;1 2 0 0;2 2 0 0;3 2 0 0;5 2 0 0;7 2 0 0;,1702.58133,8,34.93305,28.74384,46.4273,7,0.00122,0.35222,0.81818,0.66667,0.0,0,0,140739.6,106021.8,422739.1,364222.8,0.0,0.0,0,1.5550072553567702e-264,4.0682499636692035e-266,-1,0.0,4.0682499636692035e-266,sp|P0C0L4|CO4A_HUMAN;sp|P0C0L5|CO4B_HUMAN,C4A;C4B,226;226,6637200.0,54599400.0,,,-1.0,-1.0,-1,,0,0,0
MS_UNDEP_PL_LAC_bRPLC_NGP_09B.17594.17594.3.0.dta,MS_UNDEP_PL_LAC_bRPLC_NGP_09B.17594.17594.3.0.dta,MS_UNDEP_PL_LAC_bRPLC_NGP_09B,17594,3419.60292,3639.4454,1213.81998,3,1,FSDGLESJSSTQFEVK,,1774.813,9 2 0 0,H(9)N(2),(N(N(H(H(H(H(H))))(H(H(H(H))))))),1436,0 1 0 0;0 2 0 0;1 2 0 0;2 2 0 0;3 2 0 0;4 2 0 0;5 2 0 0;6 2 0 0;7 2 0 0;8 2 0 0;,1864.63416,8,115.81755,111.20159,124.39004,7,-0.00175,-0.48212,1.0,1.13333,0.0,0,0,2011912.2,517566.9,1481882.4,1174979.1,0.0,0.0,0,0.0,0.0,-1,0.0,0.0,sp|P0C0L4|CO4A_HUMAN;sp|P0C0L5|CO4B_HUMAN,C4A;C4B,226;226,520050000.0,3414630000.0,,,-1.0,-1.0,-1,,0,0,0
MS_UNDEP_PL_LAC_bRPLC_NGP_09B.17612.17612.3.0.dta,MS_UNDEP_PL_LAC_bRPLC_NGP_09B.17612.17612.3.0.dta,MS_UNDEP_PL_LAC_bRPLC_NGP_09B,17612,3422.58018,3801.4993,1267.83795,3,1,FSDGLESJSSTQFEVK,,1774.813,10 2 0 0,H(10)N(2),(N(N(H(H(H))(H(H(H))(H(H(H(H)))))))),1625,0 1 0 0;0 2 0 0;1 2 0 0;2 2 0 0;3 2 0 0;4 2 0 0;5 2 0 0;6 2 0 0;,2026.68698,8,24.21445,20.52917,31.05855,6,-0.00067,-0.17732,0.69231,0.56667,0.0,0,0,118648.9,26160.9,76407.6,63402.4,0.0,0.0,0,1.093084618327583e-174,1.4809245004974659e-176,-1,0.0,1.4809245004974659e-176,sp|P0C0L4|CO4A_HUMAN;sp|P0C0L5|CO4B_HUMAN,C4A;C4B,226;226,36379900.0,268576000.0,,,-1.0,-1.0,-1,,0,0,0
MS_UNDEP_PL_LAC_bRPLC_NGP_09B.17705.17705.3.0.dta,MS_UNDEP_PL_LAC_bRPLC_NGP_09B.17705.17705.3.0.dta,MS_UNDEP_PL_LAC_bRPLC_NGP_09B,17705,3437.6322,3477.39384,1159.8028,3,1,FSDGLESJSSTQFEVK,,1774.813,8 2 0 0,H(8)N(2),(N(N(H(H(H(H)))(H(H)(H)(H))))),1496,0 1 0 0;0 2 0 0;1 2 0 0;2 2 0 0;3 2 0 0;4 2 0 0;5 2 0 0;6 2 0 0;,1702.58133,8,68.67474,57.79594,88.87823,7,-0.00049,-0.14154,0.90909,0.9,0.0,0,0,465526.8,124893.5,358469.5,308375.5,0.0,0.0,0,0.0,0.0,-1,0.0,0.0,sp|P0C0L4|CO4A_HUMAN;sp|P0C0L5|CO4B_HUMAN,C4A;C4B,226;226,102789000.0,626155000.0,,,-1.0,-1.0,-1,,0,0,0
MS_UNDEP_PL_LAC_bRPLC_NGP_09B.17720.17720.3.0.dta,MS_UNDEP_PL_LAC_bRPLC_NGP_09B.17720.17720.3.0.dta,MS_UNDEP_PL_LAC_bRPLC_NGP_09B,17720,3440.05206,3315.3413,1105.78528,3,1,FSDGLESJSSTQFEVK,,1774.813,7 2 0 0,H(7)N(2),(N(N(H(H(H))(H(H(H(H))))))),1622,0 1 0 0;0 2 0 0;1 2 0 0;2 2 0 0;3 2 0 0;4 2 0 0;5 2 0 0;,1540.52851,8,29.12543,22.04987,42.26577,6,-0.00021,-0.06357,0.8,0.6,0.0,0,0,98016.2,29069.0,83263.1,69063.0,0.0,0.0,0,3.588704147660322e-240,7.501519284106325e-242,-1,0.0,7.501519284106325e-242,sp|P0C0L4|CO4A_HUMAN;sp|P0C0L5|CO4B_HUMAN,C4A;C4B,226;226,10635800.0,57383100.0,,,-1.0,-1.0,-1,,0,0,0
MS_UNDEP_PL_LAC_bRPLC_NGP_09B.17725.17725.2.0.dta,MS_UNDEP_PL_LAC_bRPLC_NGP_09B.17725.17725.2.0.dta,MS_UNDEP_PL_LAC_bRPLC_NGP_09B,17725,3440.82426,3639.4497,1820.22849,2,1,FSDGLESJSSTQFEVK,,1774.813,9 2 0 0,H(9)N(2),(N(N(H(H(H)(H))(H(H(H(H(H)))))))),1540,0 1 0 0;0 2 0 0;1 2 0 0;2 2 0 0;3 2 0 0;4 2 0 0;7 2 0 0;8 2 0 0;,1864.63416,8,37.04084,37.4054,36.36379,6,0.00255,0.70048,0.75,0.73333,0.0,0,0,263324.3,176975.3,764255.6,605308.3,0.0,0.0,0,1.145815915264885e-205,1.3522499144114915e-207,-1,0.0,1.3522499144114915e-207,sp|P0C0L4|CO4A_HUMAN;sp|P0C0L5|CO4B_HUMAN,C4A;C4B,226;226,35699000.0,573508000.0,,,-1.0,-1.0,-1,,0,0,0
MS_UNDEP_PL_LAC_bRPLC_NGP_09B.17785.17785.3.0.dta,MS_UNDEP_PL_LAC_bRPLC_NGP_09B.17785.17785.3.0.dta,MS_UNDEP_PL_LAC_bRPLC_NGP_09B,17785,3450.5832,3639.44604,1213.8202,3,1,FSDGLESJSSTQFEVK,,1774.813,9 2 0 0,H(9)N(2),(N(N(H(H(H)(H))(H(H(H(H(H)))))))),1540,0 1 0 0;0 2 0 0;1 2 0 0;2 2 0 0;3 2 0 0;4 2 0 0;5 2 0 0;6 2 0 0;7 2 0 0;,1864.63416,8,92.37972,88.5413,99.50822,7,-0.00112,-0.30654,0.91667,1.06667,0.0,0,0,1061205.8,270120.6,783974.4,594766.2,0.0,0.0,0,0.0,0.0,-1,0.0,0.0,sp|P0C0L4|CO4A_HUMAN;sp|P0C0L5|CO4B_HUMAN,C4A;C4B,226;226,520050000.0,3414630000.0,,,-1.0,-1.0,-1,,0,0,0
MS_UNDEP_PL_LAC_bRPLC_NGP_09B.17897.17897.3.0.dta,MS_UNDEP_PL_LAC_bRPLC_NGP_09B.17897.17897.3.0.dta,MS_UNDEP_PL_LAC_bRPLC_NGP_09B,17897,3468.78186,3477.3933,1159.80262,3,1,FSDGLESJSSTQFEVK,,1774.813,8 2 0 0,H(8)N(2),(N(N(H(H(H(H)))(H(H)(H)(H))))),1496,0 1 0 0;0 2 0 0;1 2 0 0;2 2 0 0;3 2 0 0;4 2 0 0;5 2 0 0;6 2 0 0;,1702.58133,8,44.82569,38.87449,55.87791,6,-0.00103,-0.29597,0.81818,0.76667,0.0,0,0,204471.2,55303.6,164493.0,144662.5,0.0,0.0,0,6.323e-320,1.265e-321,-1,0.0,1.265e-321,sp|P0C0L4|CO4A_HUMAN;sp|P0C0L5|CO4B_HUMAN,C4A;C4B,226;226,102789000.0,626155000.0,,,-1.0,-1.0,-1,,0,0,0
MS_UNDEP_PL_LAC_bRPLC_NGP_09B.17971.17971.3.0.dta,MS_UNDEP_PL_LAC_bRPLC_NGP_09B.17971.17971.3.0.dta,MS_UNDEP_PL_LAC_bRPLC_NGP_09B,17971,3480.9117,3639.44721,1213.82059,3,1,FSDGLESJSSTQFEVK,,1774.813,9 2 0 0,H(9)N(2),(N(N(H(H(H(H(H))))(H(H(H(H))))))),1436,0 1 0 0;0 2 0 0;,1864.63416,8,10.68606,14.70447,3.2233,3,5e-05,0.01494,0.25,0.43333,0.0,0,0,157450.8,41161.8,118147.8,92177.4,0.0,0.0,0,2.115287943107989e-05,3.183381898568779e-07,-1,0.0,3.183381898568779e-07,sp|P0C0L4|CO4A_HUMAN;sp|P0C0L5|CO4B_HUMAN,C4A;C4B,226;226,528601000.0,3478860000.0,,,-1.0,-1.0,-1,,0,0,0
MS_UNDEP_PL_LAC_bRPLC_NGP_09B.18169.18169.3.0.dta,MS_UNDEP_PL_LAC_bRPLC_NGP_09B.18169.18169.3.0.dta,MS_UNDEP_PL_LAC_bRPLC_NGP_09B,18169,3513.24198,3639.44481,1213.81979,3,1,FSDGLESJSSTQFEVK,,1774.813,9 2 0 0,H(9)N(2),(N(N(H(H(H))(H(H)(H(H(H(H)))))))),1631,0 1 0 0;0 2 0 0;1 2 0 0;2 2 0 0;3 2 0 0;4 2 0 0;5 2 0 0;6 2 0 0;7 2 0 0;,1864.63416,8,46.32671,36.75685,64.09932,6,-0.00235,-0.64533,0.83333,0.76667,0.0,0,0,205862.6,60106.4,150789.7,127774.6,0.0,0.0,0,0.0,0.0,-1,0.0,0.0,sp|P0C0L4|CO4A_HUMAN;sp|P0C0L5|CO4B_HUMAN,C4A;C4B,226;226,129181000.0,888714000.0,,,-1.0,-1.0,-1,,0,0,0
MS_UNDEP_PL_LAC_bRPLC_NGP_09B.18170.18170.2.0.dta,MS_UNDEP_PL_LAC_bRPLC_NGP_09B.18170.18170.2.0.dta,MS_UNDEP_PL_LAC_bRPLC_NGP_09B,18170,3513.402,3639.44696,1820.22712,2,1,FSDGLESJSSTQFEVK,,1774.813,9 2 0 0,H(9)N(2),(N(N(H(H(H(H)))(H(H(H))(H(H)))))),1487,0 1 0 0;4 2 0 0;,1864.63416,8,12.80455,18.73667,1.78776,2,-0.00019,-0.05348,0.25,0.56667,0.0,0,0,94769.4,55218.8,250553.9,244469.3,0.0,0.0,0,0.0276568344668102,0.0097489864672384,-1,0.0,0.0097489864672384,sp|P0C0L4|CO4A_HUMAN;sp|P0C0L5|CO4B_HUMAN,C4A;C4B,226;226,23251800.0,163358000.0,,,-1.0,-1.0,-1,,0,0,0
MS_UNDEP_PL_LAC_bRPLC_NGP_09B.18362.18362.3.0.dta,MS_UNDEP_PL_LAC_bRPLC_NGP_09B.18362.18362.3.0.dta,MS_UNDEP_PL_LAC_bRPLC_NGP_09B,18362,3544.61412,3639.44506,1213.81987,3,1,FSDGLESJSSTQFEVK,,1774.813,9 2 0 0,H(9)N(2),(N(N(H(H(H))(H(H(H(H(H(H))))))))),1613,0 1 0 0;0 2 0 0;1 2 0 0;2 2 0 0;3 2 0 0;4 2 0 0;5 2 0 0;6 2 0 0;7 2 0 0;,1864.63416,8,67.78614,57.94441,86.06362,7,-0.00209,-0.57526,0.91667,0.93333,0.0,0,0,305018.7,86582.1,236005.4,195057.1,0.0,0.0,0,0.0,0.0,-1,0.0,0.0,sp|P0C0L4|CO4A_HUMAN;sp|P0C0L5|CO4B_HUMAN,C4A;C4B,226;226,138751000.0,952815000.0,,,-1.0,-1.0,-1,,0,0,0
MS_UNDEP_PL_LAC_bRPLC_NGP_09B.18555.18555.3.0.dta,MS_UNDEP_PL_LAC_bRPLC_NGP_09B.18555.18555.3.0.dta,MS_UNDEP_PL_LAC_bRPLC_NGP_09B,18555,3575.77386,3639.44616,1213.82024,3,1,FSDGLESJSSTQFEVK,,1774.813,9 2 0 0,H(9)N(2),(N(N(H(H(H)(H))(H(H(H(H(H)))))))),1540,0 1 0 0;0 2 0 0;1 2 0 0;2 2 0 0;3 2 0 0;4 2 0 0;5 2 0 0;6 2 0 0;7 2 0 0;,1864.63416,8,59.68231,47.99043,81.3958,7,-0.00099,-0.27192,0.91667,0.8,0.0,0,0,345422.4,97113.2,273857.7,221439.2,0.0,0.0,0,0.0,0.0,-1,0.0,0.0,sp|P0C0L4|CO4A_HUMAN;sp|P0C0L5|CO4B_HUMAN,C4A;C4B,226;226,147218000.0,1010020000.0,,,-1.0,-1.0,-1,,0,0,0
MS_UNDEP_PL_LAC_bRPLC_NGP_09B.18748.18748.3.0.dta,MS_UNDEP_PL_LAC_bRPLC_NGP_09B.18748.18748.3.0.dta,MS_UNDEP_PL_LAC_bRPLC_NGP_09B,18748,3607.182,3639.4468,1213.82045,3,1,FSDGLESJSSTQFEVK,,1774.813,9 2 0 0,H(9)N(2),(N(N(H(H(H)(H))(H(H)(H(H(H))))))),1548,0 1 0 0;0 2 0 0;1 2 0 0;2 2 0 0;3 2 0 0;4 2 0 0;5 2 0 0;6 2 0 0;7 2 0 0;,1864.63416,8,57.27628,41.07328,87.36756,7,-0.00035,-0.09717,0.91667,0.8,0.0,0,0,264042.3,74547.0,211241.8,178360.3,0.0,0.0,0,0.0,0.0,-1,0.0,0.0,sp|P0C0L4|CO4A_HUMAN;sp|P0C0L5|CO4B_HUMAN,C4A;C4B,226;226,148498000.0,1005570000.0,,,-1.0,-1.0,-1,,0,0,0
MS_UNDEP_PL_LAC_bRPLC_NGP_09B.18940.18940.3.0.dta,MS_UNDEP_PL_LAC_bRPLC_NGP_09B.18940.18940.3.0.dta,MS_UNDEP_PL_LAC_bRPLC_NGP_09B,18940,3638.65788,3639.44714,1213.82056,3,1,FSDGLESJSSTQFEVK,,1774.813,9 2 0 0,H(9)N(2),(N(N(H(H(H))(H(H(H(H(H(H))))))))),1613,0 1 0 0;0 2 0 0;1 2 0 0;2 2 0 0;3 2 0 0;4 2 0 0;5 2 0 0;6 2 0 0;7 2 0 0;,1864.63416,8,45.38045,39.14211,56.96595,6,-2e-05,-0.00485,0.83333,0.83333,0.0,0,0,247284.4,62174.0,184726.3,159751.6,0.0,0.0,0,0.0,0.0,-1,0.0,0.0,sp|P0C0L4|CO4A_HUMAN;sp|P0C0L5|CO4B_HUMAN,C4A;C4B,226;226,124082000.0,844497000.0,,,-1.0,-1.0,-1,,0,0,0
MS_UNDEP_PL_LAC_bRPLC_NGP_09B.19131.19131.3.0.dta,MS_UNDEP_PL_LAC_bRPLC_NGP_09B.19131.19131.3.0.dta,MS_UNDEP_PL_LAC_bRPLC_NGP_09B,19131,3669.75354,3639.4476,1213.82072,3,1,FSDGLESJSSTQFEVK,,1774.813,9 2 0 0,H(9)N(2),(N(N(H(H(H)(H))(H(H(H(H(H)))))))),1540,0 1 0 0;0 2 0 0;1 2 0 0;2 2 0 0;3 2 0 0;4 2 0 0;5 2 0 0;6 2 0 0;7 2 0 0;,1864.63416,8,32.48463,22.12451,51.72485,6,0.00044,0.12127,0.83333,0.6,0.0,0,0,156947.1,68266.6,135083.0,131062.1,0.0,0.0,0,1.4244803148445476e-295,2.777471350903776e-297,-1,0.0,2.777471350903776e-297,sp|P0C0L4|CO4A_HUMAN;sp|P0C0L5|CO4B_HUMAN,C4A;C4B,226;226,98104800.0,659934000.0,,,-1.0,-1.0,-1,,0,0,0
MS_UNDEP_PL_LAC_bRPLC_NGP_09B.19163.19163.4.1.dta,MS_UNDEP_PL_LAC_bRPLC_NGP_09B.19163.19163.4.1.dta,MS_UNDEP_PL_LAC_bRPLC_NGP_09B,19163,3675.00138,4585.94147,1147.24083,4,1,NJATVHEQVGGPSLTSDLQAQSK,,2381.16916,5 4 2 0,H(5)N(4)A(2),(N(N(H(H(N(H(A))))(H(N(H(A))))))),1791,0 1 0 0;0 2 0 0;1 2 0 0;2 2 0 0;3 2 0 0;3 3 0 0;3 3 1 0;4 3 0 0;4 3 1 0;4 4 0 0;5 4 0 0;5 4 1 0;,2204.77244,2,31.65584,15.84494,61.01895,6,-0.00013,-0.02748,0.76471,0.40909,0.0,0,0,0.0,428782.6,397580.5,426298.2,107079.3,272862.5,0,0.0,0.0,-1,0.0,0.0,sp|P04004|VTNC_HUMAN,VTN,86,37368500.0,385336000.0,,,-1.0,-1.0,-1,,0,0,0
MS_UNDEP_PL_LAC_bRPLC_NGP_09B.19180.19180.3.0.dta,MS_UNDEP_PL_LAC_bRPLC_NGP_09B.19180.19180.3.0.dta,MS_UNDEP_PL_LAC_bRPLC_NGP_09B,19180,3677.7369,2654.1708,885.39512,3,1,QSVPAHFVALJGSK,"1,Gln->pyro-Glu[AnyN-termQ];",1437.74849,5 2 0 0,H(5)N(2),(N(N(H(H)(H(H(H)))))),2249,0 1 0 0;0 2 0 0;1 2 0 0;2 2 0 0;3 2 0 0;,1216.42286,11,15.52107,10.31082,25.19724,6,-0.00055,-0.20832,0.75,0.34615,0.0,0,0,20467.7,12585.8,46867.8,32876.2,0.0,0.0,0,1.9329314438280907e-140,2.242864589862846e-142,-1,0.0,2.242864589862846e-142,sp|P06681|CO2_HUMAN,C2,621,13286500.0,56539000.0,,,-1.0,-1.0,-1,,0,0,0
MS_UNDEP_PL_LAC_bRPLC_NGP_09B.19318.19318.3.0.dta,MS_UNDEP_PL_LAC_bRPLC_NGP_09B.19318.19318.3.0.dta,MS_UNDEP_PL_LAC_bRPLC_NGP_09B,19318,3700.28778,3639.44567,1213.82008,3,1,FSDGLESJSSTQFEVK,,1774.813,9 2 0 0,H(9)N(2),(N(N(H(H(H)(H))(H(H(H(H(H)))))))),1540,0 1 0 0;0 2 0 0;1 2 0 0;2 2 0 0;3 2 0 0;4 2 0 0;5 2 0 0;6 2 0 0;7 2 0 0;,1864.63416,8,41.05322,28.35292,64.6395,7,-0.00148,-0.4071,0.91667,0.7,0.0,0,0,114194.8,37456.9,99274.5,69514.5,0.0,0.0,0,0.0,0.0,-1,0.0,0.0,sp|P0C0L4|CO4A_HUMAN;sp|P0C0L5|CO4B_HUMAN,C4A;C4B,226;226,25776000.0,170558000.0,,,-1.0,-1.0,-1,,0,0,0
MS_UNDEP_PL_LAC_bRPLC_NGP_09B.19506.19506.3.0.dta,MS_UNDEP_PL_LAC_bRPLC_NGP_09B.19506.19506.3.0.dta,MS_UNDEP_PL_LAC_bRPLC_NGP_09B,19506,3731.10912,3639.44729,1213.82062,3,1,FSDGLESJSSTQFEVK,,1774.813,9 2 0 0,H(9)N(2),(N(N(H(H(H(H)))(H(H(H(H(H)))))))),1475,0 1 0 0;0 2 0 0;1 2 0 0;2 2 0 0;3 2 0 0;4 2 0 0;5 2 0 0;,1864.63416,8,29.5127,17.64794,51.54726,7,0.00014,0.03802,0.75,0.56667,0.0,0,0,138416.0,38358.1,110922.4,92551.4,0.0,0.0,0,1.5648076103518491e-294,3.0670866690206374e-296,-1,0.0,3.0670866690206374e-296,sp|P0C0L4|CO4A_HUMAN;sp|P0C0L5|CO4B_HUMAN,C4A;C4B,226;226,42386900.0,278811000.0,,,-1.0,-1.0,-1,,0,0,0
MS_UNDEP_PL_LAC_bRPLC_NGP_09B.19700.19700.3.0.dta,MS_UNDEP_PL_LAC_bRPLC_NGP_09B.19700.19700.3.0.dta,MS_UNDEP_PL_LAC_bRPLC_NGP_09B,19700,3762.69558,3639.44715,1213.82057,3,1,FSDGLESJSSTQFEVK,,1774.813,9 2 0 0,H(9)N(2),(N(N(H(H(H)(H))(H(H(H(H(H)))))))),1540,0 1 0 0;0 2 0 0;1 2 0 0;2 2 0 0;3 2 0 0;4 2 0 0;5 2 0 0;6 2 0 0;7 2 0 0;,1864.63416,8,34.41222,23.74698,54.21909,6,0.0,0.0001,0.83333,0.66667,0.0,0,0,115348.7,39866.9,88391.2,82682.2,0.0,0.0,0,3.41505314896785e-310,6.568067515803e-312,-1,0.0,6.568067515803e-312,sp|P0C0L4|CO4A_HUMAN;sp|P0C0L5|CO4B_HUMAN,C4A;C4B,226;226,65608800.0,434119000.0,,,-1.0,-1.0,-1,,0,0,0
MS_UNDEP_PL_LAC_bRPLC_NGP_09B.19894.19894.3.1.dta,MS_UNDEP_PL_LAC_bRPLC_NGP_09B.19894.19894.3.1.dta,MS_UNDEP_PL_LAC_bRPLC_NGP_09B,19894,3794.1972,3639.4469,1213.82048,3,1,FSDGLESJSSTQFEVK,,1774.813,9 2 0 0,H(9)N(2),(N(N(H(H)(H(H)(H(H(H(H(H))))))))),2251,0 1 0 0;0 2 0 0;1 2 0 0;2 2 0 0;3 2 0 0;4 2 0 0;5 2 0 0;6 2 0 0;7 2 0 0;,1864.63416,8,31.07347,20.85293,50.05445,6,-0.00026,-0.07079,0.83333,0.56667,0.0,0,0,122829.0,37640.1,93630.0,75854.4,0.0,0.0,0,8.761571012766683e-286,1.5953573786340616e-287,-1,0.0,1.5953573786340616e-287,sp|P0C0L4|CO4A_HUMAN;sp|P0C0L5|CO4B_HUMAN,C4A;C4B,226;226,61819000.0,410239000.0,,,-1.0,-1.0,-1,,0,0,0
MS_UNDEP_PL_LAC_bRPLC_NGP_09B.20088.20088.3.0.dta,MS_UNDEP_PL_LAC_bRPLC_NGP_09B.20088.20088.3.0.dta,MS_UNDEP_PL_LAC_bRPLC_NGP_09B,20088,3825.95352,3639.44743,1213.82066,3,1,FSDGLESJSSTQFEVK,,1774.813,9 2 0 0,H(9)N(2),(N(N(H(H(H)(H))(H(H(H(H(H)))))))),1540,0 1 0 0;0 2 0 0;1 2 0 0;2 2 0 0;3 2 0 0;4 2 0 0;5 2 0 0;6 2 0 0;,1864.63416,8,22.41764,14.18104,37.71418,6,0.00028,0.07676,0.75,0.43333,0.0,0,0,102730.8,30829.8,92262.0,68862.0,0.0,0.0,0,1.4783475393268958e-213,2.0729654706525455e-215,-1,0.0,2.0729654706525455e-215,sp|P0C0L4|CO4A_HUMAN;sp|P0C0L5|CO4B_HUMAN,C4A;C4B,226;226,54478400.0,359980000.0,,,-1.0,-1.0,-1,,0,0,0
MS_UNDEP_PL_LAC_bRPLC_NGP_09B.20473.20473.3.0.dta,MS_UNDEP_PL_LAC_bRPLC_NGP_09B.20473.20473.3.0.dta,MS_UNDEP_PL_LAC_bRPLC_NGP_09B,20473,3888.60828,3639.44682,1213.82046,3,1,FSDGLESJSSTQFEVK,,1774.813,9 2 0 0,H(9)N(2),(N(N(H(H(H)(H))(H(H(H(H(H)))))))),1540,0 1 0 0;0 2 0 0;1 2 0 0;2 2 0 0;3 2 0 0;4 2 0 0;5 2 0 0;6 2 0 0;,1864.63416,8,23.47351,11.09582,46.46063,7,-0.00033,-0.0914,0.83333,0.43333,0.0,0,0,121034.2,28047.6,88245.9,75222.6,0.0,0.0,0,9.920253770088749e-265,1.6645598752246366e-266,-1,0.0,1.6645598752246366e-266,sp|P0C0L4|CO4A_HUMAN;sp|P0C0L5|CO4B_HUMAN,C4A;C4B,226;226,25196300.0,170251000.0,,,-1.0,-1.0,-1,,0,0,0
MS_UNDEP_PL_LAC_bRPLC_NGP_09B.20856.20856.3.0.dta,MS_UNDEP_PL_LAC_bRPLC_NGP_09B.20856.20856.3.0.dta,MS_UNDEP_PL_LAC_bRPLC_NGP_09B,20856,3950.87988,3639.44784,1213.8208,3,1,FSDGLESJSSTQFEVK,,1774.813,9 2 0 0,H(9)N(2),(N(N(H(H(H)(H(H)))(H(H)(H(H)))))),1535,0 1 0 0;0 2 0 0;1 2 0 0;2 2 0 0;3 2 0 0;4 2 0 0;5 2 0 0;6 2 0 0;,1864.63416,8,20.51232,13.39847,33.72375,6,0.00069,0.18886,0.75,0.5,0.0,0,0,89226.5,25020.8,73450.8,61053.3,0.0,0.0,0,2.9973749266974117e-190,3.2586997869368414e-192,-1,0.0,3.2586997869368414e-192,sp|P0C0L4|CO4A_HUMAN;sp|P0C0L5|CO4B_HUMAN,C4A;C4B,226;226,34784100.0,237244000.0,,,-1.0,-1.0,-1,,0,0,0
MS_UNDEP_PL_LAC_bRPLC_NGP_09B.20894.20894.3.0.dta,MS_UNDEP_PL_LAC_bRPLC_NGP_09B.20894.20894.3.0.dta,MS_UNDEP_PL_LAC_bRPLC_NGP_09B,20894,3957.0477,3649.63057,1217.21504,3,1,TVLTPATNHMGJVTFTIPANR,"10,Oxidation[M];",2271.15503,6 2 0 0,H(6)N(2),(N(N(H(H(H))(H(H(H)))))),1628,0 1 0 0;0 2 0 0;1 2 0 0;4 2 0 0;5 2 0 0;,1378.47569,12,16.13947,20.04352,8.88909,4,-0.00015,-0.04037,0.66667,0.425,0.0,0,0,53837.6,34357.7,115109.4,111997.8,0.0,0.0,0,3.959551913843918e-46,2.0138764304688086e-48,-1,0.0,2.0138764304688086e-48,sp|P01024|CO3_HUMAN,C3,85,5740270.0,119942000.0,,,-1.0,-1.0,-1,,0,0,0
MS_UNDEP_PL_LAC_bRPLC_NGP_09B.22401.22401.3.0.dta,MS_UNDEP_PL_LAC_bRPLC_NGP_09B.22401.22401.3.0.dta,MS_UNDEP_PL_LAC_bRPLC_NGP_09B,22401,4203.05574,3633.63554,1211.88336,3,1,TVLTPATNHMGJVTFTIPANR,,2255.16011,6 2 0 0,H(6)N(2),(N(N(H(H(H))(H(H)(H))))),1636,0 1 0 0;0 2 0 0;1 2 0 0;2 2 0 0;3 2 0 0;4 2 0 0;5 2 0 0;,1378.47569,12,29.59931,21.82224,44.04242,6,-0.00026,-0.07247,0.88889,0.425,0.0,0,0,40089.2,22828.4,86403.0,83494.8,0.0,0.0,0,1.4339893745387172e-250,2.1727111735499125e-252,-1,0.0,2.1727111735499125e-252,sp|P01024|CO3_HUMAN,C3,85,12435600.0,90911600.0,,,-1.0,-1.0,-1,,0,0,0
MS_UNDEP_PL_LAC_bRPLC_NGP_09B.22639.22639.3.0.dta,MS_UNDEP_PL_LAC_bRPLC_NGP_09B.22639.22639.3.0.dta,MS_UNDEP_PL_LAC_bRPLC_NGP_09B,22639,4241.66328,2784.1231,928.71255,3,1,JGSLFAFR,,911.47338,6 3 1 0,H(6)N(3)A(1),(N(N(H(H)(H(H)(H(N(H(A)))))))),2255,0 1 0 0;0 2 0 0;1 2 0 0;2 2 0 0;3 2 0 0;3 3 0 0;4 2 0 0;4 3 0 0;5 2 0 0;5 3 0 0;6 3 0 0;,1872.65047,1,50.91955,28.0354,93.4187,7,-0.00075,-0.26953,0.86667,1.14286,0.0,0,0,45375.4,545844.3,677103.9,523526.1,128457.7,314832.2,0,0.0,0.0,-1,0.0,0.0,sp|P04004|VTNC_HUMAN,VTN,169,47821900.0,209016000.0,,,-1.0,-1.0,-1,,0,0,0
MS_UNDEP_PL_LAC_bRPLC_NGP_09B.22676.22676.3.0.dta,MS_UNDEP_PL_LAC_bRPLC_NGP_09B.22676.22676.3.0.dta,MS_UNDEP_PL_LAC_bRPLC_NGP_09B,22676,4247.68692,2825.14941,942.38799,3,1,JGSLFAFR,,911.47338,5 4 1 0,H(5)N(4)A(1),(N(N(H(H(N(H)))(H(N(H(A))))))),2036,0 1 0 0;0 2 0 0;1 2 0 0;2 2 0 0;2 3 0 0;3 2 0 0;3 3 0 0;3 3 1 0;4 3 0 0;4 3 1 0;4 4 0 0;5 4 0 0;,1913.67702,1,40.1641,17.66846,81.94171,7,-0.00099,-0.34989,0.875,0.92857,0.0,0,0,0.0,692122.9,446072.7,631518.7,71843.5,175729.8,0,0.0,0.0,-1,0.0,0.0,sp|P04004|VTNC_HUMAN,VTN,169,47968100.0,210086000.0,,,-1.0,-1.0,-1,,0,0,0
MS_UNDEP_PL_LAC_bRPLC_NGP_09B.22677.22677.4.1.dta,MS_UNDEP_PL_LAC_bRPLC_NGP_09B.22677.22677.4.1.dta,MS_UNDEP_PL_LAC_bRPLC_NGP_09B,22677,4247.8413,4416.78738,1104.9523,4,1,DIVEYYJDSJGSHVLQGR,,2065.95735,5 4 2 1,H(5)N(4)A(2)F(1),(N(F)(N(H(H(N(H(A))))(H(N(H(A))))))),226,0 1 0 0;0 1 0 1;0 2 0 0;0 2 0 1;1 2 0 0;1 2 0 1;2 2 0 0;2 2 0 1;2 3 0 0;3 2 0 0;3 2 0 1;3 3 0 0;3 3 0 1;3 3 1 1;4 3 0 0;4 3 0 1;4 3 1 1;,2350.83035,7,40.58084,22.2982,74.53432,9,-0.00032,-0.07332,0.57576,0.55882,0.0,0,0,0.0,343360.9,317216.8,379007.0,110639.2,280213.7,0,0.0,0.0,-1,0.0,0.0,sp|P25311|ZA2G_HUMAN,AZGP1,109,24181700.0,232360000.0,,,-1.0,-1.0,-1,,0,0,0
MS_UNDEP_PL_LAC_bRPLC_NGP_09B.22710.22710.3.0.dta,MS_UNDEP_PL_LAC_bRPLC_NGP_09B.22710.22710.3.0.dta,MS_UNDEP_PL_LAC_bRPLC_NGP_09B,22710,4253.12826,4416.78618,1472.93358,3,1,DIVEYYJDSJGSHVLQGR,,2065.95735,5 4 2 1,H(5)N(4)A(2)F(1),(N(F)(N(H(H(N(H(A))))(H(N(H(A))))))),226,0 1 0 0;0 1 0 1;0 2 0 0;0 2 0 1;1 2 0 0;2 2 0 0;2 3 0 0;3 2 0 0;3 3 0 0;3 3 0 1;3 3 1 1;4 3 0 0;4 3 0 1;4 3 1 0;4 3 1 1;,2350.83035,7,32.39653,24.709,46.67338,8,-0.00153,-0.34592,0.48485,0.55882,0.0,0,0,0.0,335705.7,341427.8,451978.8,80304.8,161802.7,0,5.629214306469064e-266,9.136668448813883e-268,-1,0.0,9.136668448813883e-268,sp|P25311|ZA2G_HUMAN,AZGP1,109,22765700.0,229625000.0,,,-1.0,-1.0,-1,,0,0,0
MS_UNDEP_PL_LAC_bRPLC_NGP_09B.22877.22877.4.1.dta,MS_UNDEP_PL_LAC_bRPLC_NGP_09B.22877.22877.4.1.dta,MS_UNDEP_PL_LAC_bRPLC_NGP_09B,22877,4280.4174,4416.78889,1104.95268,4,1,DIVEYYJDSJGSHVLQGR,,2065.95735,5 4 2 1,H(5)N(4)A(2)F(1),(N(F)(N(H(H(N(H(A))))(H(N(H(A))))))),226,0 1 0 0;0 1 0 1;0 2 0 0;0 2 0 1;1 2 0 0;2 2 0 0;2 2 0 1;3 2 0 0;3 2 0 1;3 3 0 0;3 3 0 1;4 3 0 0;4 3 0 1;4 3 1 1;5 4 0 1;,2350.83035,10,36.50224,20.87447,65.52526,9,0.00119,0.26901,0.51515,0.5,0.0,0,0,0.0,393285.6,390491.1,468707.7,137519.7,356785.7,0,0.0,0.0,-1,0.0,0.0,sp|P25311|ZA2G_HUMAN,AZGP1,112,17042800.0,163414000.0,,,-1.0,-1.0,-1,,0,0,0
MS_UNDEP_PL_LAC_bRPLC_NGP_09B.22902.22902.3.0.dta,MS_UNDEP_PL_LAC_bRPLC_NGP_09B.22902.22902.3.0.dta,MS_UNDEP_PL_LAC_bRPLC_NGP_09B,22902,4284.49998,4416.78661,1472.93372,3,1,DIVEYYJDSJGSHVLQGR,,2065.95735,5 4 2 1,H(5)N(4)A(2)F(1),(N(F)(N(H(H(N(H(A))))(H(N(H(A))))))),226,0 1 0 0;0 1 0 1;0 2 0 0;0 2 0 1;1 2 0 0;1 2 0 1;2 2 0 0;2 2 0 1;2 3 0 0;3 2 0 0;3 2 0 1;3 3 0 0;3 3 0 1;3 3 1 0;3 3 1 1;4 3 0 0;4 3 0 1;4 3 1 0;4 3 1 1;4 4 0 1;5 4 0 1;5 4 1 1;,2350.83035,10,61.8419,32.88861,115.61229,9,-0.0011,-0.24811,0.72727,0.61765,0.0,0,0,0.0,1004373.4,1064183.4,1339751.0,221600.2,497967.4,0,0.0,0.0,-1,0.0,0.0,sp|P25311|ZA2G_HUMAN,AZGP1,112,15823800.0,161179000.0,,,-1.0,-1.0,-1,,0,0,0
MS_UNDEP_PL_LAC_bRPLC_NGP_09B.23077.23077.3.0.dta,MS_UNDEP_PL_LAC_bRPLC_NGP_09B.23077.23077.3.0.dta,MS_UNDEP_PL_LAC_bRPLC_NGP_09B,23077,4312.905,4270.72723,1424.24726,3,1,DIVEYYJDSJGSHVLQGR,,2065.95735,5 4 2 0,H(5)N(4)A(2),(N(N(H(H(N(H(A))))(H(N(H(A))))))),1791,0 1 0 0;0 2 0 0;1 2 0 0;2 2 0 0;2 3 0 0;3 2 0 0;3 3 0 0;3 3 1 0;4 3 0 0;4 3 1 0;5 4 0 0;5 4 1 0;,2204.77244,10,38.22364,20.4013,71.32225,7,-0.00256,-0.60037,0.82353,0.5,0.0,0,0,0.0,380313.9,401909.3,545152.9,87889.9,197537.0,0,0.0,0.0,-1,0.0,0.0,sp|P25311|ZA2G_HUMAN,AZGP1,112,19527300.0,171263000.0,,,-1.0,-1.0,-1,,0,0,0
MS_UNDEP_PL_LAC_bRPLC_NGP_09B.26760.26760.4.1.dta,MS_UNDEP_PL_LAC_bRPLC_NGP_09B.26760.26760.4.1.dta,MS_UNDEP_PL_LAC_bRPLC_NGP_09B,26760,4915.74996,4758.1451,1190.29173,4,1,SLGNVJFTVSAEALESQELCGTEVPSVPEHGRK,"20,Carbamidomethyl[C];",3541.72275,5 2 0 0,H(5)N(2),(N(N(H(H(H))(H(H))))),1637,0 1 0 0;4 2 0 0;,1216.42286,6,14.37033,21.15641,1.76761,2,-0.00052,-0.10906,0.375,0.39062,0.0,0,0,17328.6,17828.3,67161.2,62302.1,0.0,0.0,0,0.0227012758788479,0.0097489864672384,-1,0.0,0.0097489864672384,sp|P01023|A2MG_HUMAN,A2M,869,11658800.0,157176000.0,,,-1.0,-1.0,-1,,0,0,0
MS_UNDEP_PL_LAC_bRPLC_NGP_09B.29658.29658.3.1.dta,MS_UNDEP_PL_LAC_bRPLC_NGP_09B.29658.29658.3.1.dta,MS_UNDEP_PL_LAC_bRPLC_NGP_09B,29658,5388.52212,4000.76736,1334.26064,3,1,VVLHPJYSQVDIGLIK,"9,Deamidated[Q];",1795.99525,5 4 2 0,H(5)N(4)A(2),(N(N(H(H(N(H(A))))(H(N(H(A))))))),1791,0 1 0 0;0 2 0 0;1 2 0 0;2 2 0 0;3 2 0 0;3 3 0 0;3 3 1 0;4 3 0 0;4 3 1 0;5 4 0 0;5 4 1 0;,2204.77244,6,35.90033,21.27892,63.05436,7,-0.00034,-0.08374,0.76471,0.5,0.0,0,0,0.0,626624.4,633147.3,842404.0,136145.7,300965.1,0,0.0,0.0,-1,0.0,0.0,sp|P00738|HPT_HUMAN,HP,241,50003100.0,408801000.0,,,-1.0,-1.0,-1,,0,0,0
MS_UNDEP_PL_LAC_bRPLC_NGP_09B.34566.34566.4.1.dta,MS_UNDEP_PL_LAC_bRPLC_NGP_09B.34566.34566.4.1.dta,MS_UNDEP_PL_LAC_bRPLC_NGP_09B,34566,6199.0248,4987.99816,1247.755,4,1,EJLTAPGSDSAVFFEQGTTR,,2126.9989,6 5 3 0,H(6)N(5)A(3),(N(N(H(H(N(H(A))))(H(N(H(A)))(N(H(A))))))),1790,0 1 0 0;0 2 0 0;1 2 0 0;2 2 0 0;3 3 0 0;3 3 1 0;4 3 0 0;4 3 1 0;4 4 0 0;,2861.00005,2,17.75585,22.10544,9.67803,4,-0.0008,-0.16069,0.3,0.57895,0.0,0,0,0.0,212453.0,191022.4,182844.2,54021.1,116156.9,0,1.149839010030625e-50,1.1509235810693748e-52,-1,0.0,1.1509235810693748e-52,sp|P00450|CERU_HUMAN,CP,397,8794800.0,115132000.0,,,-1.0,-1.0,-1,,0,0,0
MS_UNDEP_PL_LAC_bRPLC_NGP_09B.34670.34670.4.1.dta,MS_UNDEP_PL_LAC_bRPLC_NGP_09B.34670.34670.4.1.dta,MS_UNDEP_PL_LAC_bRPLC_NGP_09B,34670,6216.0426,5670.35122,1418.34326,4,1,LPTQJITFQTESSVAEQEAEFQSPK,,2809.35266,6 5 3 0,H(6)N(5)A(3),(N(N(H(H(N(H(A))))(H(N(H(A)))(N(H(A))))))),1790,0 1 0 0;1 2 0 0;2 2 0 0;3 3 0 0;3 3 1 0;4 3 0 0;4 3 1 0;,2861.00005,5,9.75969,12.75761,4.19212,3,-0.00149,-0.26357,0.23333,0.35417,0.0,0,0,0.0,285372.7,233570.4,247987.8,54964.1,113379.3,0,2.8844112194657896e-13,2.6072048836675127e-15,-1,0.0,2.6072048836675127e-15,sp|Q14624|ITIH4_HUMAN,ITIH4,517,6136070.0,117791000.0,,,-1.0,-1.0,-1,,0,0,0
MS_UNDEP_PL_LAC_bRPLC_NGP_09B.34819.34819.4.1.dta,MS_UNDEP_PL_LAC_bRPLC_NGP_09B.34819.34819.4.1.dta,MS_UNDEP_PL_LAC_bRPLC_NGP_09B,34819,6240.5556,5134.0563,1284.26953,4,1,EJLTAPGSDSAVFFEQGTTR,,2126.9989,6 5 3 1,H(6)N(5)A(3)F(1),(N(N(H(H(N(F)(H(A))))(H(N(H(A)))(N(H(A))))))),1686,0 1 0 0;1 2 0 0;2 2 0 0;3 3 1 0;,3007.05796,2,8.45138,12.18882,1.51042,3,-0.00057,-0.11031,0.07843,0.34211,0.0,0,0,0.0,170379.7,185623.9,175798.9,88246.7,149434.9,0,0.0034874381396001,0.0097489864672384,-1,0.0,0.0097489864672384,sp|P00450|CERU_HUMAN,CP,397,5954940.0,80127900.0,,,-1.0,-1.0,-1,,0,0,0
MS_UNDEP_PL_LAC_bRPLC_NGP_09B.34962.34962.4.1.dta,MS_UNDEP_PL_LAC_bRPLC_NGP_09B.34962.34962.4.1.dta,MS_UNDEP_PL_LAC_bRPLC_NGP_09B,34962,6263.892,4987.99722,1247.75476,4,1,EJLTAPGSDSAVFFEQGTTR,,2126.9989,6 5 3 0,H(6)N(5)A(3),(N(N(H(H(N(H(A))))(H(N(H(A)))(N(H(A))))))),1790,0 1 0 0;0 2 0 0;1 2 0 0;2 2 0 0;3 3 0 0;3 3 1 0;4 3 0 0;4 3 1 0;4 4 0 0;5 4 0 0;5 4 1 0;,2861.00005,2,21.73466,26.09688,13.6334,4,-0.00174,-0.34914,0.36667,0.55263,0.0,0,0,0.0,333483.4,291547.3,309746.6,117695.1,242166.9,0,2.4840420024638547e-73,3.1932926418804383e-75,-1,0.0,3.1932926418804383e-75,sp|P00450|CERU_HUMAN,CP,397,5581660.0,78107800.0,,,-1.0,-1.0,-1,,0,0,0
MS_UNDEP_PL_LAC_bRPLC_NGP_09B.36514.36514.4.1.dta,MS_UNDEP_PL_LAC_bRPLC_NGP_09B.36514.36514.4.1.dta,MS_UNDEP_PL_LAC_bRPLC_NGP_09B,36514,6531.8388,5734.43418,1434.364,4,1,CGLVPVLAENYJKSDNCEDTPEAGYFAVAVVK,"1,Carbamidomethyl[C];17,Carbamidomethyl[C];",3529.66138,5 4 2 0,H(5)N(4)A(2),(N(N(H(H(N(H(A))))(H(N(H(A))))))),1791,0 1 0 0;2 2 0 0;3 2 0 0;3 3 0 0;3 3 1 0;4 3 0 0;4 3 1 0;,2204.77244,12,21.08561,25.85623,12.2259,4,0.00036,0.06242,0.47059,0.35484,0.0,0,0,0.0,752239.7,706483.6,812083.9,166364.8,390119.2,0,2.8009618919833377e-65,2.8322585825346612e-67,-1,0.0,2.8322585825346612e-67,sp|P02787|TRFE_HUMAN,TF,432,6862630.0,147631000.0,,,-1.0,-1.0,-1,,0,0,0
MS_UNDEP_PL_LAC_bRPLC_NGP_09B.37145.37145.4.1.dta,MS_UNDEP_PL_LAC_bRPLC_NGP_09B.37145.37145.4.1.dta,MS_UNDEP_PL_LAC_bRPLC_NGP_09B,37145,6638.325,4715.22268,1179.56113,4,1,LSLHRPALEDLLLGSEAJLTCTLTGLR,"21,Carbamidomethyl[C];",2963.59827,4 4 1 0,H(4)N(4)A(1),(N(N(H(H(N))(H(N(H(A))))))),2205,0 1 0 0;2 2 0 0;2 3 0 0;3 3 0 0;4 3 0 0;,1751.6242,18,11.99519,15.4239,5.6276,3,0.00021,0.04558,0.42857,0.34615,0.0,0,0,0.0,121784.4,229732.9,212981.8,36368.3,77535.1,0,2.3124568485033728e-27,1.8049394066511816e-29,-1,0.0,1.8049394066511816e-29,sp|P01876|IGHA1_HUMAN;sp|P01877|IGHA2_HUMAN,IGHA1;IGHA2,144;131,10895500.0,138358000.0,,,-1.0,-1.0,-1,,0,0,0
MS_UNDEP_PL_LAC_bRPLC_NGP_09B.39080.39080.4.1.dta,MS_UNDEP_PL_LAC_bRPLC_NGP_09B.39080.39080.4.1.dta,MS_UNDEP_PL_LAC_bRPLC_NGP_09B,39080,6957.9636,4748.84293,1187.96619,4,1,CSDGWSFDATTLDDJGTMLFFK,"1,Carbamidomethyl[C];18,Oxidation[M];",2544.06937,5 4 2 0,H(5)N(4)A(2),(N(N(H(H(N(H(A))))(H(N(H(A))))))),1791,0 1 0 0;0 2 0 0;1 2 0 0;2 2 0 0;3 2 0 0;3 3 0 0;4 3 0 0;4 3 1 0;,2204.77244,15,21.21207,19.09871,25.13687,6,0.00112,0.23542,0.52941,0.40476,0.0,0,0,0.0,352547.8,333238.3,360983.7,97895.6,237175.3,0,4.357576263868635e-140,5.767374848375047e-142,-1,0.0,5.767374848375047e-142,sp|P02790|HEMO_HUMAN,HPX,64,1770630.0,23799700.0,,,-1.0,-1.0,-1,,0,0,0
MS_UNDEP_PL_LAC_bRPLC_NGP_09B.39353.39353.3.0.dta,MS_UNDEP_PL_LAC_bRPLC_NGP_09B.39353.39353.3.0.dta,MS_UNDEP_PL_LAC_bRPLC_NGP_09B,39353,7003.0956,4382.82929,1461.61461,3,1,SLTFJETYQDISELVYGAK,,2178.06009,5 4 2 0,H(5)N(4)A(2),(N(N(H(H(N(H(A))))(H(N(H(A))))))),1791,0 1 0 0;2 2 0 0;3 2 0 0;3 3 0 0;3 3 1 0;4 3 0 0;4 3 1 0;5 4 0 0;,2204.77244,5,18.01732,20.67328,13.08483,4,-0.00324,-0.73926,0.52941,0.52778,0.0,0,0,0.0,385424.9,393661.9,444382.5,81234.6,172936.4,0,3.408684453916212e-70,4.393833602146916e-72,-1,0.0,4.393833602146916e-72,sp|P01008|ANT3_HUMAN,SERPINC1,187,44270500.0,441909000.0,,,-1.0,-1.0,-1,,0,0,0
MS_UNDEP_PL_LAC_bRPLC_NGP_09B.39543.39543.3.0.dta,MS_UNDEP_PL_LAC_bRPLC_NGP_09B.39543.39543.3.0.dta,MS_UNDEP_PL_LAC_bRPLC_NGP_09B,39543,7034.4144,4382.82978,1461.61478,3,1,SLTFJETYQDISELVYGAK,,2178.06009,5 4 2 0,H(5)N(4)A(2),(N(N(H(H(N(H(A))))(H(N(H(A))))))),1791,0 1 0 0;0 2 0 0;1 2 0 0;2 2 0 0;3 2 0 0;3 3 0 0;3 3 1 0;4 3 0 0;4 3 1 0;5 4 1 0;,2204.77244,5,38.50886,35.96077,43.24102,6,-0.00275,-0.62768,0.64706,0.72222,0.0,0,0,0.0,698737.9,712439.4,766865.2,225186.8,466058.5,0,7.040054147866862e-246,1.1036145334154464e-247,-1,0.0,1.1036145334154464e-247,sp|P01008|ANT3_HUMAN,SERPINC1,187,44270500.0,441909000.0,,,-1.0,-1.0,-1,,0,0,0
MS_UNDEP_PL_LAC_bRPLC_NGP_09B.42152.42152.4.1.dta,MS_UNDEP_PL_LAC_bRPLC_NGP_09B.42152.42152.4.1.dta,MS_UNDEP_PL_LAC_bRPLC_NGP_09B,42152,7531.0956,5369.37027,1343.09803,4,1,QLAHQSJSTNIFFSPVSIATAFAMLSLGTK,"1,Gln->pyro-Glu[AnyN-termQ];",3164.6085,5 4 2 0,H(5)N(4)A(2),(N(N(H(H(N(H(A))))(H(N(H(A))))))),1791,0 1 0 0;2 2 0 0;3 2 0 0;,2204.77244,7,21.42535,32.12881,1.5475,3,-0.01067,-1.98664,0.17647,0.5,0.0,0,0,0.0,267809.0,229381.9,231036.1,53787.5,94845.2,0,0.0025892494241719,0.0097489864672384,-1,0.0,0.0097489864672384,sp|P01009|A1AT_HUMAN,SERPINA1,70,1020480.0,18660600.0,,,-1.0,-1.0,-1,,0,0,0
MS_UNDEP_PL_LAC_bRPLC_NGP_12A.4124.4124.4.2.dta,MS_UNDEP_PL_LAC_bRPLC_NGP_12A.4124.4124.4.2.dta,MS_UNDEP_PL_LAC_bRPLC_NGP_12A,4124,1094.65236,3828.51638,957.88455,4,1,HSHNJJSSDLHPHK,,1623.73709,5 4 2 0,H(5)N(4)A(2),(N(N(H(H(N(H(A))))(H(N(H(A))))))),1791,0 1 0 0;0 2 0 0;1 2 0 0;2 2 0 0;2 3 0 0;3 2 0 0;3 3 0 0;3 3 1 0;4 3 0 0;4 3 1 0;4 4 0 0;4 4 1 0;5 4 0 0;5 4 1 0;,2204.77244,5,33.21059,11.61704,73.31291,6,0.00686,1.79076,0.88235,0.42308,0.0,0,0,0.0,217092.1,266252.9,405684.8,103918.2,334482.4,0,0.0,0.0,-1,0.0,0.0,sp|P04196|HRG_HUMAN,HRG,344,2370820.0,22485400.0,,,-1.0,-1.0,-1,,0,0,0
MS_UNDEP_PL_LAC_bRPLC_NGP_12A.4158.4158.3.0.dta,MS_UNDEP_PL_LAC_bRPLC_NGP_12A.4158.4158.3.0.dta,MS_UNDEP_PL_LAC_bRPLC_NGP_12A,4158,1100.11722,3157.26872,1053.09442,3,1,YKJNSDISSTR,,1284.61786,6 3 1 0,H(6)N(3)A(1),(N(N(H(H)(H(H)(H(N(H(A)))))))),2255,0 1 0 0;0 2 0 0;1 2 0 0;2 2 0 0;3 2 0 0;4 2 0 0;4 3 0 0;5 2 0 0;5 3 0 0;5 3 1 0;6 3 0 0;,1872.65047,3,42.34709,19.23746,85.26497,7,0.00039,0.12245,0.86667,0.75,0.0,0,0,0.0,204445.0,274753.8,306078.4,66791.5,168647.7,0,0.0,0.0,-1,0.0,0.0,sp|P01871|IGHM_HUMAN,IGHM,46,3075490.0,16788500.0,,,-1.0,-1.0,-1,,0,0,0
MS_UNDEP_PL_LAC_bRPLC_NGP_12A.4172.4172.3.0.dta,MS_UNDEP_PL_LAC_bRPLC_NGP_12A.4172.4172.3.0.dta,MS_UNDEP_PL_LAC_bRPLC_NGP_12A,4172,1102.40436,3149.20582,1050.40679,3,1,HJSTGCLR,"6,Carbamidomethyl[C];",944.43667,5 4 2 0,H(5)N(4)A(2),(N(N(H(H(N(H(A))))(H(N(H(A))))))),1791,0 1 0 0;0 2 0 0;1 2 0 0;2 2 0 0;2 3 0 0;3 2 0 0;3 3 0 0;3 3 1 0;4 3 0 0;4 3 1 0;4 4 0 0;4 4 1 0;5 4 0 0;5 4 1 0;,2204.77244,2,72.70462,31.64345,148.96107,7,-0.00329,-1.04504,0.94118,1.0,0.0,0,0,0.0,3212937.5,3431282.9,4222030.2,917167.7,2276171.5,0,0.0,0.0,-1,0.0,0.0,sp|P10909|CLUS_HUMAN,CLU,291,59699700.0,295856000.0,,,-1.0,-1.0,-1,,0,0,0
MS_UNDEP_PL_LAC_bRPLC_NGP_12A.6377.6377.3.0.dta,MS_UNDEP_PL_LAC_bRPLC_NGP_12A.6377.6377.3.0.dta,MS_UNDEP_PL_LAC_bRPLC_NGP_12A,6377,1574.1174,3635.44578,1212.48678,3,1,YKJNSDISSTR,,1284.61786,5 4 2 1,H(5)N(4)A(2)F(1),(N(F)(N(H(H(N(H(A))))(H(N(H(A))))))),226,0 1 0 0;0 1 0 1;0 2 0 0;0 2 0 1;1 2 0 0;1 2 0 1;2 2 0 0;2 2 0 1;2 3 0 1;3 2 0 0;3 2 0 1;3 3 0 0;3 3 0 1;3 3 1 0;3 3 1 1;4 3 0 0;4 3 0 1;4 3 1 0;4 3 1 1;4 4 0 1;4 4 1 1;5 4 0 0;5 4 0 1;5 4 1 0;5 4 1 1;,2350.83035,3,66.45171,20.11902,152.49815,9,-0.00243,-0.66727,0.81818,0.8,0.0,0,0,0.0,430245.1,423261.1,585518.2,113331.1,289289.5,0,0.0,0.0,-1,0.0,0.0,sp|P01871|IGHM_HUMAN,IGHM,46,35933000.0,227685000.0,,,-1.0,-1.0,-1,,0,0,0
MS_UNDEP_PL_LAC_bRPLC_NGP_12A.6467.6467.2.0.dta,MS_UNDEP_PL_LAC_bRPLC_NGP_12A.6467.6467.2.0.dta,MS_UNDEP_PL_LAC_bRPLC_NGP_12A,6467,1589.05452,2796.09757,1398.55242,2,1,EEQYJSTYR,,1189.51199,4 4 0 1,H(4)N(4)F(1),(N(F)(N(H(H(N))(H(N(H)))))),670,0 1 0 0;0 1 0 1;0 2 0 0;0 2 0 1;1 2 0 0;1 2 0 1;2 2 0 0;2 2 0 1;2 3 0 0;2 3 0 1;3 2 0 0;3 2 0 1;3 3 0 0;3 3 0 1;3 4 0 0;3 4 0 1;4 3 0 0;4 3 0 1;4 4 0 0;,1606.58669,5,62.39921,13.06572,154.01854,9,-0.00111,-0.39782,1.0,0.625,0.0,0,0,0.0,1356117.3,985035.7,1469933.0,0.0,0.0,0,0.0,0.0,-1,0.0,0.0,sp|P01857|IGHG1_HUMAN,IGHG1,180,41581300.0,211218000.0,,,-1.0,-1.0,-1,,0,0,0
MS_UNDEP_PL_LAC_bRPLC_NGP_12A.6495.6495.3.0.dta,MS_UNDEP_PL_LAC_bRPLC_NGP_12A.6495.6495.3.0.dta,MS_UNDEP_PL_LAC_bRPLC_NGP_12A,6495,1593.71892,2796.09724,932.70393,3,1,EEQYJSTYR,,1189.51199,4 4 0 1,H(4)N(4)F(1),(N(F)(N(H(H(N))(H(N(H)))))),670,0 1 0 0;0 1 0 1;0 2 0 0;0 2 0 1;1 2 0 0;1 2 0 1;2 2 0 0;2 2 0 1;2 3 0 0;2 3 0 1;3 2 0 0;3 2 0 1;3 3 0 0;3 3 0 1;4 3 0 0;4 3 0 1;4 4 0 0;,1606.58669,5,56.86617,16.26969,132.25965,9,-0.00144,-0.51656,0.90476,0.6875,0.0,0,0,0.0,1029586.7,1857032.4,1620993.6,0.0,0.0,0,0.0,0.0,-1,0.0,0.0,sp|P01857|IGHG1_HUMAN,IGHG1,180,65441400.0,274483000.0,,,-1.0,-1.0,-1,,0,0,0
MS_UNDEP_PL_LAC_bRPLC_NGP_12A.6543.6543.3.0.dta,MS_UNDEP_PL_LAC_bRPLC_NGP_12A.6543.6543.3.0.dta,MS_UNDEP_PL_LAC_bRPLC_NGP_12A,6543,1601.6646,2634.04481,878.68645,3,1,EEQYJSTYR,,1189.51199,3 4 0 1,H(3)N(4)F(1),(N(F)(N(H(H(N))(H(N))))),679,0 1 0 0;0 1 0 1;0 2 0 0;0 2 0 1;1 2 0 0;1 2 0 1;2 2 0 0;2 2 0 1;2 3 0 0;2 3 0 1;3 2 0 0;3 2 0 1;3 3 0 0;3 3 0 1;,1444.53387,5,51.42097,18.05158,113.3927,9,-0.00105,-0.39936,0.94118,0.8125,0.0,0,0,0.0,129094.1,1371220.6,757760.7,0.0,0.0,0,0.0,0.0,-1,0.0,0.0,sp|P01857|IGHG1_HUMAN,IGHG1,180,52891200.0,204857000.0,,,-1.0,-1.0,-1,,0,0,0
MS_UNDEP_PL_LAC_bRPLC_NGP_12A.6560.6560.2.0.dta,MS_UNDEP_PL_LAC_bRPLC_NGP_12A.6560.6560.2.0.dta,MS_UNDEP_PL_LAC_bRPLC_NGP_12A,6560,1604.4033,2634.04387,1317.52557,2,1,EEQYJSTYR,,1189.51199,3 4 0 1,H(3)N(4)F(1),(N(F)(N(H(H(N))(H(N))))),679,0 1 0 0;0 1 0 1;0 2 0 0;0 2 0 1;1 2 0 0;1 2 0 1;2 2 0 0;2 2 0 1;2 3 0 0;2 3 0 1;3 2 0 0;3 2 0 1;3 3 0 0;3 3 0 1;3 4 0 0;,1444.53387,5,66.58212,24.49496,144.744,9,-0.00199,-0.75584,1.0,0.75,0.0,0,0,0.0,379720.4,2026001.8,1155194.6,0.0,0.0,0,0.0,0.0,-1,0.0,0.0,sp|P01857|IGHG1_HUMAN,IGHG1,180,69554600.0,301482000.0,,,-1.0,-1.0,-1,,0,0,0
MS_UNDEP_PL_LAC_bRPLC_NGP_12A.11077.11077.3.0.dta,MS_UNDEP_PL_LAC_bRPLC_NGP_12A.11077.11077.3.0.dta,MS_UNDEP_PL_LAC_bRPLC_NGP_12A,11077,2362.23618,3382.42889,1128.14781,3,1,VYKPSAGJNSLYR,,1468.75428,5 4 1 0,H(5)N(4)A(1),(N(N(H(H(N(H)))(H(N(H(A))))))),2036,0 1 0 0;0 2 0 0;1 2 0 0;2 2 0 0;2 3 0 0;3 2 0 0;3 3 0 0;3 3 1 0;3 4 0 0;4 3 0 0;4 3 1 0;4 4 0 0;4 4 1 0;5 4 0 0;,1913.67702,8,54.8629,13.26502,132.1161,7,-0.00242,-0.71502,1.0,0.41667,0.0,0,0,0.0,1041825.5,796042.3,1532506.0,0.0,227735.5,0,0.0,0.0,-1,0.0,0.0,sp|P02749|APOH_HUMAN,APOH,162,54810700.0,322147000.0,,,-1.0,-1.0,-1,,0,0,0
MS_UNDEP_PL_LAC_bRPLC_NGP_12A.16972.16972.5.0.dta,MS_UNDEP_PL_LAC_bRPLC_NGP_12A.16972.16972.5.0.dta,MS_UNDEP_PL_LAC_bRPLC_NGP_12A,16972,3322.97838,4916.03608,984.01304,5,1,YPHKPEIJSTTHPGADLQEJFCR,"22,Carbamidomethyl[C];",2711.26307,5 4 2 0,H(5)N(4)A(2),(N(N(H(H(N(H(A))))(H(N(H(A))))))),1791,0 1 0 0;0 2 0 0;1 2 0 0;2 2 0 0;2 3 0 0;3 2 0 0;3 3 0 0;3 3 1 0;4 3 0 0;4 3 1 0;4 4 0 0;4 4 1 0;5 4 0 0;5 4 1 0;,2204.77244,8,42.90861,31.62804,63.85824,5,0.00057,0.11675,0.82353,0.5,0.0,0,0,0.0,293158.4,349120.9,611172.1,151624.9,490515.2,0,2.4460033266031996e-284,5.745230312753243e-286,-1,0.0,5.745230312753243e-286,sp|P00734|THRB_HUMAN,F2,143,17416000.0,238373000.0,,,-1.0,-1.0,-1,,0,0,0
MS_UNDEP_PL_LAC_bRPLC_NGP_12A.16995.16995.4.2.dta,MS_UNDEP_PL_LAC_bRPLC_NGP_12A.16995.16995.4.2.dta,MS_UNDEP_PL_LAC_bRPLC_NGP_12A,16995,3326.61534,4916.0347,1229.76413,4,1,YPHKPEIJSTTHPGADLQEJFCR,"22,Carbamidomethyl[C];",2711.26307,5 4 2 0,H(5)N(4)A(2),(N(N(H(H(N(H(A))))(H(N(H(A))))))),1791,0 1 0 0;0 2 0 0;1 2 0 0;2 2 0 0;2 3 0 0;3 2 0 0;3 3 0 0;3 3 1 0;4 3 0 0;4 3 1 0;4 4 1 0;5 4 0 0;5 4 1 0;,2204.77244,8,43.56896,25.68838,76.77575,6,-0.0008,-0.16335,0.82353,0.5,0.0,0,0,0.0,254782.9,343358.3,625100.0,68541.6,195555.8,0,0.0,0.0,-1,0.0,0.0,sp|P00734|THRB_HUMAN,F2,143,19612200.0,263578000.0,,,-1.0,-1.0,-1,,0,0,0
MS_UNDEP_PL_LAC_bRPLC_NGP_12A.17665.17665.3.4.dta,MS_UNDEP_PL_LAC_bRPLC_NGP_12A.17665.17665.3.4.dta,MS_UNDEP_PL_LAC_bRPLC_NGP_12A,17665,3435.4554,3639.45159,1213.82205,3,1,FSDGLESJSSTQFEVK,,1774.813,9 2 0 0,H(9)N(2),(N(N(H(H(H)(H))(H(H(H))(H(H)))))),1545,0 1 0 0;0 2 0 0;1 2 0 0;2 2 0 0;4 2 0 0;5 2 0 0;,1864.63416,8,13.7874,12.20569,16.72485,5,0.00444,1.21924,0.58333,0.46667,0.0,0,0,144145.5,70239.5,165421.8,150541.5,9963.7,36400.6,0,2.3735715377543588e-71,3.975950795186822e-73,-1,0.0,3.975950795186822e-73,sp|P0C0L4|CO4A_HUMAN;sp|P0C0L5|CO4B_HUMAN,C4A;C4B,226;226,19642000.0,109211000.0,,,-1.0,-1.0,-1,,0,0,0
MS_UNDEP_PL_LAC_bRPLC_NGP_12A.25282.25282.3.2.dta,MS_UNDEP_PL_LAC_bRPLC_NGP_12A.25282.25282.3.2.dta,MS_UNDEP_PL_LAC_bRPLC_NGP_12A,25282,4688.51208,3708.68604,1236.9002,3,1,VVLHPJYSQVDIGLIK,,1795.01124,5 4 1 0,H(5)N(4)A(1),(N(N(H(H(N(H)))(H(N(H(A))))))),2036,0 1 0 0;0 2 0 0;1 2 0 0;2 2 0 0;2 3 0 0;3 2 0 0;3 3 0 0;4 3 0 0;4 3 1 0;5 4 0 0;,1913.67702,6,22.02574,20.24276,25.33699,5,-0.00222,-0.59765,0.625,0.5,0.0,0,0,0.0,490236.4,371066.1,626489.2,67084.5,159580.6,0,2.6167815837276343e-110,3.017058640481509e-112,-1,0.0,3.017058640481509e-112,sp|P00738|HPT_HUMAN,HP,241,21665100.0,149804000.0,,,-1.0,-1.0,-1,,0,0,0
MS_UNDEP_PL_LAC_bRPLC_NGP_12A.26245.26245.3.0.dta,MS_UNDEP_PL_LAC_bRPLC_NGP_12A.26245.26245.3.0.dta,MS_UNDEP_PL_LAC_bRPLC_NGP_12A,26245,4847.53518,3888.6061,1296.87355,3,1,LAJLTQGEDQYYLR,,1683.83366,5 4 2 0,H(5)N(4)A(2),(N(N(H(H(N(H(A))))(H(N(H(A))))))),1791,0 1 0 0;0 2 0 0;1 2 0 0;2 2 0 0;2 3 0 0;3 2 0 0;3 3 0 0;3 3 1 0;4 3 0 0;4 3 1 0;4 4 1 0;5 4 0 0;5 4 1 0;,2204.77244,3,45.17374,28.15423,76.78139,7,0.0,0.00025,0.88235,0.76923,0.0,0,0,0.0,497528.2,495181.2,549149.2,122717.8,250360.8,0,0.0,0.0,-1,0.0,0.0,sp|P10909|CLUS_HUMAN,CLU,374,27621000.0,213666000.0,,,-1.0,-1.0,-1,,0,0,0
MS_UNDEP_PL_LAC_bRPLC_NGP_12A.28084.28084.3.1.dta,MS_UNDEP_PL_LAC_bRPLC_NGP_12A.28084.28084.3.1.dta,MS_UNDEP_PL_LAC_bRPLC_NGP_12A,28084,5152.40112,4656.02931,1552.68129,3,1,VVLHPJYSQVDIGLIK,,1795.01124,6 5 3 0,H(6)N(5)A(3),(N(N(H(H(N(H(A))))(H(N(H(A)))(N(H(A))))))),1790,0 1 0 0;0 2 0 0;1 2 0 0;2 2 0 0;2 3 0 0;3 3 0 0;3 3 1 0;4 3 0 0;4 4 0 0;4 4 1 0;4 4 2 0;5 4 0 0;5 4 1 0;5 4 2 0;5 5 1 0;6 5 1 0;6 5 2 0;,2861.00005,6,27.46566,24.9932,32.05739,4,0.01802,3.86992,0.56667,0.63333,0.0,0,0,0.0,691205.4,717477.3,1030409.0,112933.3,207244.7,0,1.653033839031575e-140,2.467218507193723e-142,-1,0.0,2.467218507193723e-142,sp|P00738|HPT_HUMAN,HP,241,17388800.0,81609100.0,,,-1.0,-1.0,-1,,0,0,0
MS_UNDEP_PL_LAC_bRPLC_NGP_12A.28197.28197.3.0.dta,MS_UNDEP_PL_LAC_bRPLC_NGP_12A.28197.28197.3.0.dta,MS_UNDEP_PL_LAC_bRPLC_NGP_12A,28197,5171.03448,4364.91238,1455.64231,3,1,VVLHPJYSQVDIGLIK,,1795.01124,6 5 2 0,H(6)N(5)A(2),(N(N(H(H(N(H(A))))(H(N(H))(N(H(A))))))),1801,0 1 0 0;0 2 0 0;1 2 0 0;2 2 0 0;2 3 0 0;3 2 0 0;3 3 0 0;3 3 1 0;4 3 0 0;4 3 1 0;4 4 0 0;4 4 1 0;5 4 0 0;5 4 1 0;5 4 2 0;5 5 0 0;6 5 0 0;6 5 1 0;,2569.90464,6,49.26814,21.29946,101.20998,7,-0.00349,-0.79956,0.71429,0.46667,0.0,0,0,0.0,1547767.4,983653.2,1992403.4,184266.7,353622.0,0,0.0,0.0,-1,0.0,0.0,sp|P00738|HPT_HUMAN,HP,241,44700900.0,466931000.0,,,-1.0,-1.0,-1,,0,0,0
MS_UNDEP_PL_LAC_bRPLC_NGP_12A.28228.28228.4.1.dta,MS_UNDEP_PL_LAC_bRPLC_NGP_12A.28228.28228.4.1.dta,MS_UNDEP_PL_LAC_bRPLC_NGP_12A,28228,5176.15896,4364.91551,1091.98434,4,1,VVLHPJYSQVDIGLIK,,1795.01124,6 5 2 0,H(6)N(5)A(2),(N(N(H(H(N(H)))(H(N(H(A)))(N(H(A))))))),2035,0 1 0 0;0 2 0 0;1 2 0 0;2 2 0 0;2 3 0 0;3 2 0 0;3 3 0 0;3 3 1 0;3 4 0 0;4 3 0 0;4 3 1 0;4 4 0 0;4 4 1 0;4 4 2 0;5 4 0 0;5 4 1 0;5 4 2 0;6 5 0 0;6 5 1 0;,2569.90464,6,50.29767,15.47285,114.97233,7,-0.00036,-0.08293,0.72414,0.4,0.0,0,0,0.0,1155708.9,745332.8,1229279.7,199511.6,570920.5,0,0.0,0.0,-1,0.0,0.0,sp|P00738|HPT_HUMAN,HP,241,29991300.0,298721000.0,,,-1.0,-1.0,-1,,0,0,0
MS_UNDEP_PL_LAC_bRPLC_NGP_12A.28450.28450.3.0.dta,MS_UNDEP_PL_LAC_bRPLC_NGP_12A.28450.28450.3.0.dta,MS_UNDEP_PL_LAC_bRPLC_NGP_12A,28450,5212.91934,3999.78063,1333.93173,3,1,VVLHPJYSQVDIGLIK,,1795.01124,5 4 2 0,H(5)N(4)A(2),(N(N(H(H(N(H(A))))(H(N(H(A))))))),1791,0 1 0 0;0 2 0 0;1 2 0 0;2 2 0 0;2 3 0 0;3 2 0 0;3 3 0 0;3 3 1 0;4 3 0 0;4 3 1 0;4 4 0 0;4 4 1 0;5 4 0 0;5 4 1 0;,2204.77244,6,68.46578,44.08322,113.74769,7,-0.00305,-0.76155,0.94118,0.66667,0.0,0,0,0.0,4297565.9,4522605.9,6052261.6,1059995.6,2384104.8,0,0.0,0.0,-1,0.0,0.0,sp|P00738|HPT_HUMAN,HP,241,645165000.0,5810060000.0,,,-1.0,-1.0,-1,,0,0,0
MS_UNDEP_PL_LAC_bRPLC_NGP_12A.28516.28516.4.1.dta,MS_UNDEP_PL_LAC_bRPLC_NGP_12A.28516.28516.4.1.dta,MS_UNDEP_PL_LAC_bRPLC_NGP_12A,28516,5223.96,3999.78188,1000.70093,4,1,VVLHPJYSQVDIGLIK,,1795.01124,5 4 2 0,H(5)N(4)A(2),(N(N(H(H(N(H(A))))(H(N(H(A))))))),1791,0 1 0 0;0 2 0 0;1 2 0 0;2 2 0 0;2 3 0 0;3 2 0 0;3 3 0 0;3 3 1 0;4 3 0 0;4 3 1 0;4 4 0 0;4 4 1 0;5 4 0 0;5 4 1 0;,2204.77244,6,76.64838,49.53247,127.0065,7,-0.0018,-0.44953,0.94118,0.76667,0.0,0,0,0.0,2099820.5,1931448.6,2404394.2,758450.4,2105162.8,0,0.0,0.0,-1,0.0,0.0,sp|P00738|HPT_HUMAN,HP,241,208488000.0,1721410000.0,,,-1.0,-1.0,-1,,0,0,0
MS_UNDEP_PL_LAC_bRPLC_NGP_12A.28647.28647.3.0.dta,MS_UNDEP_PL_LAC_bRPLC_NGP_12A.28647.28647.3.0.dta,MS_UNDEP_PL_LAC_bRPLC_NGP_12A,28647,5245.86882,3999.78061,1333.93172,3,1,VVLHPJYSQVDIGLIK,,1795.01124,5 4 2 0,H(5)N(4)A(2),(N(N(H(H(N(H(A))))(H(N(H(A))))))),1791,0 1 0 0;0 2 0 0;1 2 0 0;2 2 0 0;2 3 0 0;3 2 0 0;3 3 0 0;3 3 1 0;4 3 0 0;4 3 1 0;4 4 0 0;4 4 1 0;5 4 0 0;5 4 1 0;,2204.77244,6,72.59096,49.26207,115.91602,7,-0.00307,-0.7668,0.94118,0.73333,0.0,0,0,0.0,1902128.2,1839265.2,2447979.5,464097.5,1025801.7,0,0.0,0.0,-1,0.0,0.0,sp|P00738|HPT_HUMAN,HP,241,645165000.0,5810060000.0,,,-1.0,-1.0,-1,,0,0,0
MS_UNDEP_PL_LAC_bRPLC_NGP_12A.28711.28711.4.1.dta,MS_UNDEP_PL_LAC_bRPLC_NGP_12A.28711.28711.4.1.dta,MS_UNDEP_PL_LAC_bRPLC_NGP_12A,28711,5256.40866,3999.78338,1000.7013,4,1,VVLHPJYSQVDIGLIK,,1795.01124,5 4 2 0,H(5)N(4)A(2),(N(N(H(H(N(H(A))))(H(N(H(A))))))),1791,0 1 0 0;0 2 0 0;1 2 0 0;2 2 0 0;2 3 0 0;3 2 0 0;3 3 0 0;3 3 1 0;4 3 0 0;4 3 1 0;,2204.77244,6,19.39002,13.79668,29.77764,5,-0.00029,-0.07351,0.58824,0.4,0.0,0,0,0.0,252583.9,247627.9,293714.7,106498.2,291006.2,0,2.761378814935775e-130,3.992965277088451e-132,-1,0.0,3.992965277088451e-132,sp|P00738|HPT_HUMAN,HP,241,211576000.0,1747710000.0,,,-1.0,-1.0,-1,,0,0,0
MS_UNDEP_PL_LAC_bRPLC_NGP_12A.28782.28782.2.3.dta,MS_UNDEP_PL_LAC_bRPLC_NGP_12A.28782.28782.2.3.dta,MS_UNDEP_PL_LAC_bRPLC_NGP_12A,28782,5267.94096,3650.5625,1825.78489,2,1,ALPQPQJVTSLLGCTH,"14,Carbamidomethyl[C];6,Deamidated[Q];",1736.8636,5 4 1 0,H(5)N(4)A(1),(N(N(H(H(N(H)))(H(N(H(A))))))),2036,0 1 0 0;0 2 0 0;1 2 0 0;2 2 0 0;3 2 0 0;3 3 0 0;4 3 1 0;5 4 0 0;,1913.67702,7,15.23471,15.42947,14.873,5,0.02188,5.99401,0.5,0.53333,0.0,0,0,0.0,190643.4,208070.5,344356.8,0.0,31708.6,0,5.518441853059914e-63,7.346632047291603e-65,-1,0.0,7.346632047291603e-65,sp|P02790|HEMO_HUMAN,HPX,453,5058410.0,19034900.0,,,-1.0,-1.0,-1,,0,0,0
MS_UNDEP_PL_LAC_bRPLC_NGP_12A.28834.28834.3.0.dta,MS_UNDEP_PL_LAC_bRPLC_NGP_12A.28834.28834.3.0.dta,MS_UNDEP_PL_LAC_bRPLC_NGP_12A,28834,5276.54514,3999.7822,1333.93225,3,1,VVLHPJYSQVDIGLIK,,1795.01124,5 4 2 0,H(5)N(4)A(2),(N(N(H(H(N(H(A))))(H(N(H(A))))))),1791,0 1 0 0;0 2 0 0;1 2 0 0;2 2 0 0;2 3 0 0;3 2 0 0;3 3 0 0;3 3 1 0;4 3 0 0;4 3 1 0;4 4 0 0;4 4 1 0;5 4 0 0;5 4 1 0;,2204.77244,6,63.53969,33.66348,119.02407,7,-0.00148,-0.37003,0.94118,0.63333,0.0,0,0,0.0,1074338.6,1140287.2,1557626.2,360502.2,714172.1,0,0.0,0.0,-1,0.0,0.0,sp|P00738|HPT_HUMAN,HP,241,645165000.0,5810060000.0,,,-1.0,-1.0,-1,,0,0,0
MS_UNDEP_PL_LAC_bRPLC_NGP_12A.28871.28871.2.0.dta,MS_UNDEP_PL_LAC_bRPLC_NGP_12A.28871.28871.2.0.dta,MS_UNDEP_PL_LAC_bRPLC_NGP_12A,28871,5282.62338,3649.55987,1825.28357,2,1,ALPQPQJVTSLLGCTH,"14,Carbamidomethyl[C];",1735.87958,5 4 1 0,H(5)N(4)A(1),(N(N(H(H(N(H)))(H(N(H(A))))))),2036,0 1 0 0;0 2 0 0;1 2 0 0;2 2 0 0;3 2 0 0;3 3 0 0;4 3 0 0;4 4 0 0;5 4 0 0;,1913.67702,7,27.68573,23.0477,36.29921,6,0.00327,0.89531,0.625,0.6,0.0,0,0,0.0,346570.1,403335.8,653713.4,0.0,67661.3,0,1.7823961397328133e-159,2.921960901502313e-161,-1,0.0,2.921960901502313e-161,sp|P02790|HEMO_HUMAN,HPX,453,1350140.0,20454300.0,,,-1.0,-1.0,-1,,0,0,0
MS_UNDEP_PL_LAC_bRPLC_NGP_12A.28901.28901.3.0.dta,MS_UNDEP_PL_LAC_bRPLC_NGP_12A.28901.28901.3.0.dta,MS_UNDEP_PL_LAC_bRPLC_NGP_12A,28901,5287.50684,3649.55531,1217.18995,3,1,ALPQPQJVTSLLGCTH,"14,Carbamidomethyl[C];",1735.87958,5 4 1 0,H(5)N(4)A(1),(N(N(H(H(N(H)))(H(N(H(A))))))),2036,0 1 0 0;0 2 0 0;1 2 0 0;2 2 0 0;2 3 0 0;3 2 0 0;3 3 0 0;3 3 1 0;4 3 0 0;4 3 1 0;4 4 0 0;5 4 0 0;,1913.67702,7,70.92212,64.46196,82.91954,7,-0.0013,-0.35525,0.875,0.86667,0.0,0,0,0.0,1564971.6,1270891.5,1898157.0,151971.4,365206.2,0,0.0,0.0,-1,0.0,0.0,sp|P02790|HEMO_HUMAN,HPX,453,67718300.0,474313000.0,,,-1.0,-1.0,-1,,0,0,0
MS_UNDEP_PL_LAC_bRPLC_NGP_12A.28917.28917.3.0.dta,MS_UNDEP_PL_LAC_bRPLC_NGP_12A.28917.28917.3.0.dta,MS_UNDEP_PL_LAC_bRPLC_NGP_12A,28917,5290.09368,3666.58184,1222.86546,3,1,ALPQPQJVTSLLGCTH,"14,Carbamidomethyl[C];",1735.87958,6 4 0 1,H(6)N(4)F(1),(N(N(H(H(H))(H(N(H))(N(H)(F)))))),1659,0 1 0 0;1 2 0 0;2 2 0 0;2 3 0 0;3 2 0 0;3 3 0 0;4 3 0 0;4 4 0 1;,1930.69234,7,24.83428,29.18423,16.75579,5,0.00991,2.70409,0.36,0.7,0.0,0,0,0.0,484097.9,346136.6,547338.6,40921.5,96546.8,0,1.7187960609294456e-71,1.8921900542917405e-73,-1,0.0,1.8921900542917405e-73,sp|P02790|HEMO_HUMAN,HPX,453,17376600.0,115203000.0,,,-1.0,-1.0,-1,,0,0,0
MS_UNDEP_PL_LAC_bRPLC_NGP_12A.29255.29255.3.0.dta,MS_UNDEP_PL_LAC_bRPLC_NGP_12A.29255.29255.3.0.dta,MS_UNDEP_PL_LAC_bRPLC_NGP_12A,29255,5346.45978,3520.44822,1174.15426,3,1,INNDFNYEFYJSTWSYVK,,2304.02436,5 2 0 0,H(5)N(2),(N(N(H(H(H))(H(H))))),1637,0 1 0 0;0 2 0 0;1 2 0 0;2 2 0 0;3 2 0 0;,1216.42286,11,43.23757,52.95138,25.19764,6,0.00099,0.28181,0.75,0.82353,0.0,0,0,29425.3,51662.0,131638.8,102659.5,0.0,0.0,0,1.111723898235307e-109,1.5615999999513617e-111,-1,0.0,1.5615999999513617e-111,sp|P10643|CO7_HUMAN,C7,202,14359400.0,104600000.0,,,-1.0,-1.0,-1,,0,0,0
MS_UNDEP_PL_LAC_bRPLC_NGP_12A.29651.29651.3.0.dta,MS_UNDEP_PL_LAC_bRPLC_NGP_12A.29651.29651.3.0.dta,MS_UNDEP_PL_LAC_bRPLC_NGP_12A,29651,5413.50894,4219.74483,1407.25313,3,1,VIDFJCTTSSVSSALANTK,"6,Carbamidomethyl[C];",2014.975,5 4 2 0,H(5)N(4)A(2),(N(N(H(H(N(H(A))))(H(N(H(A))))))),1791,0 1 0 0;2 2 0 0;3 2 0 0;3 3 0 0;3 3 1 0;4 3 0 0;4 3 1 0;,2204.77244,5,19.18992,21.73226,14.46843,4,-0.00261,-0.61805,0.47059,0.55556,0.0,0,0,0.0,378512.4,363134.6,398954.0,92522.1,166415.8,0,3.6119035615542066e-61,3.0122739074283563e-63,-1,0.0,3.0122739074283563e-63,sp|P04196|HRG_HUMAN,HRG,125,17258300.0,162722000.0,,,-1.0,-1.0,-1,,0,0,0
MS_UNDEP_PL_LAC_bRPLC_NGP_12A.30117.30117.4.1.dta,MS_UNDEP_PL_LAC_bRPLC_NGP_12A.30117.30117.4.1.dta,MS_UNDEP_PL_LAC_bRPLC_NGP_12A,30117,5491.1478,4865.95284,1217.24367,4,1,QQQHLFGSJVTDCSGJFCLFR,"13,Carbamidomethyl[C];18,Carbamidomethyl[C];",2515.12414,5 4 2 1,H(5)N(4)A(2)F(1),(N(F)(N(H(H(N(H(A))))(H(N(H(A))))))),226,0 1 0 0;0 1 0 1;0 2 0 0;1 2 0 0;2 2 0 0;2 2 0 1;3 2 0 0;3 2 0 1;3 3 0 0;3 3 0 1;3 3 1 1;4 3 0 0;4 3 0 1;4 3 1 0;4 3 1 1;5 4 0 0;5 4 0 1;5 4 1 0;5 4 1 1;,2350.83035,9,24.12903,16.27929,38.70713,6,-0.00164,-0.33803,0.57576,0.45,0.0,0,0,0.0,313743.9,322484.2,403363.7,97909.5,254540.9,0,3.1877144584947807e-170,5.592481506149687e-172,-1,0.0,5.592481506149687e-172,sp|P02787|TRFE_HUMAN,TF,630,22921300.0,304927000.0,,,-1.0,-1.0,-1,,0,0,0
MS_UNDEP_PL_LAC_bRPLC_NGP_12A.30373.30373.3.0.dta,MS_UNDEP_PL_LAC_bRPLC_NGP_12A.30373.30373.3.0.dta,MS_UNDEP_PL_LAC_bRPLC_NGP_12A,30373,5533.72926,4719.89429,1573.96961,3,1,QQQHLFGSJVTDCSGJFCLFR,"13,Carbamidomethyl[C];18,Carbamidomethyl[C];",2515.12414,5 4 2 0,H(5)N(4)A(2),(N(N(H(H(N(H(A))))(H(N(H(A))))))),1791,0 1 0 0;0 2 0 0;1 2 0 0;2 2 0 0;2 3 0 0;3 2 0 0;3 3 0 0;3 3 1 0;4 3 0 0;4 3 1 0;5 4 0 0;5 4 1 0;,2204.77244,9,54.76257,52.04866,59.80268,6,-0.00229,-0.48582,0.76471,0.725,0.0,0,0,0.0,2627442.6,3016276.3,3836055.2,537795.2,1211289.9,0,6.591960384233012e-266,1.433040577616137e-267,-1,0.0,1.433040577616137e-267,sp|P02787|TRFE_HUMAN,TF,630,68420100.0,1053850000.0,,,-1.0,-1.0,-1,,0,0,0
MS_UNDEP_PL_LAC_bRPLC_NGP_12A.30390.30390.4.1.dta,MS_UNDEP_PL_LAC_bRPLC_NGP_12A.30390.30390.4.1.dta,MS_UNDEP_PL_LAC_bRPLC_NGP_12A,30390,5536.57572,4719.89506,1180.72922,4,1,QQQHLFGSJVTDCSGJFCLFR,"13,Carbamidomethyl[C];18,Carbamidomethyl[C];",2515.12414,5 4 2 0,H(5)N(4)A(2),(N(N(H(H(N(H(A))))(H(N(H(A))))))),1791,0 1 0 0;0 2 0 0;1 2 0 0;2 2 0 0;3 2 0 0;3 3 0 0;3 3 1 0;4 3 0 0;4 3 1 0;4 4 0 0;4 4 1 0;5 4 0 0;5 4 1 0;,2204.77244,9,65.96927,50.20061,95.25393,7,-0.00152,-0.3212,0.88235,0.75,0.0,0,0,0.0,1588862.2,1620866.3,2089330.2,502664.8,1449317.2,0,0.0,0.0,-1,0.0,0.0,sp|P02787|TRFE_HUMAN,TF,630,80911700.0,1032470000.0,,,-1.0,-1.0,-1,,0,0,0
MS_UNDEP_PL_LAC_bRPLC_NGP_12A.30564.30564.3.0.dta,MS_UNDEP_PL_LAC_bRPLC_NGP_12A.30564.30564.3.0.dta,MS_UNDEP_PL_LAC_bRPLC_NGP_12A,30564,5565.28008,4719.89525,1573.96993,3,1,QQQHLFGSJVTDCSGJFCLFR,"13,Carbamidomethyl[C];18,Carbamidomethyl[C];",2515.12414,5 4 2 0,H(5)N(4)A(2),(N(N(H(H(N(H(A))))(H(N(H(A))))))),1791,0 1 0 0;0 2 0 0;2 2 0 0;3 3 0 0;3 3 1 0;4 3 0 0;4 3 1 0;5 4 0 0;5 4 1 0;,2204.77244,9,12.91804,15.14212,8.78759,3,-0.00133,-0.28179,0.52941,0.375,0.0,0,0,0.0,246260.4,320265.9,491857.5,68925.5,177806.8,0,3.060174257436433e-36,4.5566109930481503e-38,-1,0.0,4.5566109930481503e-38,sp|P02787|TRFE_HUMAN,TF,630,73456400.0,1112400000.0,,,-1.0,-1.0,-1,,0,0,0
MS_UNDEP_PL_LAC_bRPLC_NGP_12A.30579.30579.4.2.dta,MS_UNDEP_PL_LAC_bRPLC_NGP_12A.30579.30579.4.2.dta,MS_UNDEP_PL_LAC_bRPLC_NGP_12A,30579,5567.82492,4719.89583,1180.72942,4,1,QQQHLFGSJVTDCSGJFCLFR,"13,Carbamidomethyl[C];18,Carbamidomethyl[C];",2515.12414,5 4 2 0,H(5)N(4)A(2),(N(N(H(H(N(H(A))))(H(N(H(A))))))),1791,0 1 0 0;2 2 0 0;3 2 0 0;4 3 0 0;4 3 1 0;4 4 0 0;5 4 0 0;,2204.77244,9,11.28433,14.23192,5.81025,3,-0.00075,-0.15848,0.41176,0.45,0.0,0,0,0.0,199099.4,202448.6,279702.2,92760.0,226438.2,0,4.868253497504738e-23,2.905628327350153e-25,-1,0.0,2.905628327350153e-25,sp|P02787|TRFE_HUMAN,TF,630,92118200.0,1161530000.0,,,-1.0,-1.0,-1,,0,0,0
MS_UNDEP_PL_LAC_bRPLC_NGP_12A.31578.31578.3.0.dta,MS_UNDEP_PL_LAC_bRPLC_NGP_12A.31578.31578.3.0.dta,MS_UNDEP_PL_LAC_bRPLC_NGP_12A,31578,5737.3968,3844.56078,1282.19178,3,1,AGLQAFFQVQECJK,"12,Carbamidomethyl[C];",1639.7897,5 4 2 0,H(5)N(4)A(2),(N(N(H(H(N(H(A))))(H(N(H(A))))))),1791,0 1 0 0;0 2 0 0;1 2 0 0;2 2 0 0;3 2 0 0;3 3 0 0;3 3 1 0;4 3 0 0;4 3 1 0;4 4 0 0;4 4 1 0;5 4 0 0;5 4 1 0;,2204.77244,13,49.01659,39.87618,65.99162,6,-0.00137,-0.3561,0.82353,0.73077,0.0,0,0,0.0,638728.0,643759.7,692432.0,142554.7,334890.1,0,5.135128090251404e-294,2.1309187246250742e-295,-1,0.0,2.1309187246250742e-295,sp|P00450|CERU_HUMAN,CP,358,76856000.0,594377000.0,,,-1.0,-1.0,-1,,0,0,0
MS_UNDEP_PL_LAC_bRPLC_NGP_12A.32984.32984.3.0.dta,MS_UNDEP_PL_LAC_bRPLC_NGP_12A.32984.32984.3.0.dta,MS_UNDEP_PL_LAC_bRPLC_NGP_12A,32984,5994.12492,3940.65246,1314.22234,3,1,ALPQPQJVTSLLGCTH,"14,Carbamidomethyl[C];",1735.87958,5 4 2 0,H(5)N(4)A(2),(N(N(H(H(N(H(A))))(H(N(H(A))))))),1791,0 1 0 0;0 2 0 0;1 2 0 0;2 2 0 0;3 2 0 0;3 3 0 0;3 3 1 0;4 3 0 0;4 3 1 0;,2204.77244,7,17.98886,15.79062,22.07131,5,0.00043,0.10987,0.52941,0.46667,0.0,0,0,0.0,218316.2,241898.5,278038.8,55264.5,131515.2,0,1.448842074648328e-95,1.424619086193916e-97,-1,0.0,1.424619086193916e-97,sp|P02790|HEMO_HUMAN,HPX,453,40581900.0,320934000.0,,,-1.0,-1.0,-1,,0,0,0
MS_UNDEP_PL_LAC_bRPLC_NGP_12A.36901.36901.4.1.dta,MS_UNDEP_PL_LAC_bRPLC_NGP_12A.36901.36901.4.1.dta,MS_UNDEP_PL_LAC_bRPLC_NGP_12A,36901,6757.986,4882.26327,1221.32128,4,1,QLVEIEKVVLHPJYSQVDIGLIK,"16,Deamidated[Q];",2635.47052,4 5 1 2,H(4)N(5)A(1)F(2),(N(N(H(H(N(H(A))))(H(N(F))(N(F)))))),1783,0 2 0 0;2 4 0 2;3 2 0 0;3 4 0 2;,2246.81939,13,9.77831,13.96258,2.00753,3,-0.02664,-5.45674,0.15625,0.31818,0.0,0,0,0.0,502849.1,468260.1,560143.7,121422.4,294810.0,0,0.0041062236827826,0.001862666359907,-1,0.0,0.001862666359907,sp|P00738|HPT_HUMAN,HP,241,11702600.0,158798000.0,,,0.0,0.0,-1,,0,0,0
MS_UNDEP_PL_LAC_bRPLC_NGP_12A.37595.37595.3.0.dta,MS_UNDEP_PL_LAC_bRPLC_NGP_12A.37595.37595.3.0.dta,MS_UNDEP_PL_LAC_bRPLC_NGP_12A,37595,6873.9792,4759.87064,1587.29507,3,1,QDQCIYJTTYLNVQR,"4,Carbamidomethyl[C];1,Gln->pyro-Glu[AnyN-termQ];",1898.87012,6 5 3 0,H(6)N(5)A(3),(N(N(H(H(N(H(A))))(H(N(H(A)))(N(H(A))))))),1790,0 1 0 0;2 2 0 0;,2861.00005,7,7.915,11.45254,1.3453,3,0.00047,0.09821,0.1,0.42857,0.0,0,0,0.0,439443.1,387632.5,422187.1,119248.6,226520.0,0,0.0035080781800458,0.0018815505341862,-1,0.0,0.0018815505341862,sp|P02763|A1AG1_HUMAN,ORM1,93,8044460.0,96370400.0,,,-1.0,-1.0,-1,,0,0,0
MS_UNDEP_PL_LAC_bRPLC_NGP_12C.4124.4124.4.1.dta,MS_UNDEP_PL_LAC_bRPLC_NGP_12C.4124.4124.4.1.dta,MS_UNDEP_PL_LAC_bRPLC_NGP_12C,4124,1094.5683,3974.57357,994.39885,4,1,HSHNJJSSDLHPHK,,1623.73709,5 4 2 1,H(5)N(4)A(2)F(1),(N(F)(N(H(H(N(H(A))))(H(N(H(A))))))),226,0 1 0 0;0 1 0 1;0 2 0 0;1 2 0 1;2 2 0 0;2 2 0 1;3 2 0 0;3 2 0 1;3 3 0 0;3 3 0 1;3 3 1 1;4 3 0 0;4 3 0 1;4 3 1 1;4 4 0 1;5 4 0 1;5 4 1 1;,2350.83035,5,17.22983,11.11649,28.58317,5,0.00614,1.5436,0.51515,0.42308,0.0,0,0,0.0,145734.4,164728.4,246658.8,67956.0,201327.5,0,6.112547938311005e-104,7.323361860887615e-106,-1,0.0,7.323361860887615e-106,sp|P04196|HRG_HUMAN,HRG,344,1355420.0,13992000.0,,,-1.0,-1.0,-1,,0,0,0
MS_UNDEP_PL_LAC_bRPLC_NGP_12C.6629.6629.3.0.dta,MS_UNDEP_PL_LAC_bRPLC_NGP_12C.6629.6629.3.0.dta,MS_UNDEP_PL_LAC_bRPLC_NGP_12C,6629,1620.65718,2634.04463,878.68639,3,1,EEQYJSTYR,,1189.51199,3 4 0 1,H(3)N(4)F(1),(N(F)(N(H(H(N))(H(N))))),679,0 1 0 0;0 1 0 1;0 2 0 0;0 2 0 1;1 2 0 0;1 2 0 1;2 2 0 0;2 2 0 1;2 3 0 0;2 3 0 1;3 2 0 0;3 2 0 1;3 3 0 0;3 3 0 1;3 4 0 0;,1444.53387,5,56.2942,19.42049,124.77396,9,-0.00123,-0.46541,1.0,0.6875,0.0,0,0,0.0,111015.9,1274801.6,674656.5,0.0,0.0,0,0.0,0.0,-1,0.0,0.0,sp|P01857|IGHG1_HUMAN,IGHG1,180,55955700.0,220146000.0,,,-1.0,-1.0,-1,,0,0,0
MS_UNDEP_PL_LAC_bRPLC_NGP_12C.6690.6690.2.0.dta,MS_UNDEP_PL_LAC_bRPLC_NGP_12C.6690.6690.2.0.dta,MS_UNDEP_PL_LAC_bRPLC_NGP_12C,6690,1630.6998,2634.04373,1317.5255,2,1,EEQYJSTYR,,1189.51199,3 4 0 1,H(3)N(4)F(1),(N(F)(N(H(H(N))(H(N))))),679,0 1 0 0;0 1 0 1;0 2 0 0;0 2 0 1;1 2 0 0;1 2 0 1;2 2 0 0;2 2 0 1;2 3 0 0;2 3 0 1;3 2 0 0;3 2 0 1;3 3 0 0;3 3 0 1;3 4 0 0;,1444.53387,5,53.7897,12.70636,130.08733,9,-0.00213,-0.80975,1.0,0.625,0.0,0,0,0.0,97675.1,655221.0,467297.3,0.0,0.0,0,0.0,0.0,-1,0.0,0.0,sp|P01857|IGHG1_HUMAN,IGHG1,180,63605200.0,269679000.0,,,-1.0,-1.0,-1,,0,0,0
MS_UNDEP_PL_LAC_bRPLC_NGP_12C.6916.6916.3.0.dta,MS_UNDEP_PL_LAC_bRPLC_NGP_12C.6916.6916.3.0.dta,MS_UNDEP_PL_LAC_bRPLC_NGP_12C,6916,1668.25362,2837.12367,946.37941,3,1,EEQYJSTYR,,1189.51199,3 5 0 1,H(3)N(5)F(1),(N(F)(N(H(N)(H(N))(H(N))))),1341,0 1 0 0;0 1 0 1;0 2 0 0;0 2 0 1;1 2 0 0;1 2 0 1;1 3 0 0;1 3 0 1;2 2 0 0;2 2 0 1;2 3 0 0;2 3 0 1;2 4 0 0;2 4 0 1;3 2 0 0;3 2 0 1;3 3 0 0;3 3 0 1;3 4 0 0;3 4 0 1;,1647.61324,5,56.45754,11.14089,140.61704,9,-0.00157,-0.55178,0.95652,0.5625,0.0,0,0,0.0,94802.7,1196847.4,590651.3,0.0,0.0,0,0.0,0.0,-1,0.0,0.0,sp|P01857|IGHG1_HUMAN,IGHG1,180,35837100.0,158293000.0,,,-1.0,-1.0,-1,,0,0,0
MS_UNDEP_PL_LAC_bRPLC_NGP_12C.11020.11020.3.0.dta,MS_UNDEP_PL_LAC_bRPLC_NGP_12C.11020.11020.3.0.dta,MS_UNDEP_PL_LAC_bRPLC_NGP_12C,11020,2358.15696,3382.42928,1128.14794,3,1,VYKPSAGJNSLYR,,1468.75428,5 4 1 0,H(5)N(4)A(1),(N(N(H(H(N(H)))(H(N(H(A))))))),2036,0 1 0 0;0 2 0 0;1 2 0 0;2 2 0 0;2 3 0 0;3 2 0 0;3 3 0 0;3 3 1 0;4 3 0 0;4 3 1 0;4 4 0 0;4 4 1 0;5 4 0 0;,1913.67702,8,51.02858,11.37908,124.66337,7,-0.00203,-0.59972,0.9375,0.41667,0.0,0,0,0.0,912740.1,652177.7,1344239.0,73068.4,189559.6,0,0.0,0.0,-1,0.0,0.0,sp|P02749|APOH_HUMAN,APOH,162,57233600.0,337313000.0,,,-1.0,-1.0,-1,,0,0,0
MS_UNDEP_PL_LAC_bRPLC_NGP_12C.11510.11510.3.0.dta,MS_UNDEP_PL_LAC_bRPLC_NGP_12C.11510.11510.3.0.dta,MS_UNDEP_PL_LAC_bRPLC_NGP_12C,11510,2437.9236,3071.19555,1024.40337,3,1,EEQFJSTYR,,1173.51708,4 4 1 1,H(4)N(4)A(1)F(1),(N(F)(N(H(H(N))(H(N(H(A))))))),657,0 1 0 0;0 1 0 1;0 2 0 0;0 2 0 1;1 2 0 0;1 2 0 1;2 2 0 0;2 2 0 1;2 3 0 0;2 3 0 1;3 2 0 0;3 2 0 1;3 3 0 0;3 3 0 1;3 3 1 1;3 4 0 0;3 4 0 1;4 3 0 0;4 3 0 1;4 3 1 0;4 3 1 1;4 4 0 0;4 4 0 1;,1897.68211,5,57.69846,11.28183,143.90078,9,-0.00364,-1.18647,0.92593,0.5625,0.0,0,0,0.0,411047.2,694724.9,602052.2,120609.8,310554.7,0,0.0,0.0,-1,0.0,0.0,sp|P01861|IGHG4_HUMAN,IGHG4,177,112347000.0,547466000.0,,,-1.0,-1.0,-1,,0,0,0
MS_UNDEP_PL_LAC_bRPLC_NGP_12C.13846.13846.2.0.dta,MS_UNDEP_PL_LAC_bRPLC_NGP_12C.13846.13846.2.0.dta,MS_UNDEP_PL_LAC_bRPLC_NGP_12C,13846,2820.21906,3221.37039,1611.18883,2,1,TPLTAJITK,,958.55677,5 5 1 1,H(5)N(5)A(1)F(1),(N(F)(N(H(H(N)(N(H)))(H(N(H(A))))))),600,0 1 0 0;0 1 0 1;0 2 0 0;0 2 0 1;1 2 0 1;2 3 0 1;3 3 0 1;3 4 0 1;4 4 0 0;4 4 0 1;4 4 1 1;5 4 1 1;5 5 0 1;,2262.81431,6,16.16669,16.40136,15.73086,5,-0.00069,-0.21508,0.32558,0.625,0.0,0,0,0.0,378947.5,321968.6,378316.3,43826.0,74644.5,0,3.5029598387498624e-51,2.9105540101773235e-53,-1,0.0,2.9105540101773235e-53,sp|P01877|IGHA2_HUMAN,IGHA2,205,1856880.0,13888400.0,,,-1.0,-1.0,-1,,0,0,0
MS_UNDEP_PL_LAC_bRPLC_NGP_12C.13952.13952.3.0.dta,MS_UNDEP_PL_LAC_bRPLC_NGP_12C.13952.13952.3.0.dta,MS_UNDEP_PL_LAC_bRPLC_NGP_12C,13952,2837.44038,3221.36848,1074.46101,3,1,TPLTAJITK,,958.55677,5 5 1 1,H(5)N(5)A(1)F(1),(N(F)(N(H(N)(H(N(H)))(H(N(H(A))))))),1162,0 1 0 0;0 1 0 1;0 2 0 0;0 2 0 1;1 2 0 0;1 2 0 1;1 3 0 1;2 3 0 0;2 3 0 1;3 2 0 1;3 3 0 0;3 3 0 1;3 4 0 0;3 4 0 1;4 3 0 1;4 4 0 0;4 4 0 1;4 4 1 1;4 5 0 1;5 4 0 1;5 4 1 1;5 5 0 1;,2262.81431,6,29.72698,21.00907,45.9174,6,-0.00259,-0.80551,0.48936,0.8125,0.0,0,0,0.0,472768.8,369793.8,486763.2,63915.5,175736.0,0,2.055548835973952e-169,5.271709738257641e-171,-1,0.0,5.271709738257641e-171,sp|P01877|IGHA2_HUMAN,IGHA2,205,57232600.0,297148000.0,,,-1.0,-1.0,-1,,0,0,0
MS_UNDEP_PL_LAC_bRPLC_NGP_12C.15250.15250.5.0.dta,MS_UNDEP_PL_LAC_bRPLC_NGP_12C.15250.15250.5.0.dta,MS_UNDEP_PL_LAC_bRPLC_NGP_12C,15250,3048.05718,5159.1652,1032.63886,5,1,SRYPHKPEIJSTTHPGADLQEJFCR,"24,Carbamidomethyl[C];",2954.39621,5 4 2 0,H(5)N(4)A(2),(N(N(H(H(N(H(A))))(H(N(H(A))))))),1791,0 1 0 0;0 2 0 0;1 2 0 0;2 2 0 0;3 2 0 0;3 3 0 0;4 3 0 0;4 3 1 0;5 4 0 0;5 4 1 0;,2204.77244,10,21.75763,14.21265,35.76973,5,-0.00345,-0.66872,0.58824,0.29167,0.0,0,0,0.0,105422.7,140055.8,302883.3,33401.6,104325.4,0,6.630601099940457e-131,1.5534018214427833e-132,-1,0.0,1.5534018214427833e-132,sp|P00734|THRB_HUMAN,F2,143,9379580.0,151490000.0,,,-1.0,-1.0,-1,,0,0,0
MS_UNDEP_PL_LAC_bRPLC_NGP_12C.16989.16989.5.0.dta,MS_UNDEP_PL_LAC_bRPLC_NGP_12C.16989.16989.5.0.dta,MS_UNDEP_PL_LAC_bRPLC_NGP_12C,16989,3330.29424,4916.0361,984.01304,5,1,YPHKPEIJSTTHPGADLQEJFCR,"22,Carbamidomethyl[C];",2711.26307,5 4 2 0,H(5)N(4)A(2),(N(N(H(H(N(H(A))))(H(N(H(A))))))),1791,0 1 0 0;0 2 0 0;1 2 0 0;2 2 0 0;2 3 0 0;3 2 0 0;3 3 0 0;3 3 1 0;4 3 0 0;4 3 1 0;4 4 1 0;5 4 0 0;5 4 1 0;,2204.77244,8,44.14335,27.49717,75.05768,6,0.00059,0.12082,0.82353,0.5,0.0,0,0,0.0,182147.4,197990.0,328098.9,82281.0,284167.0,0,3.8851849167730713e-280,1.2227449674979972e-281,-1,0.0,1.2227449674979972e-281,sp|P00734|THRB_HUMAN,F2,143,23350900.0,307018000.0,,,-1.0,-1.0,-1,,0,0,0
MS_UNDEP_PL_LAC_bRPLC_NGP_12C.17615.17615.3.5.dta,MS_UNDEP_PL_LAC_bRPLC_NGP_12C.17615.17615.3.5.dta,MS_UNDEP_PL_LAC_bRPLC_NGP_12C,17615,3432.07188,3639.45057,1213.82171,3,1,FSDGLESJSSTQFEVK,,1774.813,9 2 0 0,H(9)N(2),(N(N(H(H(H(H(H))))(H(H(H(H))))))),1436,0 1 0 0;0 2 0 0;1 2 0 0;2 2 0 0;3 2 0 0;4 2 0 0;5 2 0 0;6 2 0 0;7 2 0 0;,1864.63416,8,30.91624,18.60903,53.7725,6,0.00341,0.93815,0.83333,0.56667,0.0,0,0,192031.0,192861.7,307807.9,332115.3,43073.5,117941.8,0,2.5465995073491655e-199,5.197213093701314e-201,-1,0.0,5.197213093701314e-201,sp|P0C0L4|CO4A_HUMAN;sp|P0C0L5|CO4B_HUMAN,C4A;C4B,226;226,21417000.0,122963000.0,,,-1.0,-1.0,-1,,0,0,0
MS_UNDEP_PL_LAC_bRPLC_NGP_12C.17665.17665.3.5.dta,MS_UNDEP_PL_LAC_bRPLC_NGP_12C.17665.17665.3.5.dta,MS_UNDEP_PL_LAC_bRPLC_NGP_12C,17665,3440.17662,3639.45178,1213.82211,3,1,FSDGLESJSSTQFEVK,,1774.813,9 2 0 0,H(9)N(2),(N(N(H(H(H)(H))(H(H(H(H(H)))))))),1540,0 1 0 0;0 2 0 0;1 2 0 0;2 2 0 0;3 2 0 0;4 2 0 0;5 2 0 0;,1864.63416,8,21.73873,18.48019,27.79031,6,0.00463,1.27117,0.66667,0.56667,0.0,0,0,130098.2,75845.5,157298.3,150228.2,9736.9,35897.7,0,5.827565744440616e-101,6.744437068605789e-103,-1,0.0,6.744437068605789e-103,sp|P0C0L4|CO4A_HUMAN;sp|P0C0L5|CO4B_HUMAN,C4A;C4B,226;226,21417000.0,122963000.0,,,-1.0,-1.0,-1,,0,0,0
MS_UNDEP_PL_LAC_bRPLC_NGP_12C.25391.25391.3.1.dta,MS_UNDEP_PL_LAC_bRPLC_NGP_12C.25391.25391.3.1.dta,MS_UNDEP_PL_LAC_bRPLC_NGP_12C,25391,4709.35134,3708.68575,1236.9001,3,1,VVLHPJYSQVDIGLIK,,1795.01124,5 4 1 0,H(5)N(4)A(1),(N(N(H(H(N(H)))(H(N(H(A))))))),2036,0 1 0 0;0 2 0 0;1 2 0 0;2 2 0 0;2 3 0 0;3 2 0 0;3 3 0 0;3 3 1 0;4 3 0 0;4 3 1 0;4 4 0 0;4 4 1 0;5 4 0 0;,1913.67702,6,39.42897,14.82286,85.12604,7,-0.00251,-0.67693,0.9375,0.4,0.0,0,0,0.0,653308.3,453636.6,800062.6,48118.8,133913.0,0,2.10967e-318,7.5345e-320,-1,0.0,7.5345e-320,sp|P00738|HPT_HUMAN,HP,241,24598800.0,170258000.0,,,-1.0,-1.0,-1,,0,0,0
MS_UNDEP_PL_LAC_bRPLC_NGP_12C.26238.26238.3.0.dta,MS_UNDEP_PL_LAC_bRPLC_NGP_12C.26238.26238.3.0.dta,MS_UNDEP_PL_LAC_bRPLC_NGP_12C,26238,4849.31358,3888.60605,1296.87353,3,1,LAJLTQGEDQYYLR,,1683.83366,5 4 2 0,H(5)N(4)A(2),(N(N(H(H(N(H(A))))(H(N(H(A))))))),1791,0 1 0 0;0 2 0 0;1 2 0 0;2 2 0 0;3 2 0 0;3 3 0 0;3 3 1 0;4 3 0 0;4 3 1 0;5 4 0 0;5 4 1 0;,2204.77244,3,34.76397,25.70647,51.58505,6,-5e-05,-0.01364,0.70588,0.73077,0.0,0,0,0.0,688560.1,683291.8,738061.5,152631.3,335011.9,0,5.3500289659470305e-191,1.0700057982826751e-192,-1,0.0,1.0700057982826751e-192,sp|P10909|CLUS_HUMAN,CLU,374,32490000.0,249749000.0,,,-1.0,-1.0,-1,,0,0,0
MS_UNDEP_PL_LAC_bRPLC_NGP_12C.27180.27180.3.0.dta,MS_UNDEP_PL_LAC_bRPLC_NGP_12C.27180.27180.3.0.dta,MS_UNDEP_PL_LAC_bRPLC_NGP_12C,27180,5004.92892,3708.68845,1236.901,3,1,VVLHPJYSQVDIGLIK,,1795.01124,5 4 1 0,H(5)N(4)A(1),(N(N(H(H(N(H)))(H(N(H(A))))))),2036,0 1 0 0;0 2 0 0;1 2 0 0;2 2 0 0;3 2 0 0;3 3 0 0;3 3 1 0;4 3 0 0;4 3 1 0;,1913.67702,6,14.17454,11.06648,19.94665,5,0.00019,0.0511,0.5625,0.43333,0.0,0,0,0.0,185954.6,130068.2,248997.7,16288.2,47610.8,0,2.651406348418724e-71,2.6246970981395755e-73,-1,0.0,2.6246970981395755e-73,sp|P00738|HPT_HUMAN,HP,241,53990200.0,394480000.0,,,-1.0,-1.0,-1,,0,0,0
MS_UNDEP_PL_LAC_bRPLC_NGP_12C.28224.28224.3.0.dta,MS_UNDEP_PL_LAC_bRPLC_NGP_12C.28224.28224.3.0.dta,MS_UNDEP_PL_LAC_bRPLC_NGP_12C,28224,5177.61264,4364.91309,1455.64255,3,1,VVLHPJYSQVDIGLIK,,1795.01124,6 5 2 0,H(6)N(5)A(2),(N(N(H(H(N(H(A))))(H(N(H))(N(H(A))))))),1801,0 1 0 0;0 2 0 0;1 2 0 0;2 2 0 0;2 3 0 0;3 2 0 0;3 3 0 0;3 3 1 0;3 4 0 0;4 3 0 0;4 3 1 0;4 4 0 0;4 4 1 0;5 4 0 0;5 4 1 0;5 4 2 0;5 5 0 0;5 5 1 0;6 5 0 0;6 5 1 0;,2569.90464,6,74.55739,43.05071,133.06981,7,-0.00279,-0.63873,0.78571,0.73333,0.0,0,0,0.0,3601952.3,2247467.9,4531185.0,383714.1,763744.7,0,0.0,0.0,-1,0.0,0.0,sp|P00738|HPT_HUMAN,HP,241,49381000.0,518939000.0,,,-1.0,-1.0,-1,,0,0,0
MS_UNDEP_PL_LAC_bRPLC_NGP_12C.28225.28225.4.1.dta,MS_UNDEP_PL_LAC_bRPLC_NGP_12C.28225.28225.4.1.dta,MS_UNDEP_PL_LAC_bRPLC_NGP_12C,28225,5177.7666,4364.91596,1091.98445,4,1,VVLHPJYSQVDIGLIK,,1795.01124,6 5 2 0,H(6)N(5)A(2),(N(N(H(H(N(H(A))))(H(N(H))(N(H(A))))))),1801,0 1 0 0;0 2 0 0;1 2 0 0;2 2 0 0;2 3 0 0;3 2 0 0;3 3 0 0;3 3 1 0;3 4 0 0;4 3 0 0;4 3 1 0;4 4 0 0;4 4 1 0;5 4 0 0;5 4 1 0;5 4 2 0;6 5 0 0;6 5 1 0;,2569.90464,6,63.54151,37.60345,111.71219,7,8e-05,0.01879,0.71429,0.73333,0.0,0,0,0.0,1453340.1,907917.0,1440253.5,230127.4,644951.5,0,0.0,0.0,-1,0.0,0.0,sp|P00738|HPT_HUMAN,HP,241,37358500.0,371391000.0,,,-1.0,-1.0,-1,,0,0,0
MS_UNDEP_PL_LAC_bRPLC_NGP_12C.28418.28418.3.0.dta,MS_UNDEP_PL_LAC_bRPLC_NGP_12C.28418.28418.3.0.dta,MS_UNDEP_PL_LAC_bRPLC_NGP_12C,28418,5209.77972,4364.91314,1455.64257,3,1,VVLHPJYSQVDIGLIK,,1795.01124,6 5 2 0,H(6)N(5)A(2),(N(N(H(H(N(H(A))))(H(N(H))(N(H(A))))))),1801,0 1 0 0;0 2 0 0;1 2 0 0;2 2 0 0;2 3 0 0;3 2 0 0;3 3 0 0;3 3 1 0;4 3 0 0;4 4 0 0;5 4 0 0;5 4 1 0;5 4 2 0;,2569.90464,6,16.42153,12.62906,23.46471,5,-0.00273,-0.62567,0.46429,0.4,0.0,0,0,0.0,420521.3,226692.1,519289.5,49501.0,124580.4,0,1.2032418954116116e-84,1.2673295183673668e-86,-1,0.0,1.2673295183673668e-86,sp|P00738|HPT_HUMAN,HP,241,49381000.0,518939000.0,,,-1.0,-1.0,-1,,0,0,0
MS_UNDEP_PL_LAC_bRPLC_NGP_12C.28515.28515.4.1.dta,MS_UNDEP_PL_LAC_bRPLC_NGP_12C.28515.28515.4.1.dta,MS_UNDEP_PL_LAC_bRPLC_NGP_12C,28515,5225.83332,3999.78104,1000.70072,4,1,VVLHPJYSQVDIGLIK,,1795.01124,5 4 2 0,H(5)N(4)A(2),(N(N(H(H(N(H(A))))(H(N(H(A))))))),1791,0 1 0 0;0 2 0 0;1 2 0 0;2 2 0 0;2 3 0 0;3 2 0 0;3 3 0 0;3 3 1 0;4 3 0 0;4 3 1 0;4 4 0 0;4 4 1 0;5 4 0 0;5 4 1 0;,2204.77244,6,72.53354,40.64933,131.74706,7,-0.00264,-0.65954,0.94118,0.7,0.0,0,0,0.0,2670049.8,2567993.8,3189494.9,957440.5,2771064.7,0,0.0,0.0,-1,0.0,0.0,sp|P00738|HPT_HUMAN,HP,241,268227000.0,2244980000.0,,,-1.0,-1.0,-1,,0,0,0
MS_UNDEP_PL_LAC_bRPLC_NGP_12C.28582.28582.3.0.dta,MS_UNDEP_PL_LAC_bRPLC_NGP_12C.28582.28582.3.0.dta,MS_UNDEP_PL_LAC_bRPLC_NGP_12C,28582,5236.89294,3999.77964,1333.9314,3,1,VVLHPJYSQVDIGLIK,,1795.01124,5 4 2 0,H(5)N(4)A(2),(N(N(H(H(N(H(A))))(H(N(H(A))))))),1791,0 1 0 0;0 2 0 0;1 2 0 0;2 2 0 0;2 3 0 0;3 2 0 0;3 3 0 0;3 3 1 0;4 3 0 0;4 3 1 0;4 4 0 0;5 4 0 0;5 4 1 0;,2204.77244,6,68.71214,49.9611,103.53551,7,-0.00404,-1.01056,0.88235,0.76667,0.0,0,0,0.0,6056186.2,6540982.9,8977126.0,1522713.3,3345264.2,0,0.0,0.0,-1,0.0,0.0,sp|P00738|HPT_HUMAN,HP,241,718191000.0,6513440000.0,,,-1.0,-1.0,-1,,0,0,0
MS_UNDEP_PL_LAC_bRPLC_NGP_12C.28705.28705.4.1.dta,MS_UNDEP_PL_LAC_bRPLC_NGP_12C.28705.28705.4.1.dta,MS_UNDEP_PL_LAC_bRPLC_NGP_12C,28705,5257.11288,3999.78153,1000.70084,4,1,VVLHPJYSQVDIGLIK,,1795.01124,5 4 2 0,H(5)N(4)A(2),(N(N(H(H(N(H(A))))(H(N(H(A))))))),1791,0 1 0 0;0 2 0 0;1 2 0 0;2 2 0 0;2 3 0 0;3 2 0 0;3 3 0 0;3 3 1 0;4 3 0 0;4 3 1 0;4 4 0 0;5 4 0 0;5 4 1 0;,2204.77244,6,29.32956,11.70539,62.06017,6,-0.00215,-0.53654,0.82353,0.4,0.0,0,0,0.0,314175.6,281865.0,382903.6,125387.2,361229.3,0,8.257221979655241e-231,1.7954925936055334e-232,-1,0.0,1.7954925936055334e-232,sp|P00738|HPT_HUMAN,HP,241,287100000.0,2407280000.0,,,-1.0,-1.0,-1,,0,0,0
MS_UNDEP_PL_LAC_bRPLC_NGP_12C.28770.28770.3.0.dta,MS_UNDEP_PL_LAC_bRPLC_NGP_12C.28770.28770.3.0.dta,MS_UNDEP_PL_LAC_bRPLC_NGP_12C,28770,5267.7297,3999.78191,1333.93215,3,1,VVLHPJYSQVDIGLIK,,1795.01124,5 4 2 0,H(5)N(4)A(2),(N(N(H(H(N(H(A))))(H(N(H(A))))))),1791,0 1 0 0;0 2 0 0;1 2 0 0;2 2 0 0;2 3 0 0;3 2 0 0;3 3 0 0;3 3 1 0;4 3 0 0;4 3 1 0;4 4 0 0;4 4 1 0;5 4 0 0;5 4 1 0;,2204.77244,6,62.67857,36.59296,111.12329,7,-0.00177,-0.44128,0.94118,0.6,0.0,0,0,0.0,2376393.3,2598858.0,3528267.8,802026.4,1688557.0,0,0.0,0.0,-1,0.0,0.0,sp|P00738|HPT_HUMAN,HP,241,718191000.0,6513440000.0,,,-1.0,-1.0,-1,,0,0,0
MS_UNDEP_PL_LAC_bRPLC_NGP_12C.28781.28781.2.0.dta,MS_UNDEP_PL_LAC_bRPLC_NGP_12C.28781.28781.2.0.dta,MS_UNDEP_PL_LAC_bRPLC_NGP_12C,28781,5269.44954,3650.56317,1825.78522,2,1,ALPQPQJVTSLLGCTH,"14,Carbamidomethyl[C];4,Deamidated[Q];",1736.8636,5 4 1 0,H(5)N(4)A(1),(N(N(H(H(N(H)))(H(N(H(A))))))),2036,0 2 0 0;2 2 0 0;2 3 0 0;3 2 0 0;3 3 0 0;4 3 0 0;4 3 1 0;4 4 0 0;5 4 0 0;,1913.67702,7,13.54924,16.13089,8.75474,3,0.02255,6.1759,0.5625,0.53333,0.0,0,0,0.0,245667.9,275217.9,469778.3,0.0,63191.7,0,1.9218728343127442e-13,2.500327432213337e-15,-1,0.0,2.500327432213337e-15,sp|P02790|HEMO_HUMAN,HPX,453,5527340.0,20413700.0,,,-1.0,-1.0,-1,,0,0,0
MS_UNDEP_PL_LAC_bRPLC_NGP_12C.28853.28853.3.0.dta,MS_UNDEP_PL_LAC_bRPLC_NGP_12C.28853.28853.3.0.dta,MS_UNDEP_PL_LAC_bRPLC_NGP_12C,28853,5281.39218,3649.55475,1217.18977,3,1,ALPQPQJVTSLLGCTH,"14,Carbamidomethyl[C];",1735.87958,5 4 1 0,H(5)N(4)A(1),(N(N(H(H(N(H)))(H(N(H(A))))))),2036,0 1 0 0;0 2 0 0;1 2 0 0;2 2 0 0;2 3 0 0;3 2 0 0;3 3 0 0;3 3 1 0;4 3 0 0;4 3 1 0;4 4 0 0;5 4 0 0;,1913.67702,7,81.51818,72.92138,97.48367,7,-0.00185,-0.50815,0.875,0.93333,0.0,0,0,0.0,2094875.3,1682742.0,2539230.7,264187.4,610065.7,0,0.0,0.0,-1,0.0,0.0,sp|P02790|HEMO_HUMAN,HPX,453,77080400.0,533546000.0,,,-1.0,-1.0,-1,,0,0,0
MS_UNDEP_PL_LAC_bRPLC_NGP_12C.28917.28917.3.0.dta,MS_UNDEP_PL_LAC_bRPLC_NGP_12C.28917.28917.3.0.dta,MS_UNDEP_PL_LAC_bRPLC_NGP_12C,28917,5291.83056,3666.58139,1222.86531,3,1,ALPQPQJVTSLLGCTH,"14,Carbamidomethyl[C];",1735.87958,6 4 0 1,H(6)N(4)F(1),(N(N(H(H(H))(H(N(H))(N(H)(F)))))),1659,0 1 0 0;0 2 0 0;1 2 0 0;2 2 0 0;2 3 0 0;3 2 0 0;3 3 0 0;4 3 0 0;4 4 0 0;5 4 0 0;,1930.69234,7,31.41463,30.73072,32.68476,6,0.00946,2.58136,0.44,0.7,0.0,0,0,0.0,421343.9,302261.0,477341.9,39687.2,91920.0,0,2.5353443022468334e-119,5.759852479195534e-121,-1,0.0,5.759852479195534e-121,sp|P02790|HEMO_HUMAN,HPX,453,19609600.0,133485000.0,,,-1.0,-1.0,-1,,0,0,0
MS_UNDEP_PL_LAC_bRPLC_NGP_12C.28963.28963.3.0.dta,MS_UNDEP_PL_LAC_bRPLC_NGP_12C.28963.28963.3.0.dta,MS_UNDEP_PL_LAC_bRPLC_NGP_12C,28963,5299.49562,3999.78325,1333.9326,3,1,VVLHPJYSQVDIGLIK,,1795.01124,5 4 2 0,H(5)N(4)A(2),(N(N(H(H(N(H(A))))(H(N(H(A))))))),1791,0 1 0 0;0 2 0 0;1 2 0 0;2 2 0 0;3 2 0 0;3 3 0 0;3 3 1 0;4 3 0 0;4 3 1 0;4 4 0 0;5 4 0 0;5 4 1 0;,2204.77244,6,22.23392,16.5548,32.78085,5,-0.00043,-0.10751,0.70588,0.46667,0.0,0,0,0.0,397092.0,402533.8,569241.5,101713.4,218231.2,0,1.1061174556942963e-119,2.499660666754905e-121,-1,0.0,2.499660666754905e-121,sp|P00738|HPT_HUMAN,HP,241,723617000.0,6558240000.0,,,-1.0,-1.0,-1,,0,0,0
MS_UNDEP_PL_LAC_bRPLC_NGP_12C.29267.29267.3.0.dta,MS_UNDEP_PL_LAC_bRPLC_NGP_12C.29267.29267.3.0.dta,MS_UNDEP_PL_LAC_bRPLC_NGP_12C,29267,5349.96786,3520.44789,1174.15415,3,1,INNDFNYEFYJSTWSYVK,,2304.02436,5 2 0 0,H(5)N(2),(N(N(H(H)(H(H)(H))))),2257,0 1 0 0;0 2 0 0;1 2 0 0;2 2 0 0;,1216.42286,11,21.97732,27.16697,12.33939,5,0.00067,0.19063,0.625,0.52941,0.0,0,0,25200.1,40492.5,112949.2,76731.7,0.0,0.0,0,2.042272616064338e-31,1.5701607287782957e-33,-1,0.0,1.5701607287782957e-33,sp|P10643|CO7_HUMAN,C7,202,12881600.0,90547800.0,,,-1.0,-1.0,-1,,0,0,0
MS_UNDEP_PL_LAC_bRPLC_NGP_12C.29806.29806.3.0.dta,MS_UNDEP_PL_LAC_bRPLC_NGP_12C.29806.29806.3.0.dta,MS_UNDEP_PL_LAC_bRPLC_NGP_12C,29806,5440.07538,4776.89646,1592.97034,3,1,QDQCIYJTTYLNVQR,"4,Carbamidomethyl[C];",1915.89667,6 5 3 0,H(6)N(5)A(3),(N(N(H(H(N(H(A))))(H(N(H(A)))(N(H(A))))))),1790,0 1 0 0;0 2 0 0;3 3 0 0;3 3 1 0;4 4 0 0;4 4 1 0;5 4 0 0;5 4 1 0;5 4 2 0;,2861.00005,7,15.43048,19.26286,8.3132,3,-0.00026,-0.05496,0.33333,0.57143,0.0,0,0,0.0,467782.5,495406.7,580740.8,146879.9,308913.8,0,1.5263319357363306e-11,1.0690695544469613e-13,-1,0.0,1.0690695544469613e-13,sp|P02763|A1AG1_HUMAN,ORM1,93,7121780.0,87031500.0,,,-1.0,-1.0,-1,,0,0,0
MS_UNDEP_PL_LAC_bRPLC_NGP_12C.30102.30102.3.0.dta,MS_UNDEP_PL_LAC_bRPLC_NGP_12C.30102.30102.3.0.dta,MS_UNDEP_PL_LAC_bRPLC_NGP_12C,30102,5489.02638,4865.95407,1622.65621,3,1,QQQHLFGSJVTDCSGJFCLFR,"13,Carbamidomethyl[C];18,Carbamidomethyl[C];",2515.12414,5 4 2 1,H(5)N(4)A(2)F(1),(N(F)(N(H(H(N(H(A))))(H(N(H(A))))))),226,0 1 0 0;0 1 0 1;0 2 0 1;2 2 0 1;2 3 0 1;3 3 0 1;4 3 0 0;4 3 0 1;4 3 1 1;5 4 0 1;5 4 1 1;,2350.83035,9,19.60319,27.17731,5.53696,3,-0.00042,-0.08628,0.33333,0.55,0.0,0,0,0.0,515822.2,645534.0,1003147.0,116546.5,255994.0,0,0.0172590105409318,0.0002034631501596,-1,0.0,0.0002034631501596,sp|P02787|TRFE_HUMAN,TF,630,15429600.0,260818000.0,,,-1.0,-1.0,-1,,0,0,0
MS_UNDEP_PL_LAC_bRPLC_NGP_12C.30116.30116.4.1.dta,MS_UNDEP_PL_LAC_bRPLC_NGP_12C.30116.30116.4.1.dta,MS_UNDEP_PL_LAC_bRPLC_NGP_12C,30116,5491.4151,4865.95294,1217.24369,4,1,QQQHLFGSJVTDCSGJFCLFR,"13,Carbamidomethyl[C];18,Carbamidomethyl[C];",2515.12414,5 4 2 1,H(5)N(4)A(2)F(1),(N(F)(N(H(H(N(H(A))))(H(N(H(A))))))),226,0 1 0 0;0 1 0 1;0 2 0 0;1 2 0 1;2 2 0 0;3 2 0 0;3 2 0 1;3 3 0 0;3 3 0 1;3 3 1 1;4 3 0 0;4 3 0 1;4 3 1 0;4 3 1 1;5 4 0 0;5 4 0 1;5 4 1 0;5 4 1 1;,2350.83035,9,19.3662,14.15216,29.04942,5,-0.00155,-0.3183,0.54545,0.4,0.0,0,0,0.0,280697.7,307533.2,380853.4,83607.4,261350.9,0,1.0852274939067674e-105,1.337019564803182e-107,-1,0.0,1.337019564803182e-107,sp|P02787|TRFE_HUMAN,TF,630,26611500.0,358433000.0,,,-1.0,-1.0,-1,,0,0,0
MS_UNDEP_PL_LAC_bRPLC_NGP_12C.30310.30310.4.1.dta,MS_UNDEP_PL_LAC_bRPLC_NGP_12C.30310.30310.4.1.dta,MS_UNDEP_PL_LAC_bRPLC_NGP_12C,30310,5523.43278,4736.91552,1184.98434,4,1,QQQHLFGSJVTDCSGJFCLFR,"13,Carbamidomethyl[C];18,Carbamidomethyl[C];",2515.12414,6 4 1 1,H(6)N(4)A(1)F(1),(N(N(H(H(H))(H(N(H)(F))(N(H(A))))))),1652,0 1 0 0;0 2 0 0;1 2 0 0;2 2 0 0;3 2 0 0;3 3 0 0;3 3 1 0;4 3 0 0;4 3 1 0;5 3 0 1;5 4 0 0;5 4 1 0;,2221.78776,9,17.16583,14.06722,22.92038,5,0.00362,0.76511,0.33333,0.425,0.0,0,0,0.0,295074.5,290517.8,377953.2,94027.4,263856.4,0,1.3847102376619705e-82,1.3991668735776074e-84,-1,0.0,1.3991668735776074e-84,sp|P02787|TRFE_HUMAN,TF,630,26500000.0,241218000.0,,,-1.0,-1.0,-1,,0,0,0
MS_UNDEP_PL_LAC_bRPLC_NGP_12C.30358.30358.3.0.dta,MS_UNDEP_PL_LAC_bRPLC_NGP_12C.30358.30358.3.0.dta,MS_UNDEP_PL_LAC_bRPLC_NGP_12C,30358,5531.45592,4719.89432,1573.96962,3,1,QQQHLFGSJVTDCSGJFCLFR,"13,Carbamidomethyl[C];18,Carbamidomethyl[C];",2515.12414,5 4 2 0,H(5)N(4)A(2),(N(N(H(H(N(H(A))))(H(N(H(A))))))),1791,0 1 0 0;0 2 0 0;1 2 0 0;2 2 0 0;2 3 0 0;3 2 0 0;3 3 0 0;3 3 1 0;4 3 0 0;4 3 1 0;4 4 0 0;4 4 1 0;5 4 0 0;5 4 1 0;,2204.77244,9,66.36783,64.33828,70.13699,6,-0.00226,-0.4782,0.88235,0.8,0.0,0,0,0.0,2519455.8,3136236.1,4059682.3,590147.4,1229260.5,0,1.8472378057923344e-261,4.7531694276137024e-263,-1,0.0,4.7531694276137024e-263,sp|P02787|TRFE_HUMAN,TF,630,68053200.0,1078440000.0,,,-1.0,-1.0,-1,,0,0,0
MS_UNDEP_PL_LAC_bRPLC_NGP_12C.30375.30375.4.1.dta,MS_UNDEP_PL_LAC_bRPLC_NGP_12C.30375.30375.4.1.dta,MS_UNDEP_PL_LAC_bRPLC_NGP_12C,30375,5534.19852,4719.89501,1180.72921,4,1,QQQHLFGSJVTDCSGJFCLFR,"13,Carbamidomethyl[C];18,Carbamidomethyl[C];",2515.12414,5 4 2 0,H(5)N(4)A(2),(N(N(H(H(N(H(A))))(H(N(H(A))))))),1791,0 1 0 0;0 2 0 0;1 2 0 0;2 2 0 0;3 2 0 0;3 3 0 0;3 3 1 0;4 3 0 0;4 3 1 0;4 4 0 0;4 4 1 0;5 4 0 0;5 4 1 0;,2204.77244,9,52.78963,41.28116,74.1625,6,-0.00157,-0.33306,0.82353,0.65,0.0,0,0,0.0,1927463.7,1899061.2,2406536.8,625185.1,1650617.2,0,9.730467545839582e-277,2.949812221131993e-278,-1,0.0,2.949812221131993e-278,sp|P02787|TRFE_HUMAN,TF,630,93894900.0,1144130000.0,,,-1.0,-1.0,-1,,0,0,0
MS_UNDEP_PL_LAC_bRPLC_NGP_12C.31589.31589.3.0.dta,MS_UNDEP_PL_LAC_bRPLC_NGP_12C.31589.31589.3.0.dta,MS_UNDEP_PL_LAC_bRPLC_NGP_12C,31589,5739.06876,3844.56061,1282.19172,3,1,AGLQAFFQVQECJK,"12,Carbamidomethyl[C];",1639.7897,5 4 2 0,H(5)N(4)A(2),(N(N(H(H(N(H(A))))(H(N(H(A))))))),1791,0 1 0 0;0 2 0 0;1 2 0 0;2 2 0 0;2 3 0 0;3 2 0 0;3 3 0 0;3 3 1 0;4 3 0 0;4 3 1 0;5 4 0 0;,2204.77244,13,30.78401,20.77398,49.37406,6,-0.00154,-0.39979,0.70588,0.46154,0.0,0,0,0.0,722131.4,696205.9,729858.2,152211.4,363818.0,0,1.3977399460188882e-182,2.4959946691258967e-184,-1,0.0,2.4959946691258967e-184,sp|P00450|CERU_HUMAN,CP,358,64376500.0,498526000.0,,,-1.0,-1.0,-1,,0,0,0
MS_UNDEP_PL_LAC_bRPLC_NGP_03B.4128.4128.3.1.dta,MS_UNDEP_PL_LAC_bRPLC_NGP_03B.4128.4128.3.1.dta,MS_UNDEP_PL_LAC_bRPLC_NGP_03B,4128,1095.2766,2663.09522,888.36992,3,1,YKJNSDISSTR,,1284.61786,6 2 0 0,H(6)N(2),(N(N(H(H(H))(H(H)(H))))),1636,0 1 0 0;0 2 0 0;1 2 0 0;2 2 0 0;3 2 0 0;4 2 0 0;5 2 0 0;,1378.47569,3,45.63821,25.80207,82.47677,7,0.00167,0.62809,1.0,0.85,0.0,0,0,88916.7,47205.9,99403.2,116297.4,0.0,10865.1,0,8.050769421595417e-155,2.8269322477314473e-156,-1,0.0,2.8269322477314473e-156,sp|P01871|IGHM_HUMAN,IGHM,46,1331980.0,5942250.0,,,-1.0,-1.0,-1,,0,0,0
MS_UNDEP_PL_LAC_bRPLC_NGP_03B.4132.4132.3.1.dta,MS_UNDEP_PL_LAC_bRPLC_NGP_03B.4132.4132.3.1.dta,MS_UNDEP_PL_LAC_bRPLC_NGP_03B,4132,1095.87996,2688.12549,896.71335,3,1,YKJNSDISSTR,,1284.61786,4 3 0 1,H(4)N(3)F(1),(N(F)(N(H(H)(H(N(H)))))),712,0 1 0 0;0 1 0 1;0 2 0 0;0 2 0 1;1 2 0 0;2 2 0 0;2 2 0 1;3 2 0 0;3 2 0 1;3 3 0 1;,1403.50732,3,32.4457,19.52338,56.44429,9,0.00031,0.11427,0.70588,0.75,0.0,0,0,0.0,193447.2,182282.2,263475.6,0.0,0.0,0,3.969753091817799e-105,6.17193356752622e-107,-1,0.0,6.17193356752622e-107,sp|P01871|IGHM_HUMAN,IGHM,46,1257140.0,5273750.0,,,-1.0,-1.0,-1,,0,0,0
MS_UNDEP_PL_LAC_bRPLC_NGP_03B.4174.4174.3.0.dta,MS_UNDEP_PL_LAC_bRPLC_NGP_03B.4174.4174.3.0.dta,MS_UNDEP_PL_LAC_bRPLC_NGP_03B,4174,1102.75068,2979.21863,993.74439,3,1,YKJNSDISSTR,,1284.61786,4 3 1 1,H(4)N(3)A(1)F(1),(N(F)(N(H(H)(H(N(H(A))))))),700,0 1 0 0;0 1 0 1;0 2 0 0;0 2 0 1;1 2 0 0;1 2 0 1;2 2 0 0;2 2 0 1;3 2 0 0;3 2 0 1;3 3 0 0;3 3 0 1;4 3 0 0;4 3 0 1;,1694.60274,3,50.16706,28.77794,89.88972,9,-0.00197,-0.65969,0.7619,1.0,0.0,0,0,0.0,214976.5,275121.1,335598.2,68223.3,167322.3,0,7.034191998468361e-169,3.0080638141679772e-170,-1,0.0,3.0080638141679772e-170,sp|P01871|IGHM_HUMAN,IGHM,46,8510060.0,38831700.0,,,-1.0,-1.0,-1,,0,0,0
MS_UNDEP_PL_LAC_bRPLC_NGP_03B.4188.4188.3.0.dta,MS_UNDEP_PL_LAC_bRPLC_NGP_03B.4188.4188.3.0.dta,MS_UNDEP_PL_LAC_bRPLC_NGP_03B,4188,1104.99372,3344.35035,1115.45497,3,1,YKJNSDISSTR,,1284.61786,5 4 1 1,H(5)N(4)A(1)F(1),(N(F)(N(H(H(N(H)))(H(N(H(A))))))),490,0 1 0 0;0 1 0 1;0 2 0 0;0 2 0 1;1 2 0 0;1 2 0 1;2 2 0 0;2 2 0 1;2 3 0 0;2 3 0 1;3 2 0 0;3 2 0 1;3 3 0 0;3 3 0 1;3 3 1 1;4 3 0 0;4 3 0 1;4 3 1 1;4 4 0 1;4 4 1 1;5 4 0 0;5 4 0 1;5 4 1 0;,2059.73493,3,75.43854,28.53583,162.54357,9,-0.00244,-0.73028,0.80645,0.9,0.0,0,0,0.0,925805.3,788130.4,1336274.4,165409.4,441248.8,0,1.657721753896439e-307,4.1443043847410975e-308,-1,0.0,4.1443043847410975e-308,sp|P01871|IGHM_HUMAN,IGHM,46,15911300.0,85993300.0,,,-1.0,-1.0,-1,,0,0,0
MS_UNDEP_PL_LAC_bRPLC_NGP_03B.6611.6611.2.0.dta,MS_UNDEP_PL_LAC_bRPLC_NGP_03B.6611.6611.2.0.dta,MS_UNDEP_PL_LAC_bRPLC_NGP_03B,6611,1613.63454,2634.0443,1317.52579,2,1,EEQYJSTYR,,1189.51199,3 4 0 1,H(3)N(4)F(1),(N(F)(N(H(H(N))(H(N))))),679,0 1 0 0;0 1 0 1;0 2 0 0;0 2 0 1;1 2 0 0;1 2 0 1;2 2 0 0;2 2 0 1;2 3 0 0;2 3 0 1;3 2 0 0;3 2 0 1;3 3 0 0;3 3 0 1;3 4 0 0;,1444.53387,5,57.14993,12.9989,139.1447,9,-0.00155,-0.59032,1.0,0.625,0.0,0,0,0.0,143016.8,853466.4,630513.6,0.0,0.0,0,7.270626857533495e-263,7.2832798363269134e-264,-1,0.0,7.2832798363269134e-264,sp|P01857|IGHG1_HUMAN,IGHG1,180,24484300.0,99726500.0,,,-1.0,-1.0,-1,,0,0,0
MS_UNDEP_PL_LAC_bRPLC_NGP_03B.7022.7022.3.2.dta,MS_UNDEP_PL_LAC_bRPLC_NGP_03B.7022.7022.3.2.dta,MS_UNDEP_PL_LAC_bRPLC_NGP_03B,7022,1681.23864,3001.21129,1001.07528,3,1,GHVJITR,,796.44241,5 4 2 0,H(5)N(4)A(2),(N(N(H(H(N(H(A))))(H(N(H(A))))))),1791,0 1 0 0;0 2 0 0;1 2 0 0;2 2 0 0;2 3 0 0;3 2 0 0;3 3 0 0;3 3 1 0;4 3 0 0;4 3 1 0;4 4 0 0;4 4 1 0;5 4 0 0;5 4 1 0;,2204.77244,4,54.09635,17.43272,122.18597,7,-0.00356,-1.18753,0.94118,0.83333,0.0,0,0,0.0,738072.5,852932.6,913442.7,180325.8,455271.3,0,1.9282953345947123e-230,1.2711808638915418e-231,-1,0.0,1.2711808638915418e-231,sp|P00734|THRB_HUMAN,F2,121,103769000.0,480001000.0,,,-1.0,-1.0,-1,,0,0,0
MS_UNDEP_PL_LAC_bRPLC_NGP_03B.9258.9258.2.0.dta,MS_UNDEP_PL_LAC_bRPLC_NGP_03B.9258.9258.2.0.dta,MS_UNDEP_PL_LAC_bRPLC_NGP_03B,9258,2056.12428,2618.05094,1309.52911,2,1,EEQFJSTYR,,1173.51708,3 4 0 1,H(3)N(4)F(1),(N(F)(N(H(H(N))(H(N))))),679,0 1 0 0;0 1 0 1;0 2 0 0;0 2 0 1;1 2 0 0;1 2 0 1;2 2 0 0;2 2 0 1;2 3 0 0;2 3 0 1;3 2 0 0;3 2 0 1;3 3 0 0;3 3 0 1;3 4 0 0;,1444.53387,5,60.06023,15.93539,142.00635,9,-1e-05,-0.00417,1.0,0.6875,0.0,0,0,0.0,160525.7,961535.4,678516.0,0.0,0.0,0,2.4969776399352333e-268,4.1616293998920555e-269,-1,0.0,4.1616293998920555e-269,sp|P01861|IGHG4_HUMAN,IGHG4,177,102484000.0,409597000.0,,,-1.0,-1.0,-1,,0,0,0
MS_UNDEP_PL_LAC_bRPLC_NGP_03B.9273.9273.3.0.dta,MS_UNDEP_PL_LAC_bRPLC_NGP_03B.9273.9273.3.0.dta,MS_UNDEP_PL_LAC_bRPLC_NGP_03B,9273,2058.64476,2618.0506,873.35505,3,1,EEQFJSTYR,,1173.51708,3 4 0 1,H(3)N(4)F(1),(N(F)(N(H(H(N))(H(N))))),679,0 1 0 0;0 1 0 1;0 2 0 0;0 2 0 1;1 2 0 0;1 2 0 1;2 2 0 0;2 2 0 1;2 3 0 0;2 3 0 1;3 2 0 0;3 2 0 1;3 3 0 0;3 3 0 1;,1444.53387,5,46.6386,10.88979,113.02924,9,-0.00036,-0.13671,0.94118,0.5625,0.0,0,0,0.0,92675.9,1001226.9,541057.0,0.0,0.0,0,6.503674421845143e-213,2.827828261279172e-214,-1,0.0,2.827828261279172e-214,sp|P01861|IGHG4_HUMAN,IGHG4,177,67516000.0,268503000.0,,,-1.0,-1.0,-1,,0,0,0
MS_UNDEP_PL_LAC_bRPLC_NGP_03B.12862.12862.3.0.dta,MS_UNDEP_PL_LAC_bRPLC_NGP_03B.12862.12862.3.0.dta,MS_UNDEP_PL_LAC_bRPLC_NGP_03B,12862,2644.54866,2765.09175,922.36877,3,1,EEQFJSTFR,"3,Deamidated[Q];",1158.50619,4 4 0 1,H(4)N(4)F(1),(N(F)(N(H(H(N))(H(N(H)))))),670,0 1 0 0;0 1 0 1;0 2 0 0;0 2 0 1;1 2 0 0;1 2 0 1;2 2 0 0;2 2 0 1;2 3 0 0;2 3 0 1;3 2 0 0;3 2 0 1;3 3 0 0;3 3 0 1;3 4 0 1;4 3 0 0;4 3 0 1;,1606.58669,5,53.00139,17.60178,118.74354,9,-0.00113,-0.40916,0.90476,0.75,0.0,0,0,0.0,345239.1,597558.5,604956.8,0.0,0.0,0,7.495878107976611e-224,3.965560093192465e-225,-1,0.0,3.965560093192465e-225,sp|P01859|IGHG2_HUMAN,IGHG2,176,42025300.0,175355000.0,,,-1.0,-1.0,-1,,0,0,0
MS_UNDEP_PL_LAC_bRPLC_NGP_03B.12879.12879.2.1.dta,MS_UNDEP_PL_LAC_bRPLC_NGP_03B.12879.12879.2.1.dta,MS_UNDEP_PL_LAC_bRPLC_NGP_03B,12879,2647.36464,2765.09295,1383.05011,2,1,EEQFJSTFR,"3,Deamidated[Q];",1158.50619,4 4 0 1,H(4)N(4)F(1),(N(F)(N(H(H(N))(H(N(H)))))),670,0 1 0 0;0 1 0 1;0 2 0 0;0 2 0 1;1 2 0 0;1 2 0 1;2 2 0 0;2 2 0 1;2 3 0 0;2 3 0 1;3 2 0 0;3 2 0 1;3 3 0 0;3 3 0 1;3 4 0 0;3 4 0 1;4 3 0 0;4 3 0 1;4 4 0 0;,1606.58669,5,57.11856,11.44016,141.94986,9,7e-05,0.02374,1.0,0.5625,0.0,0,0,0.0,489929.9,377541.2,723985.8,0.0,0.0,0,3.2008284663753437e-268,8.139723009015111e-269,-1,0.0,8.139723009015111e-269,sp|P01859|IGHG2_HUMAN,IGHG2,176,33979300.0,147933000.0,,,-1.0,-1.0,-1,,0,0,0
MS_UNDEP_PL_LAC_bRPLC_NGP_03B.12928.12928.2.0.dta,MS_UNDEP_PL_LAC_bRPLC_NGP_03B.12928.12928.2.0.dta,MS_UNDEP_PL_LAC_bRPLC_NGP_03B,12928,2655.28902,2603.03766,1302.02247,2,1,EEQFJSTFR,"3,Deamidated[Q];",1158.50619,3 4 0 1,H(3)N(4)F(1),(N(F)(N(H(H(N))(H(N))))),679,0 1 0 0;0 1 0 1;0 2 0 1;1 2 0 0;2 2 0 1;2 3 0 0;2 3 0 1;3 2 0 0;3 4 0 0;,1444.53387,5,19.45231,13.20473,31.05495,7,-0.00241,-0.92466,0.64706,0.625,0.0,0,0,0.0,207122.9,1296536.6,904279.5,0.0,0.0,0,8.502558112700154e-57,4.797651443095516e-59,-1,0.0,4.797651443095516e-59,sp|P01859|IGHG2_HUMAN,IGHG2,176,127915000.0,538119000.0,,,-1.0,-1.0,-1,,0,0,0
MS_UNDEP_PL_LAC_bRPLC_NGP_03B.12958.12958.3.0.dta,MS_UNDEP_PL_LAC_bRPLC_NGP_03B.12958.12958.3.0.dta,MS_UNDEP_PL_LAC_bRPLC_NGP_03B,12958,2660.21214,2603.03927,868.35127,3,1,EEQFJSTFR,"3,Deamidated[Q];",1158.50619,3 4 0 1,H(3)N(4)F(1),(N(F)(N(H(H(N))(H(N))))),679,0 1 0 0;0 1 0 1;0 2 0 0;0 2 0 1;1 2 0 0;1 2 0 1;2 2 0 0;2 2 0 1;2 3 0 0;2 3 0 1;3 2 0 0;3 2 0 1;3 3 0 0;3 3 0 1;,1444.53387,5,62.40962,29.19232,124.0989,9,-0.00079,-0.30346,0.94118,0.875,0.0,0,0,0.0,205372.4,2366050.9,1291518.0,0.0,0.0,0,4.209050109145123e-234,3.296643932949254e-235,-1,0.0,3.296643932949254e-235,sp|P01859|IGHG2_HUMAN,IGHG2,176,71715200.0,275970000.0,,,-1.0,-1.0,-1,,0,0,0
MS_UNDEP_PL_LAC_bRPLC_NGP_03B.12994.12994.2.0.dta,MS_UNDEP_PL_LAC_bRPLC_NGP_03B.12994.12994.2.0.dta,MS_UNDEP_PL_LAC_bRPLC_NGP_03B,12994,2666.1426,2603.03768,1302.02248,2,1,EEQFJSTFR,"3,Deamidated[Q];",1158.50619,3 4 0 1,H(3)N(4)F(1),(N(F)(N(H(H(N))(H(N))))),679,0 1 0 0;0 1 0 1;0 2 0 0;0 2 0 1;1 2 0 0;1 2 0 1;2 2 0 0;2 2 0 1;2 3 0 0;2 3 0 1;3 2 0 0;3 2 0 1;3 3 0 0;3 3 0 1;3 4 0 0;,1444.53387,5,63.06229,16.22505,150.04574,9,-0.00239,-0.91698,1.0,0.625,0.0,0,0,0.0,268313.6,1774948.7,1219663.5,0.0,0.0,0,1.1345452147555844e-283,2.2690904295111685e-284,-1,0.0,2.2690904295111685e-284,sp|P01859|IGHG2_HUMAN,IGHG2,176,127915000.0,538119000.0,,,-1.0,-1.0,-1,,0,0,0
MS_UNDEP_PL_LAC_bRPLC_NGP_03B.14714.14714.3.0.dta,MS_UNDEP_PL_LAC_bRPLC_NGP_03B.14714.14714.3.0.dta,MS_UNDEP_PL_LAC_bRPLC_NGP_03B,14714,2946.34842,3217.25326,1073.08927,3,1,EEQFJSTFR,,1157.52218,5 4 1 1,H(5)N(4)A(1)F(1),(N(F)(N(H(H(N(H)))(H(N(H(A))))))),490,0 1 0 0;0 1 0 1;0 2 0 0;0 2 0 1;1 2 0 0;1 2 0 1;2 2 0 0;2 2 0 1;2 3 0 0;2 3 0 1;3 2 0 0;3 2 0 1;3 3 0 0;3 3 0 1;3 3 1 1;4 3 0 0;4 3 0 1;4 3 1 0;4 3 1 1;4 4 0 0;4 4 0 1;5 4 0 0;5 4 0 1;,2059.73493,5,76.38787,20.64674,179.90712,9,-0.00386,-1.19832,0.80645,0.6875,0.0,0,0,0.0,5815626.2,4565666.1,6509084.9,943832.3,2347947.1,0,0.0,0.0,-1,0.0,0.0,sp|P01859|IGHG2_HUMAN,IGHG2,176,353470000.0,1860730000.0,,,-1.0,-1.0,-1,,0,0,0
MS_UNDEP_PL_LAC_bRPLC_NGP_03B.14950.14950.3.0.dta,MS_UNDEP_PL_LAC_bRPLC_NGP_03B.14950.14950.3.0.dta,MS_UNDEP_PL_LAC_bRPLC_NGP_03B,14950,2985.00798,3055.20071,1019.07175,3,1,EEQFJSTFR,,1157.52218,4 4 1 1,H(4)N(4)A(1)F(1),(N(F)(N(H(H(N))(H(N(H(A))))))),657,0 1 0 0;0 1 0 1;0 2 0 0;0 2 0 1;1 2 0 0;1 2 0 1;2 2 0 0;2 2 0 1;2 3 0 0;2 3 0 1;3 2 0 0;3 2 0 1;3 3 0 0;3 3 0 1;3 3 1 1;3 4 0 0;3 4 0 1;4 3 0 0;4 3 0 1;4 3 1 0;4 3 1 1;4 4 0 0;4 4 0 1;,1897.68211,5,87.78755,24.64944,205.04404,9,-0.00358,-1.17173,0.92593,0.75,0.0,0,0,0.0,3910315.0,6530575.0,5809364.8,1095895.5,3001801.2,0,0.0,0.0,-1,0.0,0.0,sp|P01859|IGHG2_HUMAN,IGHG2,176,489780000.0,2398010000.0,,,-1.0,-1.0,-1,,0,0,0
MS_UNDEP_PL_LAC_bRPLC_NGP_03B.14993.14993.2.0.dta,MS_UNDEP_PL_LAC_bRPLC_NGP_03B.14993.14993.2.0.dta,MS_UNDEP_PL_LAC_bRPLC_NGP_03B,14993,2992.09278,3055.20202,1528.10465,2,1,EEQFJSTFR,,1157.52218,4 4 1 1,H(4)N(4)A(1)F(1),(N(F)(N(H(H(N))(H(N(H(A))))))),657,0 1 0 0;0 1 0 1;0 2 0 0;0 2 0 1;1 2 0 0;1 2 0 1;2 2 0 0;2 2 0 1;2 3 0 0;2 3 0 1;3 2 0 0;3 2 0 1;3 3 0 0;3 3 0 1;3 3 1 0;3 3 1 1;3 4 0 0;3 4 0 1;4 3 0 0;4 3 0 1;4 3 1 0;4 3 1 1;4 4 0 0;4 4 0 1;4 4 1 0;,1897.68211,5,81.66306,17.709,200.43488,9,-0.00227,-0.74328,1.0,0.625,0.0,0,0,0.0,2396910.3,2828971.9,2505799.2,396073.4,649512.2,0,0.0,0.0,-1,0.0,0.0,sp|P01859|IGHG2_HUMAN,IGHG2,176,126274000.0,1029870000.0,,,-1.0,-1.0,-1,,0,0,0
MS_UNDEP_PL_LAC_bRPLC_NGP_03B.15381.15381.5.0.dta,MS_UNDEP_PL_LAC_bRPLC_NGP_03B.15381.15381.5.0.dta,MS_UNDEP_PL_LAC_bRPLC_NGP_03B,15381,3055.12044,5159.16727,1032.63927,5,1,SRYPHKPEIJSTTHPGADLQEJFCR,"24,Carbamidomethyl[C];",2954.39621,5 4 2 0,H(5)N(4)A(2),(N(N(H(H(N(H(A))))(H(N(H(A))))))),1791,0 1 0 0;0 2 0 0;1 2 0 0;2 2 0 0;2 3 0 0;3 2 0 0;3 3 0 0;4 3 0 0;4 3 1 0;4 4 0 0;5 4 0 0;5 4 1 0;,2204.77244,10,23.26702,15.5661,37.56871,5,-0.00138,-0.26749,0.70588,0.35417,0.0,0,0,0.0,63300.9,80115.4,176101.7,17458.9,72493.4,0,4.1440762044211374e-69,2.5732679356332226e-71,-1,0.0,2.5732679356332226e-71,sp|P00734|THRB_HUMAN,F2,143,9385850.0,144078000.0,,,-1.0,-1.0,-1,,0,0,0
MS_UNDEP_PL_LAC_bRPLC_NGP_03B.18941.18941.3.0.dta,MS_UNDEP_PL_LAC_bRPLC_NGP_03B.18941.18941.3.0.dta,MS_UNDEP_PL_LAC_bRPLC_NGP_03B,18941,3637.26618,3811.6815,1271.23202,3,1,TVLTPATNHMGJVTFTIPANR,"10,Oxidation[M];",2271.15503,7 2 0 0,H(7)N(2),(N(N(H(H(H))(H(H(H(H))))))),1622,0 1 0 0;0 2 0 0;1 2 0 0;2 2 0 0;3 2 0 0;4 2 0 0;5 2 0 0;6 2 0 0;,1540.52851,12,28.11475,19.7978,43.56052,6,-0.00204,-0.53592,0.9,0.425,0.0,0,0,63451.5,40020.8,115768.3,112356.5,0.0,0.0,0,1.4280207487458595e-80,1.0226580450964912e-82,-1,0.0,1.0226580450964912e-82,sp|P01024|CO3_HUMAN,C3,85,58237400.0,460326000.0,,,-1.0,-1.0,-1,,0,0,0
MS_UNDEP_PL_LAC_bRPLC_NGP_03B.18952.18952.4.1.dta,MS_UNDEP_PL_LAC_bRPLC_NGP_03B.18952.18952.4.1.dta,MS_UNDEP_PL_LAC_bRPLC_NGP_03B,18952,3639.17382,3811.68364,953.67637,4,1,TVLTPATNHMGJVTFTIPANR,"10,Oxidation[M];",2271.15503,7 2 0 0,H(7)N(2),(N(N(H(H(H))(H(H(H(H))))))),1622,0 1 0 0;1 2 0 0;2 2 0 0;3 2 0 0;4 2 0 0;5 2 0 0;,1540.52851,12,17.86397,18.33785,16.98389,5,0.0001,0.02551,0.7,0.375,0.0,0,0,44505.6,12648.5,37766.0,30754.8,0.0,0.0,0,2.2056003195719063e-30,2.0871351886961296e-32,-1,0.0,2.0871351886961296e-32,sp|P01024|CO3_HUMAN,C3,85,6049270.0,46427600.0,,,-1.0,-1.0,-1,,0,0,0
MS_UNDEP_PL_LAC_bRPLC_NGP_03B.19036.19036.4.1.dta,MS_UNDEP_PL_LAC_bRPLC_NGP_03B.19036.19036.4.1.dta,MS_UNDEP_PL_LAC_bRPLC_NGP_03B,19036,3652.73046,3649.6288,913.16266,4,1,TVLTPATNHMGJVTFTIPANR,"10,Oxidation[M];",2271.15503,6 2 0 0,H(6)N(2),(N(N(H(H(H))(H(H)(H))))),1636,0 1 0 0;0 2 0 0;1 2 0 0;2 2 0 0;3 2 0 0;4 2 0 0;,1378.47569,12,27.31909,26.88274,28.12946,6,-0.00192,-0.5248,0.77778,0.45,0.0,0,0,57975.8,29954.7,85950.6,59911.7,0.0,0.0,0,2.4238116479632265e-51,2.34594152405439e-53,-1,0.0,2.34594152405439e-53,sp|P01024|CO3_HUMAN,C3,85,32623700.0,232693000.0,,,-1.0,-1.0,-1,,0,0,0
MS_UNDEP_PL_LAC_bRPLC_NGP_03B.19086.19086.3.0.dta,MS_UNDEP_PL_LAC_bRPLC_NGP_03B.19086.19086.3.0.dta,MS_UNDEP_PL_LAC_bRPLC_NGP_03B,19086,3660.95634,3487.57654,1163.19703,3,1,TVLTPATNHMGJVTFTIPANR,"10,Oxidation[M];",2271.15503,5 2 0 0,H(5)N(2),(N(N(H(H)(H(H(H)))))),2249,0 1 0 0;0 2 0 0;1 2 0 0;2 2 0 0;3 2 0 0;4 2 0 0;,1216.42286,12,18.09566,16.30216,21.42644,5,-0.00135,-0.38735,0.75,0.375,0.0,0,0,12502.2,12985.8,41176.8,38054.9,0.0,0.0,0,8.607091914513818e-39,1.0949282675040014e-40,-1,0.0,1.0949282675040014e-40,sp|P01024|CO3_HUMAN,C3,85,2315490.0,15915300.0,,,-1.0,-1.0,-1,,0,0,0
MS_UNDEP_PL_LAC_bRPLC_NGP_03B.19099.19099.2.0.dta,MS_UNDEP_PL_LAC_bRPLC_NGP_03B.19099.19099.2.0.dta,MS_UNDEP_PL_LAC_bRPLC_NGP_03B,19099,3663.09606,3649.64133,1825.3243,2,1,TVLTPATNHMGJVTFTIPANR,"10,Oxidation[M];",2271.15503,6 2 0 0,H(6)N(2),(N(N(H(H)(H(H(H(H))))))),2243,0 1 0 0;0 2 0 0;3 2 0 0;4 2 0 0;5 2 0 0;,1378.47569,12,27.50778,35.90251,11.91757,4,0.01061,2.90786,0.66667,0.6,0.0,0,0,77419.1,54575.3,337607.8,440531.9,0.0,0.0,0,4.0508107866743736e-21,4.238659336155077e-23,-1,0.0,4.238659336155077e-23,sp|P01024|CO3_HUMAN,C3,85,844490.0,12792600.0,,,-1.0,-1.0,-1,,0,0,0
MS_UNDEP_PL_LAC_bRPLC_NGP_03B.19155.19155.3.0.dta,MS_UNDEP_PL_LAC_bRPLC_NGP_03B.19155.19155.3.0.dta,MS_UNDEP_PL_LAC_bRPLC_NGP_03B,19155,3672.38898,3649.62556,1217.21337,3,1,TVLTPATNHMGJVTFTIPANR,"10,Oxidation[M];",2271.15503,6 2 0 0,H(6)N(2),(N(N(H(H(H))(H(H)(H))))),1636,0 1 0 0;0 2 0 0;1 2 0 0;2 2 0 0;3 2 0 0;4 2 0 0;5 2 0 0;,1378.47569,12,71.31475,61.47885,89.58142,7,-0.00516,-1.41312,1.0,0.625,0.0,0,0,1426910.9,872063.8,3245315.1,2919922.7,0.0,0.0,0,2.6994942045571115e-168,1.0423101498655289e-169,-1,0.0,1.0423101498655289e-169,sp|P01024|CO3_HUMAN,C3,85,369432000.0,2748530000.0,,,-1.0,-1.0,-1,,0,0,0
MS_UNDEP_PL_LAC_bRPLC_NGP_03B.19235.19235.4.1.dta,MS_UNDEP_PL_LAC_bRPLC_NGP_03B.19235.19235.4.1.dta,MS_UNDEP_PL_LAC_bRPLC_NGP_03B,19235,3685.56648,3649.62914,913.16274,4,1,TVLTPATNHMGJVTFTIPANR,"10,Oxidation[M];",2271.15503,6 2 0 0,H(6)N(2),(N(N(H(H(H))(H(H)(H))))),1636,0 1 0 0;0 2 0 0;1 2 0 0;2 2 0 0;3 2 0 0;4 2 0 0;5 2 0 0;,1378.47569,12,42.15916,38.79071,48.41486,6,-0.00158,-0.43274,0.88889,0.525,0.0,0,0,74587.6,34616.0,107598.1,80109.3,0.0,0.0,0,7.726683839891353e-90,7.113051895344907e-92,-1,0.0,7.113051895344907e-92,sp|P01024|CO3_HUMAN,C3,85,32623700.0,232693000.0,,,-1.0,-1.0,-1,,0,0,0
MS_UNDEP_PL_LAC_bRPLC_NGP_03B.19283.19283.3.0.dta,MS_UNDEP_PL_LAC_bRPLC_NGP_03B.19283.19283.3.0.dta,MS_UNDEP_PL_LAC_bRPLC_NGP_03B,19283,3693.27006,3487.57532,1163.19662,3,1,TVLTPATNHMGJVTFTIPANR,"10,Oxidation[M];",2271.15503,5 2 0 0,H(5)N(2),(N(N(H(H)(H(H)(H))))),2257,0 1 0 0;0 2 0 0;1 2 0 0;2 2 0 0;3 2 0 0;4 2 0 0;,1216.42286,12,77.94053,78.64542,76.63146,7,-0.00257,-0.73831,1.0,0.725,0.0,0,0,266889.7,289192.7,1100202.7,990007.9,0.0,0.0,0,1.0695286880366357e-143,2.0989158682658202e-145,-1,0.0,2.0989158682658202e-145,sp|P01024|CO3_HUMAN,C3,85,108652000.0,726282000.0,,,-1.0,-1.0,-1,,0,0,0
MS_UNDEP_PL_LAC_bRPLC_NGP_03B.19347.19347.3.0.dta,MS_UNDEP_PL_LAC_bRPLC_NGP_03B.19347.19347.3.0.dta,MS_UNDEP_PL_LAC_bRPLC_NGP_03B,19347,3703.6635,3649.62779,1217.21411,3,1,TVLTPATNHMGJVTFTIPANR,"10,Oxidation[M];",2271.15503,6 2 0 0,H(6)N(2),(N(N(H(H(H))(H(H)(H))))),1636,0 1 0 0;0 2 0 0;1 2 0 0;2 2 0 0;3 2 0 0;4 2 0 0;5 2 0 0;,1378.47569,12,57.5009,48.87284,73.52444,7,-0.00293,-0.80155,1.0,0.65,0.0,0,0,150271.2,90778.4,343872.3,320595.8,0.0,0.0,0,9.076868414670936e-138,2.15624830932952e-139,-1,0.0,2.15624830932952e-139,sp|P01024|CO3_HUMAN,C3,85,369432000.0,2748530000.0,,,-1.0,-1.0,-1,,0,0,0
MS_UNDEP_PL_LAC_bRPLC_NGP_03B.19350.19350.4.1.dta,MS_UNDEP_PL_LAC_bRPLC_NGP_03B.19350.19350.4.1.dta,MS_UNDEP_PL_LAC_bRPLC_NGP_03B,19350,3704.1186,3487.57597,872.64945,4,1,TVLTPATNHMGJVTFTIPANR,"10,Oxidation[M];",2271.15503,5 2 0 0,H(5)N(2),(N(N(H(H(H))(H(H))))),1637,0 1 0 0;0 2 0 0;1 2 0 0;2 2 0 0;,1216.42286,12,25.41229,31.09851,14.85215,5,-0.00192,-0.5505,0.625,0.525,0.0,0,0,20176.9,19987.1,58363.0,44003.5,0.0,0.0,0,2.0548997314086158e-26,3.0940708761233197e-28,-1,0.0,3.0940708761233197e-28,sp|P01024|CO3_HUMAN,C3,85,6434240.0,44370100.0,,,-1.0,-1.0,-1,,0,0,0
MS_UNDEP_PL_LAC_bRPLC_NGP_03B.19475.19475.3.0.dta,MS_UNDEP_PL_LAC_bRPLC_NGP_03B.19475.19475.3.0.dta,MS_UNDEP_PL_LAC_bRPLC_NGP_03B,19475,3724.61778,3487.57577,1163.19677,3,1,TVLTPATNHMGJVTFTIPANR,"10,Oxidation[M];",2271.15503,5 2 0 0,H(5)N(2),(N(N(H(H(H))(H(H))))),1637,0 1 0 0;0 2 0 0;1 2 0 0;2 2 0 0;3 2 0 0;4 2 0 0;,1216.42286,12,28.85689,22.91174,39.89787,7,-0.00212,-0.60928,1.0,0.425,0.0,0,0,22221.5,37705.0,111198.7,107791.2,0.0,0.0,0,1.458576599788946e-73,1.6650339445994379e-75,-1,0.0,1.6650339445994379e-75,sp|P01024|CO3_HUMAN,C3,85,108652000.0,726282000.0,,,-1.0,-1.0,-1,,0,0,0
MS_UNDEP_PL_LAC_bRPLC_NGP_03B.19540.19540.3.0.dta,MS_UNDEP_PL_LAC_bRPLC_NGP_03B.19540.19540.3.0.dta,MS_UNDEP_PL_LAC_bRPLC_NGP_03B,19540,3735.255,3649.62991,1217.21482,3,1,TVLTPATNHMGJVTFTIPANR,"10,Oxidation[M];",2271.15503,6 2 0 0,H(6)N(2),(N(N(H(H(H))(H(H(H)))))),1628,0 1 0 0;0 2 0 0;1 2 0 0;2 2 0 0;3 2 0 0;4 2 0 0;5 2 0 0;,1378.47569,12,42.51369,39.73078,47.68196,6,-0.00081,-0.22121,0.88889,0.55,0.0,0,0,56136.7,40147.5,160081.8,136692.3,0.0,0.0,0,1.9279273600653229e-88,2.191385443397366e-90,-1,0.0,2.191385443397366e-90,sp|P01024|CO3_HUMAN,C3,85,386251000.0,2868180000.0,,,-1.0,-1.0,-1,,0,0,0
MS_UNDEP_PL_LAC_bRPLC_NGP_03B.19667.19667.3.0.dta,MS_UNDEP_PL_LAC_bRPLC_NGP_03B.19667.19667.3.0.dta,MS_UNDEP_PL_LAC_bRPLC_NGP_03B,19667,3756.14052,3487.57705,1163.1972,3,1,TVLTPATNHMGJVTFTIPANR,"10,Oxidation[M];",2271.15503,5 2 0 0,H(5)N(2),(N(N(H(H)(H(H(H)))))),2249,0 1 0 0;0 2 0 0;1 2 0 0;2 2 0 0;3 2 0 0;4 2 0 0;,1216.42286,12,19.25041,14.86218,27.4,6,-0.00084,-0.24198,0.875,0.375,0.0,0,0,9622.8,13499.0,47135.2,46905.4,0.0,3522.4,0,5.537134375577982e-50,3.7809311951288194e-52,-1,0.0,3.7809311951288194e-52,sp|P01024|CO3_HUMAN,C3,85,113925000.0,761246000.0,,,-1.0,-1.0,-1,,0,0,0
MS_UNDEP_PL_LAC_bRPLC_NGP_03B.19716.19716.3.0.dta,MS_UNDEP_PL_LAC_bRPLC_NGP_03B.19716.19716.3.0.dta,MS_UNDEP_PL_LAC_bRPLC_NGP_03B,19716,3764.11248,3811.68186,1271.23214,3,1,TVLTPATNHMGJVTFTIPANR,"10,Oxidation[M];",2271.15503,7 2 0 0,H(7)N(2),(N(N(H(H(H))(H(H(H(H))))))),1622,0 1 0 0;0 2 0 0;1 2 0 0;2 2 0 0;3 2 0 0;4 2 0 0;5 2 0 0;6 2 0 0;,1540.52851,12,30.69895,22.37936,46.14961,6,-0.00168,-0.44069,0.9,0.475,0.0,0,0,49860.8,27640.1,90822.6,73311.4,0.0,0.0,0,1.6154711524783444e-85,1.378069659007755e-87,-1,0.0,1.378069659007755e-87,sp|P01024|CO3_HUMAN,C3,85,91366400.0,712919000.0,,,-1.0,-1.0,-1,,0,0,0
MS_UNDEP_PL_LAC_bRPLC_NGP_03B.19732.19732.3.1.dta,MS_UNDEP_PL_LAC_bRPLC_NGP_03B.19732.19732.3.1.dta,MS_UNDEP_PL_LAC_bRPLC_NGP_03B,19732,3766.66842,3649.62966,1217.21474,3,1,TVLTPATNHMGJVTFTIPANR,"10,Oxidation[M];",2271.15503,6 2 0 0,H(6)N(2),(N(N(H(H(H))(H(H(H)))))),1628,0 1 0 0;0 2 0 0;1 2 0 0;2 2 0 0;3 2 0 0;4 2 0 0;5 2 0 0;,1378.47569,12,32.51617,25.22866,46.0501,6,-0.00105,-0.28779,0.88889,0.425,0.0,0,0,60147.8,43889.5,154793.2,135705.6,0.0,0.0,0,2.501725201340997e-85,3.1679577919220863e-87,-1,0.0,3.1679577919220863e-87,sp|P01024|CO3_HUMAN,C3,85,398749000.0,2954800000.0,,,-1.0,-1.0,-1,,0,0,0
MS_UNDEP_PL_LAC_bRPLC_NGP_03B.19812.19812.4.1.dta,MS_UNDEP_PL_LAC_bRPLC_NGP_03B.19812.19812.4.1.dta,MS_UNDEP_PL_LAC_bRPLC_NGP_03B,19812,3779.58108,3649.62939,913.1628,4,1,TVLTPATNHMGJVTFTIPANR,"10,Oxidation[M];",2271.15503,6 2 0 0,H(6)N(2),(N(N(H(H(H))(H(H(H)))))),1628,0 1 0 0;0 2 0 0;1 2 0 0;2 2 0 0;3 2 0 0;,1378.47569,12,21.03499,24.71374,14.20303,5,-0.00133,-0.36369,0.55556,0.475,0.0,0,0,36084.5,12769.1,39435.0,30577.1,0.0,0.0,0,3.1482119027744964e-25,4.043956063363819e-27,-1,0.0,4.043956063363819e-27,sp|P01024|CO3_HUMAN,C3,85,45900100.0,327841000.0,,,-1.0,-1.0,-1,,0,0,0
MS_UNDEP_PL_LAC_bRPLC_NGP_03B.19860.19860.3.0.dta,MS_UNDEP_PL_LAC_bRPLC_NGP_03B.19860.19860.3.0.dta,MS_UNDEP_PL_LAC_bRPLC_NGP_03B,19860,3787.40844,3487.57691,1163.19715,3,1,TVLTPATNHMGJVTFTIPANR,"10,Oxidation[M];",2271.15503,5 2 0 0,H(5)N(2),(N(N(H(H(H))(H(H))))),1637,0 1 0 0;0 2 0 0;1 2 0 0;2 2 0 0;3 2 0 0;4 2 0 0;,1216.42286,12,16.29544,12.29514,23.72456,6,-0.00098,-0.28241,0.875,0.35,0.0,0,0,9101.1,10035.4,34901.8,37093.1,0.0,2169.4,0,4.0771168630522964e-43,2.317964945656314e-45,-1,0.0,2.317964945656314e-45,sp|P01024|CO3_HUMAN,C3,85,115159000.0,771479000.0,,,-1.0,-1.0,-1,,0,0,0
MS_UNDEP_PL_LAC_bRPLC_NGP_03B.19891.19891.4.1.dta,MS_UNDEP_PL_LAC_bRPLC_NGP_03B.19891.19891.4.1.dta,MS_UNDEP_PL_LAC_bRPLC_NGP_03B,19891,3792.49332,3811.68277,953.67615,4,1,TVLTPATNHMGJVTFTIPANR,"10,Oxidation[M];",2271.15503,7 2 0 0,H(7)N(2),(N(N(H(H(H)(H))(H(H(H)))))),1546,0 1 0 0;0 2 0 0;2 2 0 0;3 2 0 0;4 2 0 0;5 2 0 0;,1540.52851,12,17.32708,17.69563,16.64264,5,-0.00077,-0.20221,0.7,0.375,0.0,0,0,30856.0,13757.1,30929.8,22182.7,0.0,0.0,0,9.672442161919998e-30,1.0322057252272372e-31,-1,0.0,1.0322057252272372e-31,sp|P01024|CO3_HUMAN,C3,85,10313100.0,77579300.0,,,-1.0,-1.0,-1,,0,0,0
MS_UNDEP_PL_LAC_bRPLC_NGP_03B.19909.19909.3.0.dta,MS_UNDEP_PL_LAC_bRPLC_NGP_03B.19909.19909.3.0.dta,MS_UNDEP_PL_LAC_bRPLC_NGP_03B,19909,3795.38424,3811.68169,1271.23208,3,1,TVLTPATNHMGJVTFTIPANR,"10,Oxidation[M];",2271.15503,7 2 0 0,H(7)N(2),(N(N(H(H(H))(H(H(H(H))))))),1622,0 1 0 0;0 2 0 0;1 2 0 0;2 2 0 0;3 2 0 0;4 2 0 0;5 2 0 0;6 2 0 0;,1540.52851,12,61.97861,50.9813,82.40219,7,-0.00184,-0.48398,1.0,0.625,0.0,0,0,198520.2,87223.1,364897.7,302054.5,0.0,0.0,0,1.1156115705808961e-154,4.958975871463959e-156,-1,0.0,4.958975871463959e-156,sp|P01024|CO3_HUMAN,C3,85,101515000.0,786208000.0,,,-1.0,-1.0,-1,,0,0,0
MS_UNDEP_PL_LAC_bRPLC_NGP_03B.19923.19923.3.0.dta,MS_UNDEP_PL_LAC_bRPLC_NGP_03B.19923.19923.3.0.dta,MS_UNDEP_PL_LAC_bRPLC_NGP_03B,19923,3797.66706,3649.62813,1217.21423,3,1,TVLTPATNHMGJVTFTIPANR,"10,Oxidation[M];",2271.15503,6 2 0 0,H(6)N(2),(N(N(H(H(H))(H(H(H)))))),1628,0 1 0 0;0 2 0 0;1 2 0 0;2 2 0 0;3 2 0 0;4 2 0 0;5 2 0 0;,1378.47569,12,56.98196,56.4591,57.95297,6,-0.00258,-0.70701,0.88889,0.625,0.0,0,0,472781.4,277714.3,1029397.7,912680.2,0.0,0.0,0,5.288885743121447e-108,5.39097250076571e-110,-1,0.0,5.39097250076571e-110,sp|P01024|CO3_HUMAN,C3,85,489412000.0,3586060000.0,,,-1.0,-1.0,-1,,0,0,0
MS_UNDEP_PL_LAC_bRPLC_NGP_03B.20003.20003.4.1.dta,MS_UNDEP_PL_LAC_bRPLC_NGP_03B.20003.20003.4.1.dta,MS_UNDEP_PL_LAC_bRPLC_NGP_03B,20003,3810.7068,3649.62904,913.16272,4,1,TVLTPATNHMGJVTFTIPANR,"10,Oxidation[M];",2271.15503,6 2 0 0,H(6)N(2),(N(N(H(H(H))(H(H(H)))))),1628,0 1 0 0;0 2 0 0;1 2 0 0;2 2 0 0;3 2 0 0;4 2 0 0;5 2 0 0;,1378.47569,12,54.38366,58.87237,46.04748,6,-0.00167,-0.45795,0.88889,0.65,0.0,0,0,131528.0,56604.4,162870.2,117894.8,0.0,0.0,0,2.5307003914025057e-85,4.9529726586958625e-87,-1,0.0,4.9529726586958625e-87,sp|P01024|CO3_HUMAN,C3,85,43699400.0,314152000.0,,,-1.0,-1.0,-1,,0,0,0
MS_UNDEP_PL_LAC_bRPLC_NGP_03B.20052.20052.3.0.dta,MS_UNDEP_PL_LAC_bRPLC_NGP_03B.20052.20052.3.0.dta,MS_UNDEP_PL_LAC_bRPLC_NGP_03B,20052,3818.67774,3487.57631,1163.19695,3,1,TVLTPATNHMGJVTFTIPANR,"10,Oxidation[M];",2271.15503,5 2 0 0,H(5)N(2),(N(N(H(H(H))(H(H))))),1637,0 1 0 0;0 2 0 0;1 2 0 0;2 2 0 0;3 2 0 0;4 2 0 0;,1216.42286,12,35.43304,27.69103,49.81106,7,-0.00158,-0.45358,1.0,0.45,0.0,0,0,37571.3,46350.6,155622.9,145461.9,0.0,0.0,0,1.6904350175261047e-92,2.469450523460649e-94,-1,0.0,2.469450523460649e-94,sp|P01024|CO3_HUMAN,C3,85,101481000.0,677949000.0,,,-1.0,-1.0,-1,,0,0,0
MS_UNDEP_PL_LAC_bRPLC_NGP_03B.20084.20084.4.1.dta,MS_UNDEP_PL_LAC_bRPLC_NGP_03B.20084.20084.4.1.dta,MS_UNDEP_PL_LAC_bRPLC_NGP_03B,20084,3823.836,3811.68308,953.67623,4,1,TVLTPATNHMGJVTFTIPANR,"10,Oxidation[M];",2271.15503,7 2 0 0,H(7)N(2),(N(N(H(H(H(H)))(H(H(H)))))),1488,0 1 0 0;0 2 0 0;2 2 0 0;3 2 0 0;4 2 0 0;,1540.52851,12,12.45076,15.00457,7.70796,4,-0.00046,-0.12141,0.5,0.325,0.0,0,0,35676.9,10016.0,34555.8,30656.8,0.0,0.0,0,1.8105215279504546e-13,2.445461999547522e-15,-1,0.0,2.445461999547522e-15,sp|P01024|CO3_HUMAN,C3,85,11292000.0,84263800.0,,,-1.0,-1.0,-1,,0,0,0
MS_UNDEP_PL_LAC_bRPLC_NGP_03B.20099.20099.3.0.dta,MS_UNDEP_PL_LAC_bRPLC_NGP_03B.20099.20099.3.0.dta,MS_UNDEP_PL_LAC_bRPLC_NGP_03B,20099,3826.36926,3811.68188,1271.23214,3,1,TVLTPATNHMGJVTFTIPANR,"10,Oxidation[M];",2271.15503,7 2 0 0,H(7)N(2),(N(N(H(H(H))(H(H(H(H))))))),1622,0 1 0 0;0 2 0 0;1 2 0 0;2 2 0 0;3 2 0 0;4 2 0 0;5 2 0 0;6 2 0 0;,1540.52851,12,53.54759,39.94423,78.81096,7,-0.00166,-0.43518,1.0,0.575,0.0,0,0,142356.3,73887.8,270320.9,246956.5,0.0,0.0,0,7.533395102800892e-148,1.3224328239118477e-149,-1,0.0,1.3224328239118477e-149,sp|P01024|CO3_HUMAN,C3,85,110304000.0,855908000.0,,,-1.0,-1.0,-1,,0,0,0
MS_UNDEP_PL_LAC_bRPLC_NGP_03B.20115.20115.3.0.dta,MS_UNDEP_PL_LAC_bRPLC_NGP_03B.20115.20115.3.0.dta,MS_UNDEP_PL_LAC_bRPLC_NGP_03B,20115,3828.94104,3649.62764,1217.21406,3,1,TVLTPATNHMGJVTFTIPANR,"10,Oxidation[M];",2271.15503,6 2 0 0,H(6)N(2),(N(N(H(H(H))(H(H(H)))))),1628,0 1 0 0;0 2 0 0;1 2 0 0;2 2 0 0;3 2 0 0;4 2 0 0;5 2 0 0;,1378.47569,12,67.61027,58.71973,84.12126,7,-0.00307,-0.84182,1.0,0.6,0.0,0,0,625395.6,371087.0,1398918.6,1282488.6,0.0,0.0,0,6.072098154465188e-158,2.052739474447563e-159,-1,0.0,2.052739474447563e-159,sp|P01024|CO3_HUMAN,C3,85,554060000.0,4059820000.0,,,-1.0,-1.0,-1,,0,0,0
MS_UNDEP_PL_LAC_bRPLC_NGP_03B.20196.20196.4.1.dta,MS_UNDEP_PL_LAC_bRPLC_NGP_03B.20196.20196.4.1.dta,MS_UNDEP_PL_LAC_bRPLC_NGP_03B,20196,3842.06442,3649.62916,913.16275,4,1,TVLTPATNHMGJVTFTIPANR,"10,Oxidation[M];",2271.15503,6 2 0 0,H(6)N(2),(N(N(H(H(H))(H(H)(H))))),1636,0 1 0 0;0 2 0 0;1 2 0 0;2 2 0 0;3 2 0 0;4 2 0 0;5 2 0 0;,1378.47569,12,45.25172,46.64137,42.67092,6,-0.00155,-0.42507,0.88889,0.575,0.0,0,0,82344.3,34883.1,99854.3,68317.5,0.0,0.0,0,7.183272061625778e-79,6.893543542753428e-81,-1,0.0,6.893543542753428e-81,sp|P01024|CO3_HUMAN,C3,85,48372200.0,348740000.0,,,-1.0,-1.0,-1,,0,0,0
MS_UNDEP_PL_LAC_bRPLC_NGP_03B.20243.20243.3.0.dta,MS_UNDEP_PL_LAC_bRPLC_NGP_03B.20243.20243.3.0.dta,MS_UNDEP_PL_LAC_bRPLC_NGP_03B,20243,3849.72102,3487.57637,1163.19698,3,1,TVLTPATNHMGJVTFTIPANR,"10,Oxidation[M];",2271.15503,5 2 0 0,H(5)N(2),(N(N(H(H)(H(H(H)))))),2249,0 1 0 0;0 2 0 0;1 2 0 0;2 2 0 0;3 2 0 0;4 2 0 0;,1216.42286,12,43.9143,33.9553,62.40957,7,-0.00152,-0.43552,1.0,0.525,0.0,0,0,44045.9,61452.3,213302.8,181535.8,0.0,0.0,0,1.6412772638827504e-116,1.772517139650644e-118,-1,0.0,1.772517139650644e-118,sp|P01024|CO3_HUMAN,C3,85,122597000.0,815019000.0,,,-1.0,-1.0,-1,,0,0,0
MS_UNDEP_PL_LAC_bRPLC_NGP_03B.20291.20291.3.0.dta,MS_UNDEP_PL_LAC_bRPLC_NGP_03B.20291.20291.3.0.dta,MS_UNDEP_PL_LAC_bRPLC_NGP_03B,20291,3857.56386,3811.68198,1271.23218,3,1,TVLTPATNHMGJVTFTIPANR,"10,Oxidation[M];",2271.15503,7 2 0 0,H(7)N(2),(N(N(H(H(H))(H(H(H(H))))))),1622,0 1 0 0;0 2 0 0;1 2 0 0;2 2 0 0;3 2 0 0;4 2 0 0;5 2 0 0;6 2 0 0;,1540.52851,12,47.50162,32.9189,74.5838,7,-0.00156,-0.40921,1.0,0.5,0.0,0,0,97704.6,59798.5,197444.2,180756.6,0.0,0.0,0,8.615832955002843e-140,1.552821643770763e-141,-1,0.0,1.552821643770763e-141,sp|P01024|CO3_HUMAN,C3,85,116278000.0,901161000.0,,,-1.0,-1.0,-1,,0,0,0
MS_UNDEP_PL_LAC_bRPLC_NGP_03B.20307.20307.3.0.dta,MS_UNDEP_PL_LAC_bRPLC_NGP_03B.20307.20307.3.0.dta,MS_UNDEP_PL_LAC_bRPLC_NGP_03B,20307,3860.14326,3649.62774,1217.2141,3,1,TVLTPATNHMGJVTFTIPANR,"10,Oxidation[M];",2271.15503,6 2 0 0,H(6)N(2),(N(N(H(H(H))(H(H)(H))))),1636,0 1 0 0;0 2 0 0;1 2 0 0;2 2 0 0;3 2 0 0;4 2 0 0;5 2 0 0;,1378.47569,12,69.53116,61.58838,84.28204,7,-0.00298,-0.81552,1.0,0.65,0.0,0,0,434265.1,286229.0,1031657.0,914906.7,0.0,0.0,0,3.0074437194075614e-158,7.490007617763557e-160,-1,0.0,7.490007617763557e-160,sp|P01024|CO3_HUMAN,C3,85,605816000.0,4444690000.0,,,-1.0,-1.0,-1,,0,0,0
MS_UNDEP_PL_LAC_bRPLC_NGP_03B.20387.20387.4.1.dta,MS_UNDEP_PL_LAC_bRPLC_NGP_03B.20387.20387.4.1.dta,MS_UNDEP_PL_LAC_bRPLC_NGP_03B,20387,3873.21582,3649.62947,913.16282,4,1,TVLTPATNHMGJVTFTIPANR,"10,Oxidation[M];",2271.15503,6 2 0 0,H(6)N(2),(N(N(H(H(H))(H(H(H)))))),1628,0 1 0 0;0 2 0 0;1 2 0 0;2 2 0 0;3 2 0 0;4 2 0 0;5 2 0 0;,1378.47569,12,47.4917,44.82245,52.44887,6,-0.00125,-0.34177,0.88889,0.625,0.0,0,0,103516.9,49670.3,138372.4,104015.5,0.0,0.0,0,1.6070202917496715e-97,4.972743640687812e-99,-1,0.0,4.972743640687812e-99,sp|P01024|CO3_HUMAN,C3,85,52155900.0,376252000.0,,,-1.0,-1.0,-1,,0,0,0
MS_UNDEP_PL_LAC_bRPLC_NGP_03B.20404.20404.4.1.dta,MS_UNDEP_PL_LAC_bRPLC_NGP_03B.20404.20404.4.1.dta,MS_UNDEP_PL_LAC_bRPLC_NGP_03B,20404,3875.952,3487.57681,872.64966,4,1,TVLTPATNHMGJVTFTIPANR,"10,Oxidation[M];",2271.15503,5 2 0 0,H(5)N(2),(N(N(H(H(H))(H(H))))),1637,0 1 0 0;1 2 0 0;2 2 0 0;,1216.42286,12,10.81754,13.47236,5.88717,4,-0.00108,-0.30964,0.5,0.325,0.0,0,0,11591.1,9628.4,30534.7,21779.1,0.0,0.0,0,4.717232826033971e-10,3.864006478485985e-12,-1,0.0,3.864006478485985e-12,sp|P01024|CO3_HUMAN,C3,85,8688100.0,56572800.0,,,-1.0,-1.0,-1,,0,0,0
MS_UNDEP_PL_LAC_bRPLC_NGP_03B.20435.20435.3.0.dta,MS_UNDEP_PL_LAC_bRPLC_NGP_03B.20435.20435.3.0.dta,MS_UNDEP_PL_LAC_bRPLC_NGP_03B,20435,3881.0559,3487.57627,1163.19694,3,1,TVLTPATNHMGJVTFTIPANR,"10,Oxidation[M];",2271.15503,5 2 0 0,H(5)N(2),(N(N(H(H)(H(H(H)))))),2249,0 1 0 0;0 2 0 0;1 2 0 0;2 2 0 0;3 2 0 0;4 2 0 0;,1216.42286,12,52.14668,48.58346,58.76408,7,-0.00162,-0.46477,1.0,0.6,0.0,0,0,67901.1,94353.4,331631.9,279007.5,0.0,0.0,0,1.501372104447816e-109,2.0782792837581817e-111,-1,0.0,2.0782792837581817e-111,sp|P01024|CO3_HUMAN,C3,85,137119000.0,912153000.0,,,-1.0,-1.0,-1,,0,0,0
MS_UNDEP_PL_LAC_bRPLC_NGP_03B.20484.20484.3.0.dta,MS_UNDEP_PL_LAC_bRPLC_NGP_03B.20484.20484.3.0.dta,MS_UNDEP_PL_LAC_bRPLC_NGP_03B,20484,3888.93048,3811.68234,1271.2323,3,1,TVLTPATNHMGJVTFTIPANR,"10,Oxidation[M];",2271.15503,7 2 0 0,H(7)N(2),(N(N(H(H(H))(H(H(H(H))))))),1622,0 1 0 0;0 2 0 0;1 2 0 0;2 2 0 0;3 2 0 0;4 2 0 0;5 2 0 0;6 2 0 0;,1540.52851,12,35.57583,18.78727,66.75459,7,-0.0012,-0.31476,1.0,0.375,0.0,0,0,50473.1,28974.2,88393.3,89249.9,0.0,0.0,0,8.016149850626747e-125,1.2881251785453927e-126,-1,0.0,1.2881251785453927e-126,sp|P01024|CO3_HUMAN,C3,85,102789000.0,795158000.0,,,-1.0,-1.0,-1,,0,0,0
MS_UNDEP_PL_LAC_bRPLC_NGP_03B.20499.20499.3.0.dta,MS_UNDEP_PL_LAC_bRPLC_NGP_03B.20499.20499.3.0.dta,MS_UNDEP_PL_LAC_bRPLC_NGP_03B,20499,3891.44466,3649.6284,1217.21432,3,1,TVLTPATNHMGJVTFTIPANR,"10,Oxidation[M];",2271.15503,6 2 0 0,H(6)N(2),(N(N(H(H(H))(H(H)(H))))),1636,0 1 0 0;0 2 0 0;1 2 0 0;2 2 0 0;3 2 0 0;4 2 0 0;5 2 0 0;,1378.47569,12,63.79009,56.66245,77.02713,7,-0.00232,-0.6355,1.0,0.65,0.0,0,0,364057.7,230185.7,895443.6,784039.1,0.0,0.0,0,1.8835358860739932e-144,4.6057285365023095e-146,-1,0.0,4.6057285365023095e-146,sp|P01024|CO3_HUMAN,C3,85,641302000.0,4707540000.0,,,-1.0,-1.0,-1,,0,0,0
MS_UNDEP_PL_LAC_bRPLC_NGP_03B.20580.20580.4.1.dta,MS_UNDEP_PL_LAC_bRPLC_NGP_03B.20580.20580.4.1.dta,MS_UNDEP_PL_LAC_bRPLC_NGP_03B,20580,3904.58178,3649.6298,913.16291,4,1,TVLTPATNHMGJVTFTIPANR,"10,Oxidation[M];",2271.15503,6 2 0 0,H(6)N(2),(N(N(H(H(H))(H(H(H)))))),1628,0 1 0 0;0 2 0 0;1 2 0 0;2 2 0 0;3 2 0 0;4 2 0 0;,1378.47569,12,28.54235,28.17614,29.22247,6,-0.00091,-0.24971,0.77778,0.5,0.0,0,0,49155.7,20789.7,68915.7,42429.0,0.0,0.0,0,2.231258935220356e-53,2.7903479932280178e-55,-1,0.0,2.7903479932280178e-55,sp|P01024|CO3_HUMAN,C3,85,55102400.0,397212000.0,,,-1.0,-1.0,-1,,0,0,0
MS_UNDEP_PL_LAC_bRPLC_NGP_03B.20627.20627.3.0.dta,MS_UNDEP_PL_LAC_bRPLC_NGP_03B.20627.20627.3.0.dta,MS_UNDEP_PL_LAC_bRPLC_NGP_03B,20627,3912.27708,3487.5771,1163.19722,3,1,TVLTPATNHMGJVTFTIPANR,"10,Oxidation[M];",2271.15503,5 2 0 0,H(5)N(2),(N(N(H(H(H))(H(H))))),1637,0 1 0 0;0 2 0 0;1 2 0 0;2 2 0 0;3 2 0 0;4 2 0 0;,1216.42286,12,47.98043,41.97593,59.13164,7,-0.00079,-0.22649,1.0,0.6,0.0,0,0,63565.5,80708.5,268123.1,247828.1,0.0,0.0,0,2.9872426942339184e-110,5.976899721479473e-112,-1,0.0,5.976899721479473e-112,sp|P01024|CO3_HUMAN,C3,85,157648000.0,1053220000.0,,,-1.0,-1.0,-1,,0,0,0
MS_UNDEP_PL_LAC_bRPLC_NGP_03B.20675.20675.3.0.dta,MS_UNDEP_PL_LAC_bRPLC_NGP_03B.20675.20675.3.0.dta,MS_UNDEP_PL_LAC_bRPLC_NGP_03B,20675,3920.0175,3811.68253,1271.23236,3,1,TVLTPATNHMGJVTFTIPANR,"10,Oxidation[M];",2271.15503,7 2 0 0,H(7)N(2),(N(N(H(H(H))(H(H(H(H))))))),1622,0 1 0 0;0 2 0 0;1 2 0 0;2 2 0 0;3 2 0 0;4 2 0 0;5 2 0 0;6 2 0 0;,1540.52851,12,41.68276,28.95484,65.32032,7,-0.00101,-0.26596,1.0,0.475,0.0,0,0,70038.5,42953.1,148660.8,127999.2,0.0,0.0,0,4.450313100332607e-122,8.523262277821826e-124,-1,0.0,8.523262277821826e-124,sp|P01024|CO3_HUMAN,C3,85,53258800.0,411183000.0,,,-1.0,-1.0,-1,,0,0,0
MS_UNDEP_PL_LAC_bRPLC_NGP_03B.20691.20691.3.0.dta,MS_UNDEP_PL_LAC_bRPLC_NGP_03B.20691.20691.3.0.dta,MS_UNDEP_PL_LAC_bRPLC_NGP_03B,20691,3922.68906,3649.62919,1217.21458,3,1,TVLTPATNHMGJVTFTIPANR,"10,Oxidation[M];",2271.15503,6 2 0 0,H(6)N(2),(N(N(H(H(H))(H(H(H)))))),1628,0 1 0 0;0 2 0 0;1 2 0 0;2 2 0 0;3 2 0 0;4 2 0 0;5 2 0 0;,1378.47569,12,63.8597,55.29068,79.77361,7,-0.00152,-0.41685,1.0,0.65,0.0,0,0,321947.3,216979.6,773171.6,684634.5,0.0,0.0,0,1.1087648862755485e-149,1.957806525056241e-151,-1,0.0,1.957806525056241e-151,sp|P01024|CO3_HUMAN,C3,85,673025000.0,4921550000.0,,,-1.0,-1.0,-1,,0,0,0
MS_UNDEP_PL_LAC_bRPLC_NGP_03B.20772.20772.4.1.dta,MS_UNDEP_PL_LAC_bRPLC_NGP_03B.20772.20772.4.1.dta,MS_UNDEP_PL_LAC_bRPLC_NGP_03B,20772,3935.8032,3649.62996,913.16295,4,1,TVLTPATNHMGJVTFTIPANR,"10,Oxidation[M];",2271.15503,6 2 0 0,H(6)N(2),(N(N(H(H(H))(H(H(H)))))),1628,0 1 0 0;0 2 0 0;1 2 0 0;2 2 0 0;3 2 0 0;4 2 0 0;5 2 0 0;,1378.47569,12,25.49354,23.96535,28.33162,6,-0.00076,-0.20806,0.88889,0.425,0.0,0,0,48020.0,19279.1,62370.4,51476.8,0.0,0.0,0,1.0185426554307852e-51,1.1022357039908243e-53,-1,0.0,1.1022357039908243e-53,sp|P01024|CO3_HUMAN,C3,85,51916800.0,376803000.0,,,-1.0,-1.0,-1,,0,0,0
MS_UNDEP_PL_LAC_bRPLC_NGP_03B.20819.20819.3.0.dta,MS_UNDEP_PL_LAC_bRPLC_NGP_03B.20819.20819.3.0.dta,MS_UNDEP_PL_LAC_bRPLC_NGP_03B,20819,3943.47078,3487.57747,1163.19734,3,1,TVLTPATNHMGJVTFTIPANR,"10,Oxidation[M];",2271.15503,5 2 0 0,H(5)N(2),(N(N(H(H)(H(H(H)))))),2249,0 1 0 0;0 2 0 0;1 2 0 0;2 2 0 0;3 2 0 0;4 2 0 0;,1216.42286,12,46.15987,35.79432,65.41019,7,-0.00042,-0.12155,1.0,0.575,0.0,0,0,49066.4,62080.8,201927.3,185420.4,0.0,0.0,0,2.9953125076907623e-122,3.505928395575401e-124,-1,0.0,3.505928395575401e-124,sp|P01024|CO3_HUMAN,C3,85,164251000.0,1099580000.0,,,-1.0,-1.0,-1,,0,0,0
MS_UNDEP_PL_LAC_bRPLC_NGP_03B.20868.20868.3.0.dta,MS_UNDEP_PL_LAC_bRPLC_NGP_03B.20868.20868.3.0.dta,MS_UNDEP_PL_LAC_bRPLC_NGP_03B,20868,3951.32472,3811.68277,1271.23244,3,1,TVLTPATNHMGJVTFTIPANR,"10,Oxidation[M];",2271.15503,7 2 0 0,H(7)N(2),(N(N(H(H(H))(H(H(H(H))))))),1622,0 1 0 0;0 2 0 0;1 2 0 0;2 2 0 0;3 2 0 0;4 2 0 0;5 2 0 0;6 2 0 0;,1540.52851,12,27.73692,15.95843,49.61127,6,-0.00076,-0.20064,0.9,0.375,0.0,0,0,35987.6,29949.5,4169.3,3945.6,0.0,4491.2,0,4.059995757701155e-92,5.549833158931298e-94,-1,0.0,5.549833158931298e-94,sp|P01024|CO3_HUMAN,C3,85,53774300.0,415603000.0,,,-1.0,-1.0,-1,,0,0,0
MS_UNDEP_PL_LAC_bRPLC_NGP_03B.20883.20883.3.0.dta,MS_UNDEP_PL_LAC_bRPLC_NGP_03B.20883.20883.3.0.dta,MS_UNDEP_PL_LAC_bRPLC_NGP_03B,20883,3953.84202,3649.62907,1217.21454,3,1,TVLTPATNHMGJVTFTIPANR,"10,Oxidation[M];",2271.15503,6 2 0 0,H(6)N(2),(N(N(H(H(H))(H(H(H)))))),1628,0 1 0 0;0 2 0 0;1 2 0 0;2 2 0 0;3 2 0 0;4 2 0 0;5 2 0 0;,1378.47569,12,64.65266,57.87772,77.23468,7,-0.00165,-0.45219,1.0,0.675,0.0,0,0,255989.6,195372.5,633972.3,551314.3,0.0,0.0,0,7.575657118849841e-145,1.6890958369642624e-146,-1,0.0,1.6890958369642624e-146,sp|P01024|CO3_HUMAN,C3,85,589077000.0,4294020000.0,,,-1.0,-1.0,-1,,0,0,0
MS_UNDEP_PL_LAC_bRPLC_NGP_03B.20933.20933.5.1.dta,MS_UNDEP_PL_LAC_bRPLC_NGP_03B.20933.20933.5.1.dta,MS_UNDEP_PL_LAC_bRPLC_NGP_03B,20933,3961.8876,4740.05213,948.81625,5,1,VYIHPFHLVIHJESTCEQLAK,"16,Carbamidomethyl[C];",2535.28128,5 4 2 0,H(5)N(4)A(2),(N(N(H(H(N(H(A))))(H(N(H(A))))))),1791,0 1 0 0;0 2 0 0;1 2 0 0;2 2 0 0;3 2 0 0;3 3 0 0;4 3 0 0;4 3 1 0;,2204.77244,12,15.4436,9.3092,26.83606,5,-0.00159,-0.33587,0.47059,0.275,0.0,0,0,0.0,236260.5,219039.3,306792.3,77535.8,219565.4,0,6.226195556105386e-49,8.590460088657996e-51,-1,0.0057803468208092,0.0057803468208092,sp|P01019|ANGT_HUMAN,AGT,38,21797900.0,285037000.0,,,-1.0,-1.0,-1,,0,0,0
MS_UNDEP_PL_LAC_bRPLC_NGP_03B.20963.20963.4.1.dta,MS_UNDEP_PL_LAC_bRPLC_NGP_03B.20963.20963.4.1.dta,MS_UNDEP_PL_LAC_bRPLC_NGP_03B,20963,3966.8241,3649.62991,913.16293,4,1,TVLTPATNHMGJVTFTIPANR,"10,Oxidation[M];",2271.15503,6 2 0 0,H(6)N(2),(N(N(H(H(H))(H(H)(H))))),1636,0 1 0 0;0 2 0 0;1 2 0 0;2 2 0 0;3 2 0 0;4 2 0 0;,1378.47569,12,25.99261,26.888,24.32975,6,-0.0008,-0.22012,0.77778,0.425,0.0,0,0,52331.6,25038.5,57669.6,48717.3,0.0,0.0,0,2.992378147179986e-44,2.0276795893599983e-46,-1,0.0,2.0276795893599983e-46,sp|P01024|CO3_HUMAN,C3,85,44025000.0,320167000.0,,,-1.0,-1.0,-1,,0,0,0
MS_UNDEP_PL_LAC_bRPLC_NGP_03B.21012.21012.3.0.dta,MS_UNDEP_PL_LAC_bRPLC_NGP_03B.21012.21012.3.0.dta,MS_UNDEP_PL_LAC_bRPLC_NGP_03B,21012,3974.7864,3487.57753,1163.19736,3,1,TVLTPATNHMGJVTFTIPANR,"10,Oxidation[M];",2271.15503,5 2 0 0,H(5)N(2),(N(N(H(H)(H(H)(H))))),2257,0 1 0 0;0 2 0 0;1 2 0 0;2 2 0 0;3 2 0 0;4 2 0 0;,1216.42286,12,40.69414,33.86939,53.36869,7,-0.00037,-0.1052,1.0,0.525,0.0,0,0,52085.2,59947.6,197881.8,183333.3,0.0,0.0,0,2.8523015931754744e-99,3.881402731651207e-101,-1,0.0,3.881402731651207e-101,sp|P01024|CO3_HUMAN,C3,85,157016000.0,1054050000.0,,,-1.0,-1.0,-1,,0,0,0
MS_UNDEP_PL_LAC_bRPLC_NGP_03B.21060.21060.3.0.dta,MS_UNDEP_PL_LAC_bRPLC_NGP_03B.21060.21060.3.0.dta,MS_UNDEP_PL_LAC_bRPLC_NGP_03B,21060,3982.51932,3811.68297,1271.23251,3,1,TVLTPATNHMGJVTFTIPANR,"10,Oxidation[M];",2271.15503,7 2 0 0,H(7)N(2),(N(N(H(H(H))(H(H(H(H))))))),1622,0 1 0 0;0 2 0 0;1 2 0 0;2 2 0 0;3 2 0 0;4 2 0 0;5 2 0 0;6 2 0 0;,1540.52851,12,30.3482,20.89601,47.90226,7,-0.00057,-0.14869,1.0,0.425,0.0,0,0,41935.8,26715.9,102999.0,91996.4,0.0,6187.5,0,7.329540659737348e-89,7.795235873741441e-91,-1,0.0,7.795235873741441e-91,sp|P01024|CO3_HUMAN,C3,85,55958800.0,432318000.0,,,-1.0,-1.0,-1,,0,0,0
MS_UNDEP_PL_LAC_bRPLC_NGP_03B.21075.21075.3.0.dta,MS_UNDEP_PL_LAC_bRPLC_NGP_03B.21075.21075.3.0.dta,MS_UNDEP_PL_LAC_bRPLC_NGP_03B,21075,3985.04352,3649.62983,1217.21479,3,1,TVLTPATNHMGJVTFTIPANR,"10,Oxidation[M];",2271.15503,6 2 0 0,H(6)N(2),(N(N(H(H(H))(H(H)(H))))),1636,0 1 0 0;0 2 0 0;1 2 0 0;2 2 0 0;3 2 0 0;4 2 0 0;5 2 0 0;,1378.47569,12,63.58343,56.6832,76.39815,7,-0.00089,-0.24258,1.0,0.675,0.0,0,0,155982.1,112373.2,379279.7,351613.0,0.0,0.0,0,2.9785848502738193e-143,8.494252261223874e-145,-1,0.0,8.494252261223874e-145,sp|P01024|CO3_HUMAN,C3,85,413289000.0,3002800000.0,,,-1.0,-1.0,-1,,0,0,0
MS_UNDEP_PL_LAC_bRPLC_NGP_03B.21107.21107.4.2.dta,MS_UNDEP_PL_LAC_bRPLC_NGP_03B.21107.21107.4.2.dta,MS_UNDEP_PL_LAC_bRPLC_NGP_03B,21107,3990.21948,4740.05354,1185.76884,4,1,VYIHPFHLVIHJESTCEQLAK,"16,Carbamidomethyl[C];",2535.28128,5 4 2 0,H(5)N(4)A(2),(N(N(H(H(N(H(A))))(H(N(H(A))))))),1791,0 1 0 0;0 2 0 0;1 2 0 0;2 2 0 0;2 3 0 0;3 2 0 0;3 3 0 0;3 3 1 0;4 3 0 0;4 3 1 0;4 4 0 0;4 4 1 0;5 4 0 0;5 4 1 0;,2204.77244,12,26.51414,11.21003,54.93607,5,-0.00018,-0.03777,0.82353,0.3,0.0,0,0,0.0,287078.9,300778.6,452120.4,92005.8,228525.1,0,2.9601770213025317e-102,4.1396619804988087e-104,-1,0.0,4.1396619804988087e-104,sp|P01019|ANGT_HUMAN,AGT,38,21859000.0,281720000.0,,,-1.0,-1.0,-1,,0,0,0
MS_UNDEP_PL_LAC_bRPLC_NGP_03B.21123.21123.5.0.dta,MS_UNDEP_PL_LAC_bRPLC_NGP_03B.21123.21123.5.0.dta,MS_UNDEP_PL_LAC_bRPLC_NGP_03B,21123,3992.80818,4740.05258,948.81634,5,1,VYIHPFHLVIHJESTCEQLAK,"16,Carbamidomethyl[C];",2535.28128,5 4 2 0,H(5)N(4)A(2),(N(N(H(H(N(H(A))))(H(N(H(A))))))),1791,0 1 0 0;0 2 0 0;1 2 0 0;2 2 0 0;2 3 0 0;3 2 0 0;3 3 0 0;3 3 1 0;4 3 0 0;4 3 1 0;4 4 0 0;5 4 0 0;5 4 1 0;,2204.77244,12,43.42391,15.70577,94.90044,7,-0.00115,-0.24199,0.88235,0.375,0.0,0,0,0.0,288696.5,293454.9,389934.6,110211.2,312576.2,0,2.2581618365801426e-178,7.861565735415165e-180,-1,0.0,7.861565735415165e-180,sp|P01019|ANGT_HUMAN,AGT,38,21797900.0,285037000.0,,,-1.0,-1.0,-1,,0,0,0
MS_UNDEP_PL_LAC_bRPLC_NGP_03B.21157.21157.4.1.dta,MS_UNDEP_PL_LAC_bRPLC_NGP_03B.21157.21157.4.1.dta,MS_UNDEP_PL_LAC_bRPLC_NGP_03B,21157,3998.3757,3649.62972,913.16289,4,1,TVLTPATNHMGJVTFTIPANR,"10,Oxidation[M];",2271.15503,6 2 0 0,H(6)N(2),(N(N(H(H(H))(H(H(H)))))),1628,0 1 0 0;0 2 0 0;1 2 0 0;2 2 0 0;3 2 0 0;4 2 0 0;,1378.47569,12,19.33996,18.16135,21.52881,6,-0.001,-0.27272,0.77778,0.375,0.0,0,0,24678.9,13783.5,2719.0,30395.2,0.0,0.0,0,5.5160772881291903e-39,7.138700124473461e-41,-1,0.0,7.138700124473461e-41,sp|P01024|CO3_HUMAN,C3,85,31586200.0,227983000.0,,,-1.0,-1.0,-1,,0,0,0
MS_UNDEP_PL_LAC_bRPLC_NGP_03B.21203.21203.3.0.dta,MS_UNDEP_PL_LAC_bRPLC_NGP_03B.21203.21203.3.0.dta,MS_UNDEP_PL_LAC_bRPLC_NGP_03B,21203,4005.88614,3487.57783,1163.19746,3,1,TVLTPATNHMGJVTFTIPANR,"10,Oxidation[M];",2271.15503,5 2 0 0,H(5)N(2),(N(N(H(H(H))(H(H))))),1637,0 1 0 0;0 2 0 0;1 2 0 0;2 2 0 0;3 2 0 0;4 2 0 0;,1216.42286,12,32.83194,23.30289,50.52876,7,-6e-05,-0.01746,1.0,0.425,0.0,0,0,28249.7,43967.2,132328.4,113813.0,0.0,0.0,0,7.265739941744567e-94,8.745765353210241e-96,-1,0.0,8.745765353210241e-96,sp|P01024|CO3_HUMAN,C3,85,141790000.0,946632000.0,,,-1.0,-1.0,-1,,0,0,0
MS_UNDEP_PL_LAC_bRPLC_NGP_03B.21251.21251.3.0.dta,MS_UNDEP_PL_LAC_bRPLC_NGP_03B.21251.21251.3.0.dta,MS_UNDEP_PL_LAC_bRPLC_NGP_03B,21251,4013.71008,3811.68143,1271.23199,3,1,TVLTPATNHMGJVTFTIPANR,"10,Oxidation[M];",2271.15503,7 2 0 0,H(7)N(2),(N(N(H(H(H))(H(H(H(H))))))),1622,0 1 0 0;0 2 0 0;1 2 0 0;2 2 0 0;3 2 0 0;4 2 0 0;5 2 0 0;6 2 0 0;,1540.52851,12,26.21573,17.4051,42.57832,6,-0.00211,-0.55403,0.9,0.375,0.0,0,0,39769.3,29719.7,92331.2,75334.5,0.0,5486.8,0,1.080170910877114e-78,1.4096747350366585e-80,-1,0.0,1.4096747350366585e-80,sp|P01024|CO3_HUMAN,C3,85,53183300.0,412129000.0,,,-1.0,-1.0,-1,,0,0,0
MS_UNDEP_PL_LAC_bRPLC_NGP_03B.21267.21267.3.0.dta,MS_UNDEP_PL_LAC_bRPLC_NGP_03B.21267.21267.3.0.dta,MS_UNDEP_PL_LAC_bRPLC_NGP_03B,21267,4016.27172,3649.62911,1217.21455,3,1,TVLTPATNHMGJVTFTIPANR,"10,Oxidation[M];",2271.15503,6 2 0 0,H(6)N(2),(N(N(H(H(H))(H(H)(H))))),1636,0 1 0 0;0 2 0 0;1 2 0 0;2 2 0 0;3 2 0 0;4 2 0 0;5 2 0 0;,1378.47569,12,76.68053,73.66932,82.27278,7,-0.00161,-0.43986,1.0,0.775,0.0,0,0,178034.0,117796.4,436758.7,361377.9,0.0,0.0,0,1.9649900065102256e-154,8.642437886455471e-156,-1,0.0,8.642437886455471e-156,sp|P01024|CO3_HUMAN,C3,85,345640000.0,2509720000.0,,,-1.0,-1.0,-1,,0,0,0
MS_UNDEP_PL_LAC_bRPLC_NGP_03B.21389.21389.3.0.dta,MS_UNDEP_PL_LAC_bRPLC_NGP_03B.21389.21389.3.0.dta,MS_UNDEP_PL_LAC_bRPLC_NGP_03B,21389,4036.92042,3487.5772,1163.19725,3,1,TVLTPATNHMGJVTFTIPANR,"10,Oxidation[M];",2271.15503,5 2 0 0,H(5)N(2),(N(N(H(H)(H(H)(H))))),2257,0 1 0 0;0 2 0 0;1 2 0 0;2 2 0 0;3 2 0 0;4 2 0 0;,1216.42286,12,24.93593,19.02667,35.91027,7,-0.00069,-0.19897,1.0,0.45,0.0,0,0,27899.2,39953.1,115818.4,108707.4,0.0,7268.8,0,5.99202734604557e-66,3.799353220063763e-68,-1,0.0,3.799353220063763e-68,sp|P01024|CO3_HUMAN,C3,85,117204000.0,785410000.0,,,-1.0,-1.0,-1,,0,0,0
MS_UNDEP_PL_LAC_bRPLC_NGP_03B.21445.21445.3.0.dta,MS_UNDEP_PL_LAC_bRPLC_NGP_03B.21445.21445.3.0.dta,MS_UNDEP_PL_LAC_bRPLC_NGP_03B,21445,4046.06892,3811.68165,1271.23207,3,1,TVLTPATNHMGJVTFTIPANR,"10,Oxidation[M];",2271.15503,7 2 0 0,H(7)N(2),(N(N(H(H(H))(H(H(H(H))))))),1622,0 1 0 0;0 2 0 0;1 2 0 0;3 2 0 0;4 2 0 0;5 2 0 0;6 2 0 0;,1540.52851,12,30.58721,31.96953,28.02006,5,-0.00189,-0.49657,0.8,0.575,0.0,0,0,64187.5,35039.9,131395.2,103026.1,0.0,0.0,0,3.874876715614114e-51,4.321027319117759e-53,-1,0.0,4.321027319117759e-53,sp|P01024|CO3_HUMAN,C3,85,53272600.0,413701000.0,,,-1.0,-1.0,-1,,0,0,0
MS_UNDEP_PL_LAC_bRPLC_NGP_03B.21462.21462.3.0.dta,MS_UNDEP_PL_LAC_bRPLC_NGP_03B.21462.21462.3.0.dta,MS_UNDEP_PL_LAC_bRPLC_NGP_03B,21462,4048.7892,3649.62982,1217.21479,3,1,TVLTPATNHMGJVTFTIPANR,"10,Oxidation[M];",2271.15503,6 2 0 0,H(6)N(2),(N(N(H(H(H))(H(H)(H))))),1636,0 1 0 0;0 2 0 0;1 2 0 0;2 2 0 0;3 2 0 0;4 2 0 0;5 2 0 0;,1378.47569,12,58.08808,49.65496,73.7496,7,-0.00089,-0.24505,1.0,0.625,0.0,0,0,217647.0,135457.0,492178.4,422511.9,0.0,0.0,0,3.372407738326768e-138,9.255200338103551e-140,-1,0.0,9.255200338103551e-140,sp|P01024|CO3_HUMAN,C3,85,233221000.0,1693780000.0,,,-1.0,-1.0,-1,,0,0,0
MS_UNDEP_PL_LAC_bRPLC_NGP_03B.21541.21541.4.1.dta,MS_UNDEP_PL_LAC_bRPLC_NGP_03B.21541.21541.4.1.dta,MS_UNDEP_PL_LAC_bRPLC_NGP_03B,21541,4061.72568,3649.63029,913.16303,4,1,TVLTPATNHMGJVTFTIPANR,"10,Oxidation[M];",2271.15503,6 2 0 0,H(6)N(2),(N(N(H(H(H))(H(H(H)))))),1628,0 1 0 0;0 2 0 0;1 2 0 0;2 2 0 0;3 2 0 0;,1378.47569,12,22.96259,23.80515,21.39784,6,-0.00043,-0.11709,0.66667,0.425,0.0,0,0,42725.9,18328.2,56392.7,46097.4,0.0,0.0,0,9.746514319058317e-39,1.523240333828798e-40,-1,0.0,1.523240333828798e-40,sp|P01024|CO3_HUMAN,C3,85,18973100.0,137133000.0,,,-1.0,-1.0,-1,,0,0,0
MS_UNDEP_PL_LAC_bRPLC_NGP_03B.21589.21589.3.0.dta,MS_UNDEP_PL_LAC_bRPLC_NGP_03B.21589.21589.3.0.dta,MS_UNDEP_PL_LAC_bRPLC_NGP_03B,21589,4069.6401,3487.57827,1163.19761,3,1,TVLTPATNHMGJVTFTIPANR,"10,Oxidation[M];",2271.15503,5 2 0 0,H(5)N(2),(N(N(H(H(H))(H(H))))),1637,0 1 0 0;0 2 0 0;1 2 0 0;2 2 0 0;3 2 0 0;4 2 0 0;,1216.42286,12,32.12252,19.74573,55.10799,7,0.00038,0.10898,1.0,0.375,0.0,0,0,26716.8,39791.1,126346.3,116817.6,0.0,0.0,0,1.393024043853405e-102,1.5336080505902868e-104,-1,0.0,1.5336080505902868e-104,sp|P01024|CO3_HUMAN,C3,85,67268700.0,454323000.0,,,-1.0,-1.0,-1,,0,0,0
MS_UNDEP_PL_LAC_bRPLC_NGP_03B.21637.21637.3.0.dta,MS_UNDEP_PL_LAC_bRPLC_NGP_03B.21637.21637.3.0.dta,MS_UNDEP_PL_LAC_bRPLC_NGP_03B,21637,4077.44184,3811.68289,1271.23248,3,1,TVLTPATNHMGJVTFTIPANR,"10,Oxidation[M];",2271.15503,7 2 0 0,H(7)N(2),(N(N(H(H(H))(H(H(H(H))))))),1622,0 1 0 0;0 2 0 0;1 2 0 0;2 2 0 0;3 2 0 0;4 2 0 0;5 2 0 0;6 2 0 0;,1540.52851,12,43.44214,29.86762,68.65196,7,-0.00065,-0.17073,1.0,0.475,0.0,0,0,58210.2,29878.5,118770.7,98149.7,0.0,0.0,0,1.8765616931321332e-128,6.008455263104387e-130,-1,0.0,6.008455263104387e-130,sp|P01024|CO3_HUMAN,C3,85,46911300.0,361630000.0,,,-1.0,-1.0,-1,,0,0,0
MS_UNDEP_PL_LAC_bRPLC_NGP_03B.21656.21656.3.0.dta,MS_UNDEP_PL_LAC_bRPLC_NGP_03B.21656.21656.3.0.dta,MS_UNDEP_PL_LAC_bRPLC_NGP_03B,21656,4080.55686,3649.63,1217.21485,3,1,TVLTPATNHMGJVTFTIPANR,"10,Oxidation[M];",2271.15503,6 2 0 0,H(6)N(2),(N(N(H(H(H))(H(H)(H))))),1636,0 1 0 0;0 2 0 0;1 2 0 0;2 2 0 0;3 2 0 0;4 2 0 0;5 2 0 0;,1378.47569,12,61.57761,53.5001,76.5787,7,-0.00071,-0.19573,1.0,0.65,0.0,0,0,168478.0,106639.0,399579.0,327581.0,0.0,0.0,0,1.3482688503733934e-143,4.109945704160874e-145,-1,0.0,4.109945704160874e-145,sp|P01024|CO3_HUMAN,C3,85,267574000.0,1940680000.0,,,-1.0,-1.0,-1,,0,0,0
MS_UNDEP_PL_LAC_bRPLC_NGP_03B.21733.21733.4.1.dta,MS_UNDEP_PL_LAC_bRPLC_NGP_03B.21733.21733.4.1.dta,MS_UNDEP_PL_LAC_bRPLC_NGP_03B,21733,4093.16064,3649.62982,913.16291,4,1,TVLTPATNHMGJVTFTIPANR,"10,Oxidation[M];",2271.15503,6 2 0 0,H(6)N(2),(N(N(H(H(H))(H(H(H)))))),1628,0 1 0 0;0 2 0 0;1 2 0 0;2 2 0 0;3 2 0 0;4 2 0 0;,1378.47569,12,27.48488,26.98684,28.4098,6,-0.00089,-0.24423,0.77778,0.425,0.0,0,0,48181.9,19277.2,58165.1,41097.6,0.0,0.0,0,7.28400192273101e-52,5.774855485789092e-54,-1,0.0,5.774855485789092e-54,sp|P01024|CO3_HUMAN,C3,85,9738430.0,156296000.0,,,-1.0,-1.0,-1,,0,0,0
MS_UNDEP_PL_LAC_bRPLC_NGP_03B.21781.21781.3.0.dta,MS_UNDEP_PL_LAC_bRPLC_NGP_03B.21781.21781.3.0.dta,MS_UNDEP_PL_LAC_bRPLC_NGP_03B,21781,4100.9844,3487.57743,1163.19733,3,1,TVLTPATNHMGJVTFTIPANR,"10,Oxidation[M];",2271.15503,5 2 0 0,H(5)N(2),(N(N(H(H)(H(H)(H))))),2257,0 1 0 0;0 2 0 0;1 2 0 0;2 2 0 0;3 2 0 0;4 2 0 0;,1216.42286,12,30.00691,29.48193,30.98187,6,-0.00047,-0.13359,0.875,0.5,0.0,0,0,29823.2,50274.0,134957.3,129730.2,0.0,0.0,0,1.1645161434032152e-56,1.1240531953985069e-58,-1,0.0,1.1240531953985069e-58,sp|P01024|CO3_HUMAN,C3,85,65019900.0,440657000.0,,,-1.0,-1.0,-1,,0,0,0
MS_UNDEP_PL_LAC_bRPLC_NGP_03B.21830.21830.3.0.dta,MS_UNDEP_PL_LAC_bRPLC_NGP_03B.21830.21830.3.0.dta,MS_UNDEP_PL_LAC_bRPLC_NGP_03B,21830,4108.94418,3811.68315,1271.23257,3,1,TVLTPATNHMGJVTFTIPANR,"10,Oxidation[M];",2271.15503,7 2 0 0,H(7)N(2),(N(N(H(H(H))(H(H(H(H))))))),1622,0 1 0 0;0 2 0 0;1 2 0 0;2 2 0 0;3 2 0 0;4 2 0 0;5 2 0 0;6 2 0 0;,1540.52851,12,23.90645,15.56333,39.40081,6,-0.00039,-0.10304,0.9,0.35,0.0,0,0,28228.7,13336.2,50786.0,44563.3,0.0,2920.7,0,1.3036425857354945e-72,1.7393673051109804e-74,-1,0.0,1.7393673051109804e-74,sp|P01024|CO3_HUMAN,C3,85,41123000.0,316372000.0,,,-1.0,-1.0,-1,,0,0,0
MS_UNDEP_PL_LAC_bRPLC_NGP_03B.21845.21845.3.0.dta,MS_UNDEP_PL_LAC_bRPLC_NGP_03B.21845.21845.3.0.dta,MS_UNDEP_PL_LAC_bRPLC_NGP_03B,21845,4111.45692,3649.62916,1217.21457,3,1,TVLTPATNHMGJVTFTIPANR,"10,Oxidation[M];",2271.15503,6 2 0 0,H(6)N(2),(N(N(H(H(H))(H(H)(H))))),1636,0 1 0 0;0 2 0 0;1 2 0 0;2 2 0 0;3 2 0 0;4 2 0 0;5 2 0 0;,1378.47569,12,66.19247,57.92024,81.55519,7,-0.00155,-0.42507,1.0,0.65,0.0,0,0,165858.4,99585.0,398707.2,339534.0,0.0,0.0,0,4.5387487667760494e-153,1.1173859213965792e-154,-1,0.0,1.1173859213965792e-154,sp|P01024|CO3_HUMAN,C3,85,136824000.0,994465000.0,,,-1.0,-1.0,-1,,0,0,0
MS_UNDEP_PL_LAC_bRPLC_NGP_03B.21863.21863.3.0.dta,MS_UNDEP_PL_LAC_bRPLC_NGP_03B.21863.21863.3.0.dta,MS_UNDEP_PL_LAC_bRPLC_NGP_03B,21863,4114.32756,3795.68454,1265.8997,3,1,TVLTPATNHMGJVTFTIPANR,,2255.16011,7 2 0 0,H(7)N(2),(N(N(H(H(H)(H))(H(H(H)))))),1546,0 1 0 0;0 2 0 0;1 2 0 0;2 2 0 0;3 2 0 0;4 2 0 0;5 2 0 0;6 2 0 0;,1540.52851,12,43.89351,30.50306,68.76149,7,-0.00408,-1.07537,1.0,0.475,0.0,0,0,73748.8,37920.3,134690.0,110735.7,0.0,0.0,0,1.1582483602656872e-128,2.3004123307442647e-130,-1,0.0,2.3004123307442647e-130,sp|P01024|CO3_HUMAN,C3,85,168012000.0,1364440000.0,,,-1.0,-1.0,-1,,0,0,0
MS_UNDEP_PL_LAC_bRPLC_NGP_03B.21879.21879.4.1.dta,MS_UNDEP_PL_LAC_bRPLC_NGP_03B.21879.21879.4.1.dta,MS_UNDEP_PL_LAC_bRPLC_NGP_03B,21879,4116.94254,3795.68786,949.67742,4,1,TVLTPATNHMGJVTFTIPANR,,2255.16011,7 2 0 0,H(7)N(2),(N(N(H(H(H)(H))(H(H(H)))))),1546,0 1 0 0;0 2 0 0;1 2 0 0;2 2 0 0;3 2 0 0;4 2 0 0;5 2 0 0;,1540.52851,12,84.31924,84.88213,83.27388,7,-0.00076,-0.20017,0.9,0.8,0.0,0,0,232970.2,75699.3,216344.2,174420.8,0.0,0.0,0,2.465891786756444e-156,5.447484686342622e-158,-1,0.0,5.447484686342622e-158,sp|P01024|CO3_HUMAN,C3,85,19617500.0,151908000.0,,,-1.0,-1.0,-1,,0,0,0
MS_UNDEP_PL_LAC_bRPLC_NGP_03B.21943.21943.3.0.dta,MS_UNDEP_PL_LAC_bRPLC_NGP_03B.21943.21943.3.0.dta,MS_UNDEP_PL_LAC_bRPLC_NGP_03B,21943,4127.35362,3633.63027,1211.88161,3,1,TVLTPATNHMGJVTFTIPANR,,2255.16011,6 2 0 0,H(6)N(2),(N(N(H(H(H))(H(H)(H))))),1636,0 1 0 0;0 2 0 0;1 2 0 0;2 2 0 0;3 2 0 0;4 2 0 0;5 2 0 0;,1378.47569,12,83.58163,82.05905,86.40926,7,-0.00553,-1.52309,1.0,0.75,0.0,0,0,1118676.9,609076.5,2323562.4,2169965.2,0.0,0.0,0,2.773831271242536e-162,8.436714422054952e-164,-1,0.0,8.436714422054952e-164,sp|P01024|CO3_HUMAN,C3,85,1696020000.0,12760700000.0,,,-1.0,-1.0,-1,,0,0,0
MS_UNDEP_PL_LAC_bRPLC_NGP_03B.21944.21944.3.7.dta,MS_UNDEP_PL_LAC_bRPLC_NGP_03B.21944.21944.3.7.dta,MS_UNDEP_PL_LAC_bRPLC_NGP_03B,21944,4127.50866,3715.66364,1239.22606,3,1,TVLTPATNHMGJVTFTIPANR,,2255.16011,4 4 0 0,H(4)N(4),(N(N(H(H(H))(H(N)(N))))),1667,0 1 0 0;0 2 0 0;1 2 0 0;2 2 0 0;3 2 0 0;4 2 0 0;,1460.52878,12,59.40688,60.37153,57.61538,7,-0.02526,-6.79866,0.61538,0.7,0.0,0,0,169800.7,105976.1,339249.1,253595.3,0.0,0.0,0,2.3279635615004206e-107,4.0387243738235035e-109,-1,0.0,4.0387243738235035e-109,sp|P01024|CO3_HUMAN,C3,85,30569600.0,126534000.0,,,-1.0,-1.0,-1,,0,0,0
MS_UNDEP_PL_LAC_bRPLC_NGP_03B.22022.22022.3.0.dta,MS_UNDEP_PL_LAC_bRPLC_NGP_03B.22022.22022.3.0.dta,MS_UNDEP_PL_LAC_bRPLC_NGP_03B,22022,4140.32766,3471.58151,1157.86535,3,1,TVLTPATNHMGJVTFTIPANR,,2255.16011,5 2 0 0,H(5)N(2),(N(N(H(H)(H(H)(H))))),2257,0 1 0 0;0 2 0 0;1 2 0 0;2 2 0 0;3 2 0 0;4 2 0 0;,1216.42286,12,36.58242,26.73475,54.87095,7,-0.00146,-0.42168,1.0,0.45,0.0,0,0,28486.6,23498.5,4899.4,85758.5,0.0,0.0,0,3.9383158679945375e-102,7.55801219820894e-104,-1,0.0,7.55801219820894e-104,sp|P01024|CO3_HUMAN,C3,85,588874000.0,3981540000.0,,,-1.0,-1.0,-1,,0,0,0
MS_UNDEP_PL_LAC_bRPLC_NGP_03B.22030.22030.3.1.dta,MS_UNDEP_PL_LAC_bRPLC_NGP_03B.22030.22030.3.1.dta,MS_UNDEP_PL_LAC_bRPLC_NGP_03B,22030,4141.69956,3649.62869,1217.21441,3,1,TVLTPATNHMGJVTFTIPANR,"10,Oxidation[M];",2271.15503,6 2 0 0,H(6)N(2),(N(N(H(H(H))(H(H)(H))))),1636,0 1 0 0;0 2 0 0;1 2 0 0;2 2 0 0;3 2 0 0;4 2 0 0;5 2 0 0;,1378.47569,12,32.47366,15.85701,63.33317,7,-0.00202,-0.55412,1.0,0.375,0.0,0,0,32439.8,23672.2,4605.9,67069.5,0.0,0.0,0,2.8146212771818232e-118,4.533406253761839e-120,-1,0.0,4.533406253761839e-120,sp|P01024|CO3_HUMAN,C3,85,134766000.0,977590000.0,,,-1.0,-1.0,-1,,0,0,0
MS_UNDEP_PL_LAC_bRPLC_NGP_03B.22054.22054.3.1.dta,MS_UNDEP_PL_LAC_bRPLC_NGP_03B.22054.22054.3.1.dta,MS_UNDEP_PL_LAC_bRPLC_NGP_03B,22054,4145.75562,3795.68727,1265.90061,3,1,TVLTPATNHMGJVTFTIPANR,,2255.16011,7 2 0 0,H(7)N(2),(N(N(H(H(H)(H))(H(H(H)))))),1546,0 1 0 0;0 2 0 0;1 2 0 0;2 2 0 0;3 2 0 0;4 2 0 0;5 2 0 0;6 2 0 0;,1540.52851,12,69.5949,61.42009,84.77668,7,-0.00135,-0.35692,1.0,0.7,0.0,0,0,213107.5,97403.8,357182.8,307062.2,0.0,0.0,0,3.4639997234113616e-159,8.251357013319074e-161,-1,0.0,8.251357013319074e-161,sp|P01024|CO3_HUMAN,C3,85,183825000.0,1482090000.0,,,-1.0,-1.0,-1,,0,0,0
MS_UNDEP_PL_LAC_bRPLC_NGP_03B.22072.22072.4.1.dta,MS_UNDEP_PL_LAC_bRPLC_NGP_03B.22072.22072.4.1.dta,MS_UNDEP_PL_LAC_bRPLC_NGP_03B,22072,4148.69604,3795.68708,949.67723,4,1,TVLTPATNHMGJVTFTIPANR,,2255.16011,7 2 0 0,H(7)N(2),(N(N(H(H(H))(H(H(H(H))))))),1622,0 1 0 0;1 2 0 0;2 2 0 0;3 2 0 0;4 2 0 0;,1540.52851,12,17.96994,19.90753,14.37156,5,-0.00155,-0.40777,0.6,0.375,0.0,0,0,40189.1,11725.5,36717.4,31400.5,0.0,0.0,0,1.5538623115383683e-25,1.9327047941376287e-27,-1,0.0,1.9327047941376287e-27,sp|P01024|CO3_HUMAN,C3,85,21464800.0,165923000.0,,,-1.0,-1.0,-1,,0,0,0
MS_UNDEP_PL_LAC_bRPLC_NGP_03B.22074.22074.2.0.dta,MS_UNDEP_PL_LAC_bRPLC_NGP_03B.22074.22074.2.0.dta,MS_UNDEP_PL_LAC_bRPLC_NGP_03B,22074,4149.0162,3633.64557,1817.32642,2,1,TVLTPATNHMGJVTFTIPANR,,2255.16011,6 2 0 0,H(6)N(2),(N(N(H(H(H))(H(H)(H))))),1636,0 1 0 0;0 2 0 0;1 2 0 0;2 2 0 0;3 2 0 0;4 2 0 0;5 2 0 0;,1378.47569,12,59.79179,63.15495,53.54593,7,0.00977,2.68757,1.0,0.7,0.0,0,0,222558.9,127778.3,862024.4,1195583.0,0.0,0.0,0,1.311650098387252e-99,1.4559824162555494e-101,-1,0.0,1.4559824162555494e-101,sp|P01024|CO3_HUMAN,C3,85,8320570.0,140471000.0,,,-1.0,-1.0,-1,,0,0,0
MS_UNDEP_PL_LAC_bRPLC_NGP_03B.22113.22113.4.1.dta,MS_UNDEP_PL_LAC_bRPLC_NGP_03B.22113.22113.4.1.dta,MS_UNDEP_PL_LAC_bRPLC_NGP_03B,22113,4155.47982,3633.63466,909.16412,4,1,TVLTPATNHMGJVTFTIPANR,,2255.16011,6 2 0 0,H(6)N(2),(N(N(H(H(H))(H(H)(H))))),1636,0 1 0 0;0 2 0 0;1 2 0 0;2 2 0 0;3 2 0 0;4 2 0 0;5 2 0 0;,1378.47569,12,104.3079,114.42831,85.51286,7,-0.00114,-0.31383,1.0,0.85,0.0,0,0,372796.1,160801.6,467043.8,337439.3,0.0,0.0,0,1.3899852878761688e-160,3.8743572662565387e-162,-1,0.0,3.8743572662565387e-162,sp|P01024|CO3_HUMAN,C3,85,163260000.0,1199570000.0,,,-1.0,-1.0,-1,,0,0,0
MS_UNDEP_PL_LAC_bRPLC_NGP_03B.22128.22128.3.0.dta,MS_UNDEP_PL_LAC_bRPLC_NGP_03B.22128.22128.3.0.dta,MS_UNDEP_PL_LAC_bRPLC_NGP_03B,22128,4157.94972,3633.63061,1211.88172,3,1,TVLTPATNHMGJVTFTIPANR,,2255.16011,6 2 0 0,H(6)N(2),(N(N(H(H(H))(H(H)(H))))),1636,0 1 0 0;0 2 0 0;1 2 0 0;2 2 0 0;3 2 0 0;4 2 0 0;5 2 0 0;,1378.47569,12,84.77698,82.76414,88.5151,7,-0.00519,-1.42814,1.0,0.725,0.0,0,0,2414308.7,1497920.4,5196969.9,4727753.4,0.0,0.0,0,2.828923497508156e-166,1.0720731216667384e-167,-1,0.0,1.0720731216667384e-167,sp|P01024|CO3_HUMAN,C3,85,1696020000.0,12760700000.0,,,-1.0,-1.0,-1,,0,0,0
MS_UNDEP_PL_LAC_bRPLC_NGP_03B.22129.22129.3.7.dta,MS_UNDEP_PL_LAC_bRPLC_NGP_03B.22129.22129.3.7.dta,MS_UNDEP_PL_LAC_bRPLC_NGP_03B,22129,4158.10476,3715.66334,1239.22597,3,1,TVLTPATNHMGJVTFTIPANR,,2255.16011,4 4 0 0,H(4)N(4),(N(N(H(H(H))(H(N)(N))))),1667,0 1 0 0;0 2 0 0;1 2 0 0;3 2 0 0;4 2 0 0;,1460.52878,12,19.60722,18.47861,21.70321,6,-0.02556,-6.87779,0.53846,0.425,0.0,0,0,25752.5,19654.4,61606.4,46102.3,0.0,0.0,0,2.5856561116688918e-39,1.516176531043482e-41,-1,0.0,1.516176531043482e-41,sp|P01024|CO3_HUMAN,C3,85,30569600.0,126534000.0,,,-1.0,-1.0,-1,,0,0,0
MS_UNDEP_PL_LAC_bRPLC_NGP_03B.22132.22132.3.7.dta,MS_UNDEP_PL_LAC_bRPLC_NGP_03B.22132.22132.3.7.dta,MS_UNDEP_PL_LAC_bRPLC_NGP_03B,22132,4158.60006,3553.6126,1185.20905,3,1,TVLTPATNHMGJVTFTIPANR,,2255.16011,3 4 0 0,H(3)N(4),(N(N(H(H(N))(H(N))))),2226,0 1 0 0;0 2 0 0;1 2 0 0;2 2 0 0;3 2 0 0;,1298.47596,12,32.81565,26.49942,44.54579,7,-0.02348,-6.60739,0.77778,0.475,0.0,0,0,46870.9,43035.0,134760.5,100176.4,0.0,0.0,0,1.867645812825712e-82,1.603743083920265e-84,-1,0.0,1.603743083920265e-84,sp|P01024|CO3_HUMAN,C3,85,29241500.0,101969000.0,,,-1.0,-1.0,-1,,0,0,0
MS_UNDEP_PL_LAC_bRPLC_NGP_03B.22135.22135.2.0.dta,MS_UNDEP_PL_LAC_bRPLC_NGP_03B.22135.22135.2.0.dta,MS_UNDEP_PL_LAC_bRPLC_NGP_03B,22135,4159.07016,3471.58158,1736.29443,2,1,TVLTPATNHMGJVTFTIPANR,,2255.16011,5 2 0 0,H(5)N(2),(N(N(H(H(H))(H(H))))),1637,0 1 0 0;0 2 0 0;1 2 0 0;4 2 0 0;,1216.42286,12,15.17306,20.90205,4.5335,3,-0.00139,-0.40181,0.5,0.45,0.0,0,0,17530.7,15764.3,95389.7,176583.3,0.0,0.0,0,0.1441703762453981,0.0016635034652106,-1,0.0,0.0016635034652106,sp|P01024|CO3_HUMAN,C3,85,426525.0,5701410.0,,,-1.0,-1.0,-1,,0,0,0
MS_UNDEP_PL_LAC_bRPLC_NGP_03B.22162.22162.3.0.dta,MS_UNDEP_PL_LAC_bRPLC_NGP_03B.22162.22162.3.0.dta,MS_UNDEP_PL_LAC_bRPLC_NGP_03B,22162,4163.56326,3487.5748,1163.19645,3,1,TVLTPATNHMGJVTFTIPANR,"10,Oxidation[M];",2271.15503,5 2 0 0,H(5)N(2),(N(N(H(H)(H(H)(H))))),2257,0 1 0 0;2 2 0 0;3 2 0 0;4 2 0 0;,1216.42286,12,8.86388,11.7978,3.41517,3,-0.00309,-0.8854,0.5,0.325,0.0,0,0,9206.4,10594.8,37571.9,36196.0,0.0,3493.6,0,4.762616792510076e-06,0.0034082288396171,-1,0.0,0.0034082288396171,sp|P01024|CO3_HUMAN,C3,85,36728100.0,247908000.0,,,-1.0,-1.0,-1,,0,0,0
MS_UNDEP_PL_LAC_bRPLC_NGP_03B.22216.22216.3.0.dta,MS_UNDEP_PL_LAC_bRPLC_NGP_03B.22216.22216.3.0.dta,MS_UNDEP_PL_LAC_bRPLC_NGP_03B,22216,4172.53674,3471.58086,1157.86514,3,1,TVLTPATNHMGJVTFTIPANR,,2255.16011,5 2 0 0,H(5)N(2),(N(N(H(H)(H(H)(H))))),2257,0 1 0 0;0 2 0 0;1 2 0 0;2 2 0 0;3 2 0 0;4 2 0 0;,1216.42286,12,78.71703,76.9757,81.95094,7,-0.00211,-0.60921,1.0,0.75,0.0,0,0,342668.9,364086.7,1301278.1,1142882.1,0.0,0.0,0,8.032597173486076e-154,2.9756922238984017e-155,-1,0.0,2.9756922238984017e-155,sp|P01024|CO3_HUMAN,C3,85,597787000.0,4041270000.0,,,-1.0,-1.0,-1,,0,0,0
MS_UNDEP_PL_LAC_bRPLC_NGP_03B.22218.22218.3.2.dta,MS_UNDEP_PL_LAC_bRPLC_NGP_03B.22218.22218.3.2.dta,MS_UNDEP_PL_LAC_bRPLC_NGP_03B,22218,4172.84472,3649.62907,1217.21454,3,1,TVLTPATNHMGJVTFTIPANR,"10,Oxidation[M];",2271.15503,6 2 0 0,H(6)N(2),(N(N(H(H(H))(H(H)(H))))),1636,0 1 0 0;0 2 0 0;1 2 0 0;3 2 0 0;4 2 0 0;5 2 0 0;,1378.47569,12,18.1017,15.44762,23.0307,5,-0.00165,-0.45137,0.77778,0.375,0.0,0,0,29939.0,18123.7,71889.9,67455.3,0.0,0.0,0,8.186838243586366e-42,5.347083063860126e-44,-1,0.0,5.347083063860126e-44,sp|P01024|CO3_HUMAN,C3,85,120814000.0,882164000.0,,,-1.0,-1.0,-1,,0,0,0
MS_UNDEP_PL_LAC_bRPLC_NGP_03B.22252.22252.3.0.dta,MS_UNDEP_PL_LAC_bRPLC_NGP_03B.22252.22252.3.0.dta,MS_UNDEP_PL_LAC_bRPLC_NGP_03B,22252,4178.45664,3795.68736,1265.90064,3,1,TVLTPATNHMGJVTFTIPANR,,2255.16011,7 2 0 0,H(7)N(2),(N(N(H(H(H)(H))(H(H(H)))))),1546,0 1 0 0;0 2 0 0;1 2 0 0;2 2 0 0;3 2 0 0;4 2 0 0;5 2 0 0;6 2 0 0;,1540.52851,12,42.54862,31.15023,63.71706,7,-0.00126,-0.33321,1.0,0.525,0.0,0,0,77270.5,34415.3,126681.7,112977.6,0.0,0.0,0,5.191532207687594e-119,5.922773234604967e-121,-1,0.0,5.922773234604967e-121,sp|P01024|CO3_HUMAN,C3,85,195211000.0,1566750000.0,,,-1.0,-1.0,-1,,0,0,0
MS_UNDEP_PL_LAC_bRPLC_NGP_03B.22286.22286.4.1.dta,MS_UNDEP_PL_LAC_bRPLC_NGP_03B.22286.22286.4.1.dta,MS_UNDEP_PL_LAC_bRPLC_NGP_03B,22286,4183.9572,3471.58204,868.65097,4,1,TVLTPATNHMGJVTFTIPANR,,2255.16011,5 2 0 0,H(5)N(2),(N(N(H(H)(H(H(H)))))),2249,0 1 0 0;0 2 0 0;1 2 0 0;2 2 0 0;3 2 0 0;,1216.42286,12,36.45192,41.35473,27.3467,6,-0.00094,-0.26988,0.75,0.525,0.0,0,0,47313.0,33266.1,118820.0,85620.0,0.0,0.0,0,6.959694922397998e-50,1.0360696217172213e-51,-1,0.0,1.0360696217172213e-51,sp|P01024|CO3_HUMAN,C3,85,38815200.0,261202000.0,,,-1.0,-1.0,-1,,0,0,0
MS_UNDEP_PL_LAC_bRPLC_NGP_03B.22295.22295.4.1.dta,MS_UNDEP_PL_LAC_bRPLC_NGP_03B.22295.22295.4.1.dta,MS_UNDEP_PL_LAC_bRPLC_NGP_03B,22295,4185.65076,3633.63389,909.16393,4,1,TVLTPATNHMGJVTFTIPANR,,2255.16011,6 2 0 0,H(6)N(2),(N(N(H(H(H))(H(H(H)))))),1628,0 1 0 0;0 2 0 0;1 2 0 0;2 2 0 0;3 2 0 0;4 2 0 0;5 2 0 0;,1378.47569,12,82.66306,85.46988,77.4504,7,-0.00191,-0.52519,1.0,0.85,0.0,0,0,153695.8,67286.0,199574.7,156386.0,0.0,0.0,0,2.9400216267920366e-145,4.944591377459696e-147,-1,0.0,4.944591377459696e-147,sp|P01024|CO3_HUMAN,C3,85,163260000.0,1199570000.0,,,-1.0,-1.0,-1,,0,0,0
MS_UNDEP_PL_LAC_bRPLC_NGP_03B.22313.22313.3.0.dta,MS_UNDEP_PL_LAC_bRPLC_NGP_03B.22313.22313.3.0.dta,MS_UNDEP_PL_LAC_bRPLC_NGP_03B,22313,4188.49506,3309.53848,1103.85101,3,1,TVLTPATNHMGJVTFTIPANR,,2255.16011,4 2 0 0,H(4)N(2),(N(N(H(H)(H(H))))),2258,0 1 0 0;0 2 0 0;1 2 0 0;2 2 0 0;3 2 0 0;,1054.37004,12,19.7037,16.37958,25.87708,6,0.00832,2.51531,0.85714,0.375,0.0,0,0,7146.4,10696.4,40410.8,38992.7,0.0,0.0,0,3.82855929458032e-47,2.040852850478109e-49,-1,0.0,2.040852850478109e-49,sp|P01024|CO3_HUMAN,C3,85,10629600.0,65795200.0,,,-1.0,-1.0,-1,,0,0,0
MS_UNDEP_PL_LAC_bRPLC_NGP_03B.22315.22315.3.0.dta,MS_UNDEP_PL_LAC_bRPLC_NGP_03B.22315.22315.3.0.dta,MS_UNDEP_PL_LAC_bRPLC_NGP_03B,22315,4188.90738,3633.63305,1211.88253,3,1,TVLTPATNHMGJVTFTIPANR,,2255.16011,6 2 0 0,H(6)N(2),(N(N(H(H(H))(H(H)(H))))),1636,0 1 0 0;0 2 0 0;1 2 0 0;2 2 0 0;3 2 0 0;4 2 0 0;5 2 0 0;,1378.47569,12,80.58533,79.47909,82.63978,7,-0.00275,-0.75691,1.0,0.75,0.0,0,0,1295103.6,680110.2,2537507.8,2263621.5,0.0,0.0,0,3.946359005223162e-155,1.2416105749105754e-156,-1,0.0,1.2416105749105754e-156,sp|P01024|CO3_HUMAN,C3,85,1696020000.0,12760700000.0,,,-1.0,-1.0,-1,,0,0,0
MS_UNDEP_PL_LAC_bRPLC_NGP_03B.22318.22318.3.7.dta,MS_UNDEP_PL_LAC_bRPLC_NGP_03B.22318.22318.3.7.dta,MS_UNDEP_PL_LAC_bRPLC_NGP_03B,22318,4189.40358,3553.61099,1185.20851,3,1,TVLTPATNHMGJVTFTIPANR,,2255.16011,3 4 0 0,H(3)N(4),(N(N(H(H(N))(H(N))))),2226,0 1 0 0;0 2 0 0;1 2 0 0;2 2 0 0;3 2 0 0;,1298.47596,12,42.53215,39.17589,48.7652,7,-0.02509,-7.05905,0.77778,0.575,0.0,0,0,52638.3,51948.6,146066.5,121450.0,0.0,0.0,0,1.6609723665353742e-90,1.3133902885737683e-92,-1,0.0,1.3133902885737683e-92,sp|P01024|CO3_HUMAN,C3,85,65567200.0,218521000.0,,,-1.0,-1.0,-1,,0,0,0
MS_UNDEP_PL_LAC_bRPLC_NGP_03B.22319.22319.2.0.dta,MS_UNDEP_PL_LAC_bRPLC_NGP_03B.22319.22319.2.0.dta,MS_UNDEP_PL_LAC_bRPLC_NGP_03B,22319,4189.5636,3633.64602,1817.32665,2,1,TVLTPATNHMGJVTFTIPANR,,2255.16011,6 2 0 0,H(6)N(2),(N(N(H(H(H))(H(H(H)))))),1628,0 1 0 0;0 2 0 0;3 2 0 0;4 2 0 0;5 2 0 0;,1378.47569,12,29.76867,34.89282,20.25241,5,0.01022,2.81361,0.77778,0.575,0.0,0,0,57817.3,26996.7,184231.7,368209.5,0.0,0.0,0,1.4272929887585488e-36,8.923192030348083e-39,-1,0.0,8.923192030348083e-39,sp|P01024|CO3_HUMAN,C3,85,9105550.0,152351000.0,,,-1.0,-1.0,-1,,0,0,0
MS_UNDEP_PL_LAC_bRPLC_NGP_03B.22353.22353.2.0.dta,MS_UNDEP_PL_LAC_bRPLC_NGP_03B.22353.22353.2.0.dta,MS_UNDEP_PL_LAC_bRPLC_NGP_03B,22353,4195.14384,3471.58399,1736.29563,2,1,TVLTPATNHMGJVTFTIPANR,,2255.16011,5 2 0 0,H(5)N(2),(N(N(H(H)(H(H)(H))))),2257,0 1 0 0;0 2 0 0;2 2 0 0;4 2 0 0;,1216.42286,12,19.2183,20.27032,17.26454,5,0.00102,0.29298,0.75,0.425,0.0,0,0,21661.8,19747.1,139321.0,240487.8,0.0,0.0,0,6.520210031026144e-31,7.1861028775844e-33,-1,0.0,7.1861028775844e-33,sp|P01024|CO3_HUMAN,C3,85,1762200.0,17758700.0,,,-1.0,-1.0,-1,,0,0,0
MS_UNDEP_PL_LAC_bRPLC_NGP_03B.22413.22413.3.0.dta,MS_UNDEP_PL_LAC_bRPLC_NGP_03B.22413.22413.3.0.dta,MS_UNDEP_PL_LAC_bRPLC_NGP_03B,22413,4204.93434,3471.58055,1157.86503,3,1,TVLTPATNHMGJVTFTIPANR,,2255.16011,5 2 0 0,H(5)N(2),(N(N(H(H)(H(H)(H))))),2257,0 1 0 0;0 2 0 0;1 2 0 0;2 2 0 0;3 2 0 0;4 2 0 0;,1216.42286,12,87.87957,92.90555,78.54559,7,-0.00243,-0.69908,1.0,0.8,0.0,0,0,444390.7,454030.7,1633980.2,1420261.0,0.0,0.0,0,2.4112788618309466e-147,5.319190379898228e-149,-1,0.0,5.319190379898228e-149,sp|P01024|CO3_HUMAN,C3,85,597787000.0,4041270000.0,,,-1.0,-1.0,-1,,0,0,0
MS_UNDEP_PL_LAC_bRPLC_NGP_03B.22418.22418.3.1.dta,MS_UNDEP_PL_LAC_bRPLC_NGP_03B.22418.22418.3.1.dta,MS_UNDEP_PL_LAC_bRPLC_NGP_03B,22418,4205.69766,3649.62953,1217.21469,3,1,TVLTPATNHMGJVTFTIPANR,"10,Oxidation[M];",2271.15503,6 2 0 0,H(6)N(2),(N(N(H(H(H))(H(H(H)))))),1628,0 1 0 0;1 2 0 0;2 2 0 0;3 2 0 0;4 2 0 0;5 2 0 0;,1378.47569,12,13.56831,16.24343,8.60022,4,-0.00118,-0.32396,0.66667,0.425,0.0,0,0,25496.7,18931.0,64006.0,3472.5,0.0,4530.3,0,4.05349198156934e-15,6.178129954598207e-17,-1,0.0,6.178129954598207e-17,sp|P01024|CO3_HUMAN,C3,85,20664200.0,151636000.0,,,-1.0,-1.0,-1,,0,0,0
MS_UNDEP_PL_LAC_bRPLC_NGP_03B.22445.22445.3.0.dta,MS_UNDEP_PL_LAC_bRPLC_NGP_03B.22445.22445.3.0.dta,MS_UNDEP_PL_LAC_bRPLC_NGP_03B,22445,4210.16394,3795.68781,1265.90079,3,1,TVLTPATNHMGJVTFTIPANR,,2255.16011,7 2 0 0,H(7)N(2),(N(N(H(H(H))(H(H(H(H))))))),1622,0 1 0 0;0 2 0 0;1 2 0 0;2 2 0 0;3 2 0 0;4 2 0 0;5 2 0 0;6 2 0 0;,1540.52851,12,23.83526,16.94489,36.63164,6,-0.00081,-0.21387,0.9,0.375,0.0,0,0,36032.5,18021.6,66318.9,63995.8,0.0,0.0,0,2.538737267955104e-67,1.688447969875845e-69,-1,0.0,1.688447969875845e-69,sp|P01024|CO3_HUMAN,C3,85,207726000.0,1664710000.0,,,-1.0,-1.0,-1,,0,0,0
